# nThread 1 nGpus 1 minBytes 268435456 maxBytes 268435456 step: 2(factor) warmup iters: 1 iters: 10 agg iters: 1 validation: 1 graph: 0
#
# Using devices
#  Rank  0 Group  0 Pid  87139 on  x08j03289 device  0 [0x13] NVIDIA A100-SXM4-80GB
#  Rank  1 Group  0 Pid  87140 on  x08j03289 device  1 [0x19] NVIDIA A100-SXM4-80GB
#  Rank  2 Group  0 Pid  87141 on  x08j03289 device  2 [0x48] NVIDIA A100-SXM4-80GB
#  Rank  3 Group  0 Pid  87142 on  x08j03289 device  3 [0x4d] NVIDIA A100-SXM4-80GB
#  Rank  4 Group  0 Pid  87143 on  x08j03289 device  4 [0x89] NVIDIA A100-SXM4-80GB
#  Rank  5 Group  0 Pid  87144 on  x08j03289 device  5 [0x8e] NVIDIA A100-SXM4-80GB
#  Rank  6 Group  0 Pid  87146 on  x08j03289 device  6 [0xad] NVIDIA A100-SXM4-80GB
#  Rank  7 Group  0 Pid  87148 on  x08j03289 device  7 [0xb3] NVIDIA A100-SXM4-80GB
#  Rank  8 Group  0 Pid  58209 on  x08j03290 device  0 [0x13] NVIDIA A100-SXM4-80GB
#  Rank  9 Group  0 Pid  58212 on  x08j03290 device  1 [0x19] NVIDIA A100-SXM4-80GB
#  Rank 10 Group  0 Pid  58213 on  x08j03290 device  2 [0x48] NVIDIA A100-SXM4-80GB
#  Rank 11 Group  0 Pid  58214 on  x08j03290 device  3 [0x4d] NVIDIA A100-SXM4-80GB
#  Rank 12 Group  0 Pid  58215 on  x08j03290 device  4 [0x89] NVIDIA A100-SXM4-80GB
#  Rank 13 Group  0 Pid  58217 on  x08j03290 device  5 [0x8e] NVIDIA A100-SXM4-80GB
#  Rank 14 Group  0 Pid  58219 on  x08j03290 device  6 [0xad] NVIDIA A100-SXM4-80GB
#  Rank 15 Group  0 Pid  58223 on  x08j03290 device  7 [0xb3] NVIDIA A100-SXM4-80GB
x08j03290:58217:58217 [5] NCCL INFO cudaDriverVersion 12020
x08j03290:58214:58214 [3] NCCL INFO cudaDriverVersion 12020
x08j03290:58209:58209 [0] NCCL INFO cudaDriverVersion 12020
x08j03289:87146:87146 [6] NCCL INFO cudaDriverVersion 12020
x08j03289:87140:87140 [1] NCCL INFO cudaDriverVersion 12020
x08j03290:58223:58223 [7] NCCL INFO cudaDriverVersion 12020
x08j03289:87142:87142 [3] NCCL INFO cudaDriverVersion 12020
x08j03289:87139:87139 [0] NCCL INFO cudaDriverVersion 12020
x08j03290:58217:58217 [5] NCCL INFO NCCL version 2.24.3+cuda12.2
x08j03290:58214:58214 [3] NCCL INFO NCCL version 2.24.3+cuda12.2
x08j03290:58209:58209 [0] NCCL INFO NCCL version 2.24.3+cuda12.2
x08j03289:87140:87140 [1] NCCL INFO NCCL version 2.24.3+cuda12.2
x08j03289:87143:87143 [4] NCCL INFO cudaDriverVersion 12020
x08j03290:58215:58215 [4] NCCL INFO cudaDriverVersion 12020
x08j03289:87146:87146 [6] NCCL INFO NCCL version 2.24.3+cuda12.2
x08j03290:58219:58219 [6] NCCL INFO cudaDriverVersion 12020
x08j03290:58212:58212 [1] NCCL INFO cudaDriverVersion 12020
x08j03290:58223:58223 [7] NCCL INFO NCCL version 2.24.3+cuda12.2
x08j03290:58213:58213 [2] NCCL INFO cudaDriverVersion 12020
x08j03289:87148:87148 [7] NCCL INFO cudaDriverVersion 12020
x08j03289:87142:87142 [3] NCCL INFO NCCL version 2.24.3+cuda12.2
x08j03289:87139:87139 [0] NCCL INFO NCCL version 2.24.3+cuda12.2
x08j03289:87143:87143 [4] NCCL INFO NCCL version 2.24.3+cuda12.2
x08j03289:87148:87148 [7] NCCL INFO NCCL version 2.24.3+cuda12.2
x08j03289:87141:87141 [2] NCCL INFO cudaDriverVersion 12020
x08j03289:87144:87144 [5] NCCL INFO cudaDriverVersion 12020
x08j03290:58215:58215 [4] NCCL INFO NCCL version 2.24.3+cuda12.2
x08j03290:58213:58213 [2] NCCL INFO NCCL version 2.24.3+cuda12.2
x08j03290:58212:58212 [1] NCCL INFO NCCL version 2.24.3+cuda12.2
x08j03289:87141:87141 [2] NCCL INFO NCCL version 2.24.3+cuda12.2
x08j03289:87144:87144 [5] NCCL INFO NCCL version 2.24.3+cuda12.2
x08j03290:58219:58219 [6] NCCL INFO NCCL version 2.24.3+cuda12.2
x08j03289:87140:89008 [1] NCCL INFO NET/Plugin: Could not find: libnccl-net.so. Using internal network plugin.
x08j03289:87140:89008 [1] NCCL INFO NCCL_IB_HCA set to mlx5_bond
x08j03289:87146:89012 [6] NCCL INFO NET/Plugin: Could not find: libnccl-net.so. Using internal network plugin.
x08j03289:87146:89012 [6] NCCL INFO NCCL_IB_HCA set to mlx5_bond
x08j03289:87146:89012 [6] NCCL INFO NET/IB : Made virtual device [0] name=mlx5_bond_0 speed=100000 ndevs=1
x08j03289:87146:89012 [6] NCCL INFO NET/IB : Made virtual device [1] name=mlx5_bond_1 speed=100000 ndevs=1
x08j03289:87146:89012 [6] NCCL INFO NET/IB : Made virtual device [2] name=mlx5_bond_2 speed=100000 ndevs=1
x08j03289:87140:89008 [1] NCCL INFO NET/IB : Made virtual device [0] name=mlx5_bond_0 speed=100000 ndevs=1
x08j03289:87146:89012 [6] NCCL INFO NET/IB : Made virtual device [3] name=mlx5_bond_3 speed=100000 ndevs=1
x08j03289:87140:89008 [1] NCCL INFO NET/IB : Made virtual device [1] name=mlx5_bond_1 speed=100000 ndevs=1
x08j03289:87140:89008 [1] NCCL INFO NET/IB : Made virtual device [2] name=mlx5_bond_2 speed=100000 ndevs=1
x08j03289:87146:89012 [6] NCCL INFO NET/IB : Made virtual device [4] name=mlx5_bond_4 speed=100000 ndevs=1
x08j03289:87146:89012 [6] NCCL INFO NET/IB : Using [0]mlx5_bond_0:1/RoCE [1]mlx5_bond_1:1/RoCE [2]mlx5_bond_2:1/RoCE [3]mlx5_bond_3:1/RoCE [4]mlx5_bond_4:1/RoCE [RO]; OOB bond0:33.254.158.131<0>
x08j03289:87146:89012 [6] NCCL INFO Using network IB
x08j03289:87140:89008 [1] NCCL INFO NET/IB : Made virtual device [3] name=mlx5_bond_3 speed=100000 ndevs=1
x08j03289:87142:89027 [3] NCCL INFO NET/Plugin: Could not find: libnccl-net.so. Using internal network plugin.
x08j03289:87142:89027 [3] NCCL INFO NCCL_IB_HCA set to mlx5_bond
x08j03289:87140:89008 [1] NCCL INFO NET/IB : Made virtual device [4] name=mlx5_bond_4 speed=100000 ndevs=1
x08j03289:87140:89008 [1] NCCL INFO NET/IB : Using [0]mlx5_bond_0:1/RoCE [1]mlx5_bond_1:1/RoCE [2]mlx5_bond_2:1/RoCE [3]mlx5_bond_3:1/RoCE [4]mlx5_bond_4:1/RoCE [RO]; OOB bond0:33.254.158.131<0>
x08j03289:87140:89008 [1] NCCL INFO Using network IB
x08j03289:87142:89027 [3] NCCL INFO NET/IB : Made virtual device [0] name=mlx5_bond_0 speed=100000 ndevs=1
x08j03289:87142:89027 [3] NCCL INFO NET/IB : Made virtual device [1] name=mlx5_bond_1 speed=100000 ndevs=1
x08j03290:58214:60216 [3] NCCL INFO NET/Plugin: Could not find: libnccl-net.so. Using internal network plugin.
x08j03289:87142:89027 [3] NCCL INFO NET/IB : Made virtual device [2] name=mlx5_bond_2 speed=100000 ndevs=1
x08j03290:58214:60216 [3] NCCL INFO NCCL_IB_HCA set to mlx5_bond
x08j03289:87142:89027 [3] NCCL INFO NET/IB : Made virtual device [3] name=mlx5_bond_3 speed=100000 ndevs=1
x08j03290:58214:60216 [3] NCCL INFO NET/IB : Made virtual device [0] name=mlx5_bond_0 speed=100000 ndevs=1
x08j03290:58217:60215 [5] NCCL INFO NET/Plugin: Could not find: libnccl-net.so. Using internal network plugin.
x08j03290:58217:60215 [5] NCCL INFO NCCL_IB_HCA set to mlx5_bond
x08j03289:87142:89027 [3] NCCL INFO NET/IB : Made virtual device [4] name=mlx5_bond_4 speed=100000 ndevs=1
x08j03289:87142:89027 [3] NCCL INFO NET/IB : Using [0]mlx5_bond_0:1/RoCE [1]mlx5_bond_1:1/RoCE [2]mlx5_bond_2:1/RoCE [3]mlx5_bond_3:1/RoCE [4]mlx5_bond_4:1/RoCE [RO]; OOB bond0:33.254.158.131<0>
x08j03289:87139:89038 [0] NCCL INFO NET/Plugin: Could not find: libnccl-net.so. Using internal network plugin.
x08j03289:87142:89027 [3] NCCL INFO Using network IB
x08j03289:87139:89038 [0] NCCL INFO NCCL_IB_HCA set to mlx5_bond
x08j03290:58214:60216 [3] NCCL INFO NET/IB : Made virtual device [1] name=mlx5_bond_1 speed=100000 ndevs=1
x08j03290:58217:60215 [5] NCCL INFO NET/IB : Made virtual device [0] name=mlx5_bond_0 speed=100000 ndevs=1
x08j03289:87139:89038 [0] NCCL INFO NET/IB : Made virtual device [0] name=mlx5_bond_0 speed=100000 ndevs=1
x08j03290:58214:60216 [3] NCCL INFO NET/IB : Made virtual device [2] name=mlx5_bond_2 speed=100000 ndevs=1
x08j03290:58217:60215 [5] NCCL INFO NET/IB : Made virtual device [1] name=mlx5_bond_1 speed=100000 ndevs=1
x08j03289:87139:89038 [0] NCCL INFO NET/IB : Made virtual device [1] name=mlx5_bond_1 speed=100000 ndevs=1
x08j03290:58214:60216 [3] NCCL INFO NET/IB : Made virtual device [3] name=mlx5_bond_3 speed=100000 ndevs=1
x08j03290:58217:60215 [5] NCCL INFO NET/IB : Made virtual device [2] name=mlx5_bond_2 speed=100000 ndevs=1
x08j03289:87139:89038 [0] NCCL INFO NET/IB : Made virtual device [2] name=mlx5_bond_2 speed=100000 ndevs=1
x08j03290:58214:60216 [3] NCCL INFO NET/IB : Made virtual device [4] name=mlx5_bond_4 speed=100000 ndevs=1
x08j03290:58214:60216 [3] NCCL INFO NET/IB : Using [0]mlx5_bond_0:1/RoCE [1]mlx5_bond_1:1/RoCE [2]mlx5_bond_2:1/RoCE [3]mlx5_bond_3:1/RoCE [4]mlx5_bond_4:1/RoCE [RO]; OOB bond0:33.254.158.132<0>
x08j03290:58214:60216 [3] NCCL INFO Using network IB
x08j03290:58217:60215 [5] NCCL INFO NET/IB : Made virtual device [3] name=mlx5_bond_3 speed=100000 ndevs=1
x08j03289:87139:89038 [0] NCCL INFO NET/IB : Made virtual device [3] name=mlx5_bond_3 speed=100000 ndevs=1
x08j03290:58217:60215 [5] NCCL INFO NET/IB : Made virtual device [4] name=mlx5_bond_4 speed=100000 ndevs=1
x08j03290:58217:60215 [5] NCCL INFO NET/IB : Using [0]mlx5_bond_0:1/RoCE [1]mlx5_bond_1:1/RoCE [2]mlx5_bond_2:1/RoCE [3]mlx5_bond_3:1/RoCE [4]mlx5_bond_4:1/RoCE [RO]; OOB bond0:33.254.158.132<0>
x08j03290:58217:60215 [5] NCCL INFO Using network IB
x08j03289:87139:89038 [0] NCCL INFO NET/IB : Made virtual device [4] name=mlx5_bond_4 speed=100000 ndevs=1
x08j03289:87139:89038 [0] NCCL INFO NET/IB : Using [0]mlx5_bond_0:1/RoCE [1]mlx5_bond_1:1/RoCE [2]mlx5_bond_2:1/RoCE [3]mlx5_bond_3:1/RoCE [4]mlx5_bond_4:1/RoCE [RO]; OOB bond0:33.254.158.131<0>
x08j03289:87139:89038 [0] NCCL INFO Using network IB
x08j03289:87143:89046 [4] NCCL INFO NET/Plugin: Could not find: libnccl-net.so. Using internal network plugin.
x08j03289:87143:89046 [4] NCCL INFO NCCL_IB_HCA set to mlx5_bond
x08j03290:58209:60217 [0] NCCL INFO NET/Plugin: Could not find: libnccl-net.so. Using internal network plugin.
x08j03290:58209:60217 [0] NCCL INFO NCCL_IB_HCA set to mlx5_bond
x08j03289:87143:89046 [4] NCCL INFO NET/IB : Made virtual device [0] name=mlx5_bond_0 speed=100000 ndevs=1
x08j03290:58209:60217 [0] NCCL INFO NET/IB : Made virtual device [0] name=mlx5_bond_0 speed=100000 ndevs=1
x08j03289:87148:89061 [7] NCCL INFO NET/Plugin: Could not find: libnccl-net.so. Using internal network plugin.
x08j03289:87143:89046 [4] NCCL INFO NET/IB : Made virtual device [1] name=mlx5_bond_1 speed=100000 ndevs=1
x08j03289:87148:89061 [7] NCCL INFO NCCL_IB_HCA set to mlx5_bond
x08j03290:58209:60217 [0] NCCL INFO NET/IB : Made virtual device [1] name=mlx5_bond_1 speed=100000 ndevs=1
x08j03289:87143:89046 [4] NCCL INFO NET/IB : Made virtual device [2] name=mlx5_bond_2 speed=100000 ndevs=1
x08j03289:87148:89061 [7] NCCL INFO NET/IB : Made virtual device [0] name=mlx5_bond_0 speed=100000 ndevs=1
x08j03290:58209:60217 [0] NCCL INFO NET/IB : Made virtual device [2] name=mlx5_bond_2 speed=100000 ndevs=1
x08j03289:87143:89046 [4] NCCL INFO NET/IB : Made virtual device [3] name=mlx5_bond_3 speed=100000 ndevs=1
x08j03289:87148:89061 [7] NCCL INFO NET/IB : Made virtual device [1] name=mlx5_bond_1 speed=100000 ndevs=1
x08j03290:58209:60217 [0] NCCL INFO NET/IB : Made virtual device [3] name=mlx5_bond_3 speed=100000 ndevs=1
x08j03289:87143:89046 [4] NCCL INFO NET/IB : Made virtual device [4] name=mlx5_bond_4 speed=100000 ndevs=1
x08j03289:87143:89046 [4] NCCL INFO NET/IB : Using [0]mlx5_bond_0:1/RoCE [1]mlx5_bond_1:1/RoCE [2]mlx5_bond_2:1/RoCE [3]mlx5_bond_3:1/RoCE [4]mlx5_bond_4:1/RoCE [RO]; OOB bond0:33.254.158.131<0>
x08j03289:87143:89046 [4] NCCL INFO Using network IB
x08j03289:87148:89061 [7] NCCL INFO NET/IB : Made virtual device [2] name=mlx5_bond_2 speed=100000 ndevs=1
x08j03290:58209:60217 [0] NCCL INFO NET/IB : Made virtual device [4] name=mlx5_bond_4 speed=100000 ndevs=1
x08j03290:58209:60217 [0] NCCL INFO NET/IB : Using [0]mlx5_bond_0:1/RoCE [1]mlx5_bond_1:1/RoCE [2]mlx5_bond_2:1/RoCE [3]mlx5_bond_3:1/RoCE [4]mlx5_bond_4:1/RoCE [RO]; OOB bond0:33.254.158.132<0>
x08j03290:58209:60217 [0] NCCL INFO Using network IB
x08j03289:87148:89061 [7] NCCL INFO NET/IB : Made virtual device [3] name=mlx5_bond_3 speed=100000 ndevs=1
x08j03290:58223:60225 [7] NCCL INFO NET/Plugin: Could not find: libnccl-net.so. Using internal network plugin.
x08j03289:87148:89061 [7] NCCL INFO NET/IB : Made virtual device [4] name=mlx5_bond_4 speed=100000 ndevs=1
x08j03289:87148:89061 [7] NCCL INFO NET/IB : Using [0]mlx5_bond_0:1/RoCE [1]mlx5_bond_1:1/RoCE [2]mlx5_bond_2:1/RoCE [3]mlx5_bond_3:1/RoCE [4]mlx5_bond_4:1/RoCE [RO]; OOB bond0:33.254.158.131<0>
x08j03290:58223:60225 [7] NCCL INFO NCCL_IB_HCA set to mlx5_bond
x08j03289:87148:89061 [7] NCCL INFO Using network IB
x08j03290:58223:60225 [7] NCCL INFO NET/IB : Made virtual device [0] name=mlx5_bond_0 speed=100000 ndevs=1
x08j03290:58223:60225 [7] NCCL INFO NET/IB : Made virtual device [1] name=mlx5_bond_1 speed=100000 ndevs=1
x08j03290:58223:60225 [7] NCCL INFO NET/IB : Made virtual device [2] name=mlx5_bond_2 speed=100000 ndevs=1
x08j03290:58223:60225 [7] NCCL INFO NET/IB : Made virtual device [3] name=mlx5_bond_3 speed=100000 ndevs=1
x08j03290:58223:60225 [7] NCCL INFO NET/IB : Made virtual device [4] name=mlx5_bond_4 speed=100000 ndevs=1
x08j03290:58223:60225 [7] NCCL INFO NET/IB : Using [0]mlx5_bond_0:1/RoCE [1]mlx5_bond_1:1/RoCE [2]mlx5_bond_2:1/RoCE [3]mlx5_bond_3:1/RoCE [4]mlx5_bond_4:1/RoCE [RO]; OOB bond0:33.254.158.132<0>
x08j03290:58223:60225 [7] NCCL INFO Using network IB
x08j03290:58215:60303 [4] NCCL INFO NET/Plugin: Could not find: libnccl-net.so. Using internal network plugin.
x08j03290:58215:60303 [4] NCCL INFO NCCL_IB_HCA set to mlx5_bond
x08j03290:58215:60303 [4] NCCL INFO NET/IB : Made virtual device [0] name=mlx5_bond_0 speed=100000 ndevs=1
x08j03290:58215:60303 [4] NCCL INFO NET/IB : Made virtual device [1] name=mlx5_bond_1 speed=100000 ndevs=1
x08j03290:58215:60303 [4] NCCL INFO NET/IB : Made virtual device [2] name=mlx5_bond_2 speed=100000 ndevs=1
x08j03290:58215:60303 [4] NCCL INFO NET/IB : Made virtual device [3] name=mlx5_bond_3 speed=100000 ndevs=1
x08j03290:58215:60303 [4] NCCL INFO NET/IB : Made virtual device [4] name=mlx5_bond_4 speed=100000 ndevs=1
x08j03290:58215:60303 [4] NCCL INFO NET/IB : Using [0]mlx5_bond_0:1/RoCE [1]mlx5_bond_1:1/RoCE [2]mlx5_bond_2:1/RoCE [3]mlx5_bond_3:1/RoCE [4]mlx5_bond_4:1/RoCE [RO]; OOB bond0:33.254.158.132<0>
x08j03290:58215:60303 [4] NCCL INFO Using network IB
x08j03290:58213:60304 [2] NCCL INFO NET/Plugin: Could not find: libnccl-net.so. Using internal network plugin.
x08j03290:58213:60304 [2] NCCL INFO NCCL_IB_HCA set to mlx5_bond
x08j03290:58213:60304 [2] NCCL INFO NET/IB : Made virtual device [0] name=mlx5_bond_0 speed=100000 ndevs=1
x08j03290:58213:60304 [2] NCCL INFO NET/IB : Made virtual device [1] name=mlx5_bond_1 speed=100000 ndevs=1
x08j03290:58213:60304 [2] NCCL INFO NET/IB : Made virtual device [2] name=mlx5_bond_2 speed=100000 ndevs=1
x08j03290:58213:60304 [2] NCCL INFO NET/IB : Made virtual device [3] name=mlx5_bond_3 speed=100000 ndevs=1
x08j03290:58213:60304 [2] NCCL INFO NET/IB : Made virtual device [4] name=mlx5_bond_4 speed=100000 ndevs=1
x08j03290:58213:60304 [2] NCCL INFO NET/IB : Using [0]mlx5_bond_0:1/RoCE [1]mlx5_bond_1:1/RoCE [2]mlx5_bond_2:1/RoCE [3]mlx5_bond_3:1/RoCE [4]mlx5_bond_4:1/RoCE [RO]; OOB bond0:33.254.158.132<0>
x08j03290:58213:60304 [2] NCCL INFO Using network IB
x08j03290:58212:60305 [1] NCCL INFO NET/Plugin: Could not find: libnccl-net.so. Using internal network plugin.
x08j03290:58212:60305 [1] NCCL INFO NCCL_IB_HCA set to mlx5_bond
x08j03290:58212:60305 [1] NCCL INFO NET/IB : Made virtual device [0] name=mlx5_bond_0 speed=100000 ndevs=1
x08j03289:87141:89163 [2] NCCL INFO NET/Plugin: Could not find: libnccl-net.so. Using internal network plugin.
x08j03290:58219:60306 [6] NCCL INFO NET/Plugin: Could not find: libnccl-net.so. Using internal network plugin.
x08j03289:87141:89163 [2] NCCL INFO NCCL_IB_HCA set to mlx5_bond
x08j03290:58219:60306 [6] NCCL INFO NCCL_IB_HCA set to mlx5_bond
x08j03290:58212:60305 [1] NCCL INFO NET/IB : Made virtual device [1] name=mlx5_bond_1 speed=100000 ndevs=1
x08j03290:58219:60306 [6] NCCL INFO NET/IB : Made virtual device [0] name=mlx5_bond_0 speed=100000 ndevs=1
x08j03289:87141:89163 [2] NCCL INFO NET/IB : Made virtual device [0] name=mlx5_bond_0 speed=100000 ndevs=1
x08j03290:58212:60305 [1] NCCL INFO NET/IB : Made virtual device [2] name=mlx5_bond_2 speed=100000 ndevs=1
x08j03290:58219:60306 [6] NCCL INFO NET/IB : Made virtual device [1] name=mlx5_bond_1 speed=100000 ndevs=1
x08j03289:87141:89163 [2] NCCL INFO NET/IB : Made virtual device [1] name=mlx5_bond_1 speed=100000 ndevs=1
x08j03290:58212:60305 [1] NCCL INFO NET/IB : Made virtual device [3] name=mlx5_bond_3 speed=100000 ndevs=1
x08j03290:58219:60306 [6] NCCL INFO NET/IB : Made virtual device [2] name=mlx5_bond_2 speed=100000 ndevs=1
x08j03289:87141:89163 [2] NCCL INFO NET/IB : Made virtual device [2] name=mlx5_bond_2 speed=100000 ndevs=1
x08j03290:58212:60305 [1] NCCL INFO NET/IB : Made virtual device [4] name=mlx5_bond_4 speed=100000 ndevs=1
x08j03290:58212:60305 [1] NCCL INFO NET/IB : Using [0]mlx5_bond_0:1/RoCE [1]mlx5_bond_1:1/RoCE [2]mlx5_bond_2:1/RoCE [3]mlx5_bond_3:1/RoCE [4]mlx5_bond_4:1/RoCE [RO]; OOB bond0:33.254.158.132<0>
x08j03290:58212:60305 [1] NCCL INFO Using network IB
x08j03290:58219:60306 [6] NCCL INFO NET/IB : Made virtual device [3] name=mlx5_bond_3 speed=100000 ndevs=1
x08j03289:87141:89163 [2] NCCL INFO NET/IB : Made virtual device [3] name=mlx5_bond_3 speed=100000 ndevs=1
x08j03289:87144:89164 [5] NCCL INFO NET/Plugin: Could not find: libnccl-net.so. Using internal network plugin.
x08j03289:87144:89164 [5] NCCL INFO NCCL_IB_HCA set to mlx5_bond
x08j03290:58219:60306 [6] NCCL INFO NET/IB : Made virtual device [4] name=mlx5_bond_4 speed=100000 ndevs=1
x08j03290:58219:60306 [6] NCCL INFO NET/IB : Using [0]mlx5_bond_0:1/RoCE [1]mlx5_bond_1:1/RoCE [2]mlx5_bond_2:1/RoCE [3]mlx5_bond_3:1/RoCE [4]mlx5_bond_4:1/RoCE [RO]; OOB bond0:33.254.158.132<0>
x08j03290:58219:60306 [6] NCCL INFO Using network IB
x08j03289:87141:89163 [2] NCCL INFO NET/IB : Made virtual device [4] name=mlx5_bond_4 speed=100000 ndevs=1
x08j03289:87141:89163 [2] NCCL INFO NET/IB : Using [0]mlx5_bond_0:1/RoCE [1]mlx5_bond_1:1/RoCE [2]mlx5_bond_2:1/RoCE [3]mlx5_bond_3:1/RoCE [4]mlx5_bond_4:1/RoCE [RO]; OOB bond0:33.254.158.131<0>
x08j03289:87141:89163 [2] NCCL INFO Using network IB
x08j03289:87144:89164 [5] NCCL INFO NET/IB : Made virtual device [0] name=mlx5_bond_0 speed=100000 ndevs=1
x08j03289:87144:89164 [5] NCCL INFO NET/IB : Made virtual device [1] name=mlx5_bond_1 speed=100000 ndevs=1
x08j03289:87144:89164 [5] NCCL INFO NET/IB : Made virtual device [2] name=mlx5_bond_2 speed=100000 ndevs=1
x08j03289:87144:89164 [5] NCCL INFO NET/IB : Made virtual device [3] name=mlx5_bond_3 speed=100000 ndevs=1
x08j03289:87144:89164 [5] NCCL INFO NET/IB : Made virtual device [4] name=mlx5_bond_4 speed=100000 ndevs=1
x08j03289:87144:89164 [5] NCCL INFO NET/IB : Using [0]mlx5_bond_0:1/RoCE [1]mlx5_bond_1:1/RoCE [2]mlx5_bond_2:1/RoCE [3]mlx5_bond_3:1/RoCE [4]mlx5_bond_4:1/RoCE [RO]; OOB bond0:33.254.158.131<0>
x08j03289:87144:89164 [5] NCCL INFO Using network IB
x08j03290:58217:60215 [5] NCCL INFO ncclCommInitRank comm 0x31922b0 rank 13 nranks 16 cudaDev 5 nvmlDev 5 busId 8e000 commId 0x8feeca8943a4160 - Init START
x08j03290:58214:60216 [3] NCCL INFO ncclCommInitRank comm 0x1b1f520 rank 11 nranks 16 cudaDev 3 nvmlDev 3 busId 4d000 commId 0x8feeca8943a4160 - Init START
x08j03289:87146:89012 [6] NCCL INFO ncclCommInitRank comm 0x1c21e30 rank 6 nranks 16 cudaDev 6 nvmlDev 6 busId ad000 commId 0x8feeca8943a4160 - Init START
x08j03290:58209:60217 [0] NCCL INFO ncclCommInitRank comm 0x36eebc0 rank 8 nranks 16 cudaDev 0 nvmlDev 0 busId 13000 commId 0x8feeca8943a4160 - Init START
x08j03290:58223:60225 [7] NCCL INFO ncclCommInitRank comm 0x3285470 rank 15 nranks 16 cudaDev 7 nvmlDev 7 busId b3000 commId 0x8feeca8943a4160 - Init START
x08j03289:87140:89008 [1] NCCL INFO ncclCommInitRank comm 0x21171b0 rank 1 nranks 16 cudaDev 1 nvmlDev 1 busId 19000 commId 0x8feeca8943a4160 - Init START
x08j03289:87139:89038 [0] NCCL INFO ncclCommInitRank comm 0x2a0fa10 rank 0 nranks 16 cudaDev 0 nvmlDev 0 busId 13000 commId 0x8feeca8943a4160 - Init START
x08j03289:87142:89027 [3] NCCL INFO ncclCommInitRank comm 0x381d490 rank 3 nranks 16 cudaDev 3 nvmlDev 3 busId 4d000 commId 0x8feeca8943a4160 - Init START
x08j03289:87139:89038 [0] NCCL INFO RAS client listening socket at 127.0.0.1<28028>
x08j03289:87148:89061 [7] NCCL INFO ncclCommInitRank comm 0x3342000 rank 7 nranks 16 cudaDev 7 nvmlDev 7 busId b3000 commId 0x8feeca8943a4160 - Init START
x08j03289:87143:89046 [4] NCCL INFO ncclCommInitRank comm 0x1da31a0 rank 4 nranks 16 cudaDev 4 nvmlDev 4 busId 89000 commId 0x8feeca8943a4160 - Init START
x08j03289:87148:89061 [7] NCCL INFO RAS client listening socket at 127.0.0.1<28028>
x08j03289:87141:89163 [2] NCCL INFO ncclCommInitRank comm 0x2719800 rank 2 nranks 16 cudaDev 2 nvmlDev 2 busId 48000 commId 0x8feeca8943a4160 - Init START
x08j03289:87144:89164 [5] NCCL INFO ncclCommInitRank comm 0x2f30280 rank 5 nranks 16 cudaDev 5 nvmlDev 5 busId 8e000 commId 0x8feeca8943a4160 - Init START
x08j03289:87141:89163 [2] NCCL INFO RAS client listening socket at 127.0.0.1<28028>
x08j03289:87140:89008 [1] NCCL INFO RAS client listening socket at 127.0.0.1<28028>
x08j03289:87142:89027 [3] NCCL INFO RAS client listening socket at 127.0.0.1<28028>
x08j03289:87144:89164 [5] NCCL INFO RAS client listening socket at 127.0.0.1<28028>
x08j03289:87143:89046 [4] NCCL INFO RAS client listening socket at 127.0.0.1<28028>
x08j03289:87146:89012 [6] NCCL INFO RAS client listening socket at 127.0.0.1<28028>
x08j03290:58215:60303 [4] NCCL INFO ncclCommInitRank comm 0x2aed4f0 rank 12 nranks 16 cudaDev 4 nvmlDev 4 busId 89000 commId 0x8feeca8943a4160 - Init START
x08j03290:58215:60303 [4] NCCL INFO RAS client listening socket at 127.0.0.1<28028>
x08j03290:58213:60304 [2] NCCL INFO ncclCommInitRank comm 0x2fc7220 rank 10 nranks 16 cudaDev 2 nvmlDev 2 busId 48000 commId 0x8feeca8943a4160 - Init START
x08j03290:58214:60216 [3] NCCL INFO RAS client listening socket at 127.0.0.1<28028>
x08j03290:58212:60305 [1] NCCL INFO ncclCommInitRank comm 0x2e251b0 rank 9 nranks 16 cudaDev 1 nvmlDev 1 busId 19000 commId 0x8feeca8943a4160 - Init START
x08j03290:58212:60305 [1] NCCL INFO RAS client listening socket at 127.0.0.1<28028>
x08j03290:58213:60304 [2] NCCL INFO RAS client listening socket at 127.0.0.1<28028>
x08j03290:58209:60217 [0] NCCL INFO RAS client listening socket at 127.0.0.1<28028>
x08j03290:58219:60306 [6] NCCL INFO ncclCommInitRank comm 0x29c40b0 rank 14 nranks 16 cudaDev 6 nvmlDev 6 busId ad000 commId 0x8feeca8943a4160 - Init START
x08j03290:58217:60215 [5] NCCL INFO RAS client listening socket at 127.0.0.1<28028>
x08j03290:58223:60225 [7] NCCL INFO RAS client listening socket at 127.0.0.1<28028>
x08j03290:58219:60306 [6] NCCL INFO RAS client listening socket at 127.0.0.1<28028>
x08j03289:87146:89012 [6] NCCL INFO TOPO/NET : Importing network plugins to topology
x08j03289:87146:89012 [6] NCCL INFO Retrieving state for IB
x08j03289:87146:89012 [6] NCCL INFO Initialized state 0 for IB
x08j03289:87146:89012 [6] NCCL INFO NET/IB : GPU Direct RDMA Enabled for HCA 0 'mlx5_bond_0'
x08j03289:87146:89012 [6] NCCL INFO ncclTopoPopulateNics : Filled mlx5_bond_0 in topo with pciPath=/sys/devices/pci0000:05/0000:05:02.0/0000:06:00.0 keep=1 coll=(null)
x08j03289:87146:89012 [6] NCCL INFO NET/IB : GPU Direct RDMA Enabled for HCA 1 'mlx5_bond_1'
x08j03289:87146:89012 [6] NCCL INFO ncclTopoPopulateNics : Filled mlx5_bond_1 in topo with pciPath=/sys/devices/pci0000:0b/0000:0b:02.0/0000:0c:00.0/0000:0d:04.0/0000:15:00.0/0000:16:10.0/0000:1a:00.0 keep=1 coll=(null)
x08j03289:87146:89012 [6] NCCL INFO NET/IB : GPU Direct RDMA Enabled for HCA 2 'mlx5_bond_2'
x08j03289:87146:89012 [6] NCCL INFO ncclTopoPopulateNics : Filled mlx5_bond_2 in topo with pciPath=/sys/devices/pci0000:40/0000:40:02.0/0000:41:00.0/0000:42:04.0/0000:49:00.0/0000:4a:10.0/0000:4f:00.0 keep=1 coll=(null)
x08j03289:87146:89012 [6] NCCL INFO NET/IB : GPU Direct RDMA Enabled for HCA 3 'mlx5_bond_3'
x08j03289:87146:89012 [6] NCCL INFO ncclTopoPopulateNics : Filled mlx5_bond_3 in topo with pciPath=/sys/devices/pci0000:81/0000:81:02.0/0000:82:00.0/0000:83:04.0/0000:8a:00.0/0000:8b:10.0/0000:90:00.0 keep=1 coll=(null)
x08j03289:87146:89012 [6] NCCL INFO NET/IB : GPU Direct RDMA Enabled for HCA 4 'mlx5_bond_4'
x08j03289:87146:89012 [6] NCCL INFO ncclTopoPopulateNics : Filled mlx5_bond_4 in topo with pciPath=/sys/devices/pci0000:a5/0000:a5:02.0/0000:a6:00.0/0000:a7:04.0/0000:af:00.0/0000:b0:10.0/0000:b4:00.0 keep=1 coll=(null)
x08j03289:87146:89012 [6] NCCL INFO NET/IB : Made virtual device [5] name=mlx5_bond_0 speed=100000 ndevs=1
x08j03289:87146:89012 [6] NCCL INFO TOPO/NET : Made vNic 5
x08j03289:87146:89012 [6] NCCL INFO NET/IB : Made virtual device [6] name=mlx5_bond_1 speed=100000 ndevs=1
x08j03289:87146:89012 [6] NCCL INFO TOPO/NET : Made vNic 6
x08j03289:87146:89012 [6] NCCL INFO NET/IB : Made virtual device [7] name=mlx5_bond_2 speed=100000 ndevs=1
x08j03289:87146:89012 [6] NCCL INFO TOPO/NET : Made vNic 7
x08j03289:87146:89012 [6] NCCL INFO NET/IB : Made virtual device [8] name=mlx5_bond_3 speed=100000 ndevs=1
x08j03289:87146:89012 [6] NCCL INFO TOPO/NET : Made vNic 8
x08j03289:87146:89012 [6] NCCL INFO NET/IB : Made virtual device [9] name=mlx5_bond_4 speed=100000 ndevs=1
x08j03289:87146:89012 [6] NCCL INFO TOPO/NET : Made vNic 9
x08j03289:87146:89012 [6] NCCL INFO NET/IB : GPU Direct RDMA Enabled for HCA 0 'mlx5_bond_0'
x08j03289:87146:89012 [6] NCCL INFO ncclTopoPopulateNics : Filled mlx5_bond_0 in topo with pciPath=/sys/devices/pci0000:05/0000:05:02.0/0000:06:00.0 keep=0 coll=(null)
x08j03289:87146:89012 [6] NCCL INFO NET/IB : GPU Direct RDMA Enabled for HCA 1 'mlx5_bond_1'
x08j03289:87146:89012 [6] NCCL INFO ncclTopoPopulateNics : Filled mlx5_bond_1 in topo with pciPath=/sys/devices/pci0000:0b/0000:0b:02.0/0000:0c:00.0/0000:0d:04.0/0000:15:00.0/0000:16:10.0/0000:1a:00.0 keep=0 coll=(null)
x08j03289:87146:89012 [6] NCCL INFO NET/IB : GPU Direct RDMA Enabled for HCA 2 'mlx5_bond_2'
x08j03289:87146:89012 [6] NCCL INFO ncclTopoPopulateNics : Filled mlx5_bond_2 in topo with pciPath=/sys/devices/pci0000:40/0000:40:02.0/0000:41:00.0/0000:42:04.0/0000:49:00.0/0000:4a:10.0/0000:4f:00.0 keep=0 coll=(null)
x08j03289:87146:89012 [6] NCCL INFO NET/IB : GPU Direct RDMA Enabled for HCA 3 'mlx5_bond_3'
x08j03289:87146:89012 [6] NCCL INFO ncclTopoPopulateNics : Filled mlx5_bond_3 in topo with pciPath=/sys/devices/pci0000:81/0000:81:02.0/0000:82:00.0/0000:83:04.0/0000:8a:00.0/0000:8b:10.0/0000:90:00.0 keep=0 coll=(null)
x08j03289:87146:89012 [6] NCCL INFO NET/IB : GPU Direct RDMA Enabled for HCA 4 'mlx5_bond_4'
x08j03289:87146:89012 [6] NCCL INFO ncclTopoPopulateNics : Filled mlx5_bond_4 in topo with pciPath=/sys/devices/pci0000:a5/0000:a5:02.0/0000:a6:00.0/0000:a7:04.0/0000:af:00.0/0000:b0:10.0/0000:b4:00.0 keep=0 coll=(null)
x08j03289:87146:89012 [6] NCCL INFO NET/IB : GPU Direct RDMA Enabled for HCA 5 'mlx5_bond_0'
x08j03289:87146:89012 [6] NCCL INFO ncclTopoPopulateNics : Filled mlx5_bond_0 in topo with pciPath=/sys/devices/pci0000:05/0000:05:02.0/0000:06:00.0 keep=1 coll=(null)
x08j03289:87146:89012 [6] NCCL INFO NET/IB : GPU Direct RDMA Enabled for HCA 6 'mlx5_bond_1'
x08j03289:87146:89012 [6] NCCL INFO ncclTopoPopulateNics : Filled mlx5_bond_1 in topo with pciPath=/sys/devices/pci0000:0b/0000:0b:02.0/0000:0c:00.0/0000:0d:04.0/0000:15:00.0/0000:16:10.0/0000:1a:00.0 keep=1 coll=(null)
x08j03289:87146:89012 [6] NCCL INFO NET/IB : GPU Direct RDMA Enabled for HCA 7 'mlx5_bond_2'
x08j03289:87146:89012 [6] NCCL INFO ncclTopoPopulateNics : Filled mlx5_bond_2 in topo with pciPath=/sys/devices/pci0000:40/0000:40:02.0/0000:41:00.0/0000:42:04.0/0000:49:00.0/0000:4a:10.0/0000:4f:00.0 keep=1 coll=(null)
x08j03289:87146:89012 [6] NCCL INFO NET/IB : GPU Direct RDMA Enabled for HCA 8 'mlx5_bond_3'
x08j03289:87146:89012 [6] NCCL INFO ncclTopoPopulateNics : Filled mlx5_bond_3 in topo with pciPath=/sys/devices/pci0000:81/0000:81:02.0/0000:82:00.0/0000:83:04.0/0000:8a:00.0/0000:8b:10.0/0000:90:00.0 keep=1 coll=(null)
x08j03289:87146:89012 [6] NCCL INFO NET/IB : GPU Direct RDMA Enabled for HCA 9 'mlx5_bond_4'
x08j03289:87146:89012 [6] NCCL INFO ncclTopoPopulateNics : Filled mlx5_bond_4 in topo with pciPath=/sys/devices/pci0000:a5/0000:a5:02.0/0000:a6:00.0/0000:a7:04.0/0000:af:00.0/0000:b0:10.0/0000:b4:00.0 keep=1 coll=(null)
x08j03289:87148:89061 [7] NCCL INFO TOPO/NET : Importing network plugins to topology
x08j03289:87148:89061 [7] NCCL INFO Retrieving state for IB
x08j03289:87148:89061 [7] NCCL INFO Initialized state 0 for IB
x08j03289:87148:89061 [7] NCCL INFO NET/IB : GPU Direct RDMA Enabled for HCA 0 'mlx5_bond_0'
x08j03289:87148:89061 [7] NCCL INFO ncclTopoPopulateNics : Filled mlx5_bond_0 in topo with pciPath=/sys/devices/pci0000:05/0000:05:02.0/0000:06:00.0 keep=1 coll=(null)
x08j03289:87148:89061 [7] NCCL INFO NET/IB : GPU Direct RDMA Enabled for HCA 1 'mlx5_bond_1'
x08j03289:87148:89061 [7] NCCL INFO ncclTopoPopulateNics : Filled mlx5_bond_1 in topo with pciPath=/sys/devices/pci0000:0b/0000:0b:02.0/0000:0c:00.0/0000:0d:04.0/0000:15:00.0/0000:16:10.0/0000:1a:00.0 keep=1 coll=(null)
x08j03289:87148:89061 [7] NCCL INFO NET/IB : GPU Direct RDMA Enabled for HCA 2 'mlx5_bond_2'
x08j03289:87148:89061 [7] NCCL INFO ncclTopoPopulateNics : Filled mlx5_bond_2 in topo with pciPath=/sys/devices/pci0000:40/0000:40:02.0/0000:41:00.0/0000:42:04.0/0000:49:00.0/0000:4a:10.0/0000:4f:00.0 keep=1 coll=(null)
x08j03289:87148:89061 [7] NCCL INFO NET/IB : GPU Direct RDMA Enabled for HCA 3 'mlx5_bond_3'
x08j03289:87148:89061 [7] NCCL INFO ncclTopoPopulateNics : Filled mlx5_bond_3 in topo with pciPath=/sys/devices/pci0000:81/0000:81:02.0/0000:82:00.0/0000:83:04.0/0000:8a:00.0/0000:8b:10.0/0000:90:00.0 keep=1 coll=(null)
x08j03289:87144:89164 [5] NCCL INFO TOPO/NET : Importing network plugins to topology
x08j03289:87144:89164 [5] NCCL INFO Retrieving state for IB
x08j03289:87144:89164 [5] NCCL INFO Initialized state 0 for IB
x08j03289:87148:89061 [7] NCCL INFO NET/IB : GPU Direct RDMA Enabled for HCA 4 'mlx5_bond_4'
x08j03289:87148:89061 [7] NCCL INFO ncclTopoPopulateNics : Filled mlx5_bond_4 in topo with pciPath=/sys/devices/pci0000:a5/0000:a5:02.0/0000:a6:00.0/0000:a7:04.0/0000:af:00.0/0000:b0:10.0/0000:b4:00.0 keep=1 coll=(null)
x08j03289:87148:89061 [7] NCCL INFO NET/IB : Made virtual device [5] name=mlx5_bond_0 speed=100000 ndevs=1
x08j03289:87148:89061 [7] NCCL INFO TOPO/NET : Made vNic 5
x08j03289:87148:89061 [7] NCCL INFO NET/IB : Made virtual device [6] name=mlx5_bond_1 speed=100000 ndevs=1
x08j03289:87148:89061 [7] NCCL INFO TOPO/NET : Made vNic 6
x08j03289:87148:89061 [7] NCCL INFO NET/IB : Made virtual device [7] name=mlx5_bond_2 speed=100000 ndevs=1
x08j03289:87148:89061 [7] NCCL INFO TOPO/NET : Made vNic 7
x08j03289:87148:89061 [7] NCCL INFO NET/IB : Made virtual device [8] name=mlx5_bond_3 speed=100000 ndevs=1
x08j03289:87148:89061 [7] NCCL INFO TOPO/NET : Made vNic 8
x08j03289:87148:89061 [7] NCCL INFO NET/IB : Made virtual device [9] name=mlx5_bond_4 speed=100000 ndevs=1
x08j03289:87148:89061 [7] NCCL INFO TOPO/NET : Made vNic 9
x08j03289:87148:89061 [7] NCCL INFO NET/IB : GPU Direct RDMA Enabled for HCA 0 'mlx5_bond_0'
x08j03289:87148:89061 [7] NCCL INFO ncclTopoPopulateNics : Filled mlx5_bond_0 in topo with pciPath=/sys/devices/pci0000:05/0000:05:02.0/0000:06:00.0 keep=0 coll=(null)
x08j03289:87148:89061 [7] NCCL INFO NET/IB : GPU Direct RDMA Enabled for HCA 1 'mlx5_bond_1'
x08j03289:87148:89061 [7] NCCL INFO ncclTopoPopulateNics : Filled mlx5_bond_1 in topo with pciPath=/sys/devices/pci0000:0b/0000:0b:02.0/0000:0c:00.0/0000:0d:04.0/0000:15:00.0/0000:16:10.0/0000:1a:00.0 keep=0 coll=(null)
x08j03289:87148:89061 [7] NCCL INFO NET/IB : GPU Direct RDMA Enabled for HCA 2 'mlx5_bond_2'
x08j03289:87148:89061 [7] NCCL INFO ncclTopoPopulateNics : Filled mlx5_bond_2 in topo with pciPath=/sys/devices/pci0000:40/0000:40:02.0/0000:41:00.0/0000:42:04.0/0000:49:00.0/0000:4a:10.0/0000:4f:00.0 keep=0 coll=(null)
x08j03289:87148:89061 [7] NCCL INFO NET/IB : GPU Direct RDMA Enabled for HCA 3 'mlx5_bond_3'
x08j03289:87148:89061 [7] NCCL INFO ncclTopoPopulateNics : Filled mlx5_bond_3 in topo with pciPath=/sys/devices/pci0000:81/0000:81:02.0/0000:82:00.0/0000:83:04.0/0000:8a:00.0/0000:8b:10.0/0000:90:00.0 keep=0 coll=(null)
x08j03289:87148:89061 [7] NCCL INFO NET/IB : GPU Direct RDMA Enabled for HCA 4 'mlx5_bond_4'
x08j03289:87148:89061 [7] NCCL INFO ncclTopoPopulateNics : Filled mlx5_bond_4 in topo with pciPath=/sys/devices/pci0000:a5/0000:a5:02.0/0000:a6:00.0/0000:a7:04.0/0000:af:00.0/0000:b0:10.0/0000:b4:00.0 keep=0 coll=(null)
x08j03289:87148:89061 [7] NCCL INFO NET/IB : GPU Direct RDMA Enabled for HCA 5 'mlx5_bond_0'
x08j03289:87148:89061 [7] NCCL INFO ncclTopoPopulateNics : Filled mlx5_bond_0 in topo with pciPath=/sys/devices/pci0000:05/0000:05:02.0/0000:06:00.0 keep=1 coll=(null)
x08j03289:87148:89061 [7] NCCL INFO NET/IB : GPU Direct RDMA Enabled for HCA 6 'mlx5_bond_1'
x08j03289:87148:89061 [7] NCCL INFO ncclTopoPopulateNics : Filled mlx5_bond_1 in topo with pciPath=/sys/devices/pci0000:0b/0000:0b:02.0/0000:0c:00.0/0000:0d:04.0/0000:15:00.0/0000:16:10.0/0000:1a:00.0 keep=1 coll=(null)
x08j03289:87148:89061 [7] NCCL INFO NET/IB : GPU Direct RDMA Enabled for HCA 7 'mlx5_bond_2'
x08j03289:87148:89061 [7] NCCL INFO ncclTopoPopulateNics : Filled mlx5_bond_2 in topo with pciPath=/sys/devices/pci0000:40/0000:40:02.0/0000:41:00.0/0000:42:04.0/0000:49:00.0/0000:4a:10.0/0000:4f:00.0 keep=1 coll=(null)
x08j03289:87148:89061 [7] NCCL INFO NET/IB : GPU Direct RDMA Enabled for HCA 8 'mlx5_bond_3'
x08j03289:87148:89061 [7] NCCL INFO ncclTopoPopulateNics : Filled mlx5_bond_3 in topo with pciPath=/sys/devices/pci0000:81/0000:81:02.0/0000:82:00.0/0000:83:04.0/0000:8a:00.0/0000:8b:10.0/0000:90:00.0 keep=1 coll=(null)
x08j03289:87148:89061 [7] NCCL INFO NET/IB : GPU Direct RDMA Enabled for HCA 9 'mlx5_bond_4'
x08j03289:87148:89061 [7] NCCL INFO ncclTopoPopulateNics : Filled mlx5_bond_4 in topo with pciPath=/sys/devices/pci0000:a5/0000:a5:02.0/0000:a6:00.0/0000:a7:04.0/0000:af:00.0/0000:b0:10.0/0000:b4:00.0 keep=1 coll=(null)
x08j03289:87144:89164 [5] NCCL INFO NET/IB : GPU Direct RDMA Enabled for HCA 0 'mlx5_bond_0'
x08j03289:87144:89164 [5] NCCL INFO ncclTopoPopulateNics : Filled mlx5_bond_0 in topo with pciPath=/sys/devices/pci0000:05/0000:05:02.0/0000:06:00.0 keep=1 coll=(null)
x08j03289:87144:89164 [5] NCCL INFO NET/IB : GPU Direct RDMA Enabled for HCA 1 'mlx5_bond_1'
x08j03289:87144:89164 [5] NCCL INFO ncclTopoPopulateNics : Filled mlx5_bond_1 in topo with pciPath=/sys/devices/pci0000:0b/0000:0b:02.0/0000:0c:00.0/0000:0d:04.0/0000:15:00.0/0000:16:10.0/0000:1a:00.0 keep=1 coll=(null)
x08j03289:87144:89164 [5] NCCL INFO NET/IB : GPU Direct RDMA Enabled for HCA 2 'mlx5_bond_2'
x08j03289:87144:89164 [5] NCCL INFO ncclTopoPopulateNics : Filled mlx5_bond_2 in topo with pciPath=/sys/devices/pci0000:40/0000:40:02.0/0000:41:00.0/0000:42:04.0/0000:49:00.0/0000:4a:10.0/0000:4f:00.0 keep=1 coll=(null)
x08j03289:87142:89027 [3] NCCL INFO TOPO/NET : Importing network plugins to topology
x08j03289:87142:89027 [3] NCCL INFO Retrieving state for IB
x08j03289:87142:89027 [3] NCCL INFO Initialized state 0 for IB
x08j03289:87142:89027 [3] NCCL INFO NET/IB : GPU Direct RDMA Enabled for HCA 0 'mlx5_bond_0'
x08j03289:87142:89027 [3] NCCL INFO ncclTopoPopulateNics : Filled mlx5_bond_0 in topo with pciPath=/sys/devices/pci0000:05/0000:05:02.0/0000:06:00.0 keep=1 coll=(null)
x08j03289:87144:89164 [5] NCCL INFO NET/IB : GPU Direct RDMA Enabled for HCA 3 'mlx5_bond_3'
x08j03289:87144:89164 [5] NCCL INFO ncclTopoPopulateNics : Filled mlx5_bond_3 in topo with pciPath=/sys/devices/pci0000:81/0000:81:02.0/0000:82:00.0/0000:83:04.0/0000:8a:00.0/0000:8b:10.0/0000:90:00.0 keep=1 coll=(null)
x08j03289:87142:89027 [3] NCCL INFO NET/IB : GPU Direct RDMA Enabled for HCA 1 'mlx5_bond_1'
x08j03289:87142:89027 [3] NCCL INFO ncclTopoPopulateNics : Filled mlx5_bond_1 in topo with pciPath=/sys/devices/pci0000:0b/0000:0b:02.0/0000:0c:00.0/0000:0d:04.0/0000:15:00.0/0000:16:10.0/0000:1a:00.0 keep=1 coll=(null)
x08j03289:87144:89164 [5] NCCL INFO NET/IB : GPU Direct RDMA Enabled for HCA 4 'mlx5_bond_4'
x08j03289:87144:89164 [5] NCCL INFO ncclTopoPopulateNics : Filled mlx5_bond_4 in topo with pciPath=/sys/devices/pci0000:a5/0000:a5:02.0/0000:a6:00.0/0000:a7:04.0/0000:af:00.0/0000:b0:10.0/0000:b4:00.0 keep=1 coll=(null)
x08j03289:87144:89164 [5] NCCL INFO NET/IB : Made virtual device [5] name=mlx5_bond_0 speed=100000 ndevs=1
x08j03289:87144:89164 [5] NCCL INFO TOPO/NET : Made vNic 5
x08j03289:87144:89164 [5] NCCL INFO NET/IB : Made virtual device [6] name=mlx5_bond_1 speed=100000 ndevs=1
x08j03289:87144:89164 [5] NCCL INFO TOPO/NET : Made vNic 6
x08j03289:87144:89164 [5] NCCL INFO NET/IB : Made virtual device [7] name=mlx5_bond_2 speed=100000 ndevs=1
x08j03289:87144:89164 [5] NCCL INFO TOPO/NET : Made vNic 7
x08j03289:87144:89164 [5] NCCL INFO NET/IB : Made virtual device [8] name=mlx5_bond_3 speed=100000 ndevs=1
x08j03289:87144:89164 [5] NCCL INFO TOPO/NET : Made vNic 8
x08j03289:87144:89164 [5] NCCL INFO NET/IB : Made virtual device [9] name=mlx5_bond_4 speed=100000 ndevs=1
x08j03289:87144:89164 [5] NCCL INFO TOPO/NET : Made vNic 9
x08j03289:87144:89164 [5] NCCL INFO NET/IB : GPU Direct RDMA Enabled for HCA 0 'mlx5_bond_0'
x08j03289:87144:89164 [5] NCCL INFO ncclTopoPopulateNics : Filled mlx5_bond_0 in topo with pciPath=/sys/devices/pci0000:05/0000:05:02.0/0000:06:00.0 keep=0 coll=(null)
x08j03289:87144:89164 [5] NCCL INFO NET/IB : GPU Direct RDMA Enabled for HCA 1 'mlx5_bond_1'
x08j03289:87144:89164 [5] NCCL INFO ncclTopoPopulateNics : Filled mlx5_bond_1 in topo with pciPath=/sys/devices/pci0000:0b/0000:0b:02.0/0000:0c:00.0/0000:0d:04.0/0000:15:00.0/0000:16:10.0/0000:1a:00.0 keep=0 coll=(null)
x08j03289:87144:89164 [5] NCCL INFO NET/IB : GPU Direct RDMA Enabled for HCA 2 'mlx5_bond_2'
x08j03289:87144:89164 [5] NCCL INFO ncclTopoPopulateNics : Filled mlx5_bond_2 in topo with pciPath=/sys/devices/pci0000:40/0000:40:02.0/0000:41:00.0/0000:42:04.0/0000:49:00.0/0000:4a:10.0/0000:4f:00.0 keep=0 coll=(null)
x08j03289:87144:89164 [5] NCCL INFO NET/IB : GPU Direct RDMA Enabled for HCA 3 'mlx5_bond_3'
x08j03289:87144:89164 [5] NCCL INFO ncclTopoPopulateNics : Filled mlx5_bond_3 in topo with pciPath=/sys/devices/pci0000:81/0000:81:02.0/0000:82:00.0/0000:83:04.0/0000:8a:00.0/0000:8b:10.0/0000:90:00.0 keep=0 coll=(null)
x08j03289:87144:89164 [5] NCCL INFO NET/IB : GPU Direct RDMA Enabled for HCA 4 'mlx5_bond_4'
x08j03289:87144:89164 [5] NCCL INFO ncclTopoPopulateNics : Filled mlx5_bond_4 in topo with pciPath=/sys/devices/pci0000:a5/0000:a5:02.0/0000:a6:00.0/0000:a7:04.0/0000:af:00.0/0000:b0:10.0/0000:b4:00.0 keep=0 coll=(null)
x08j03289:87144:89164 [5] NCCL INFO NET/IB : GPU Direct RDMA Enabled for HCA 5 'mlx5_bond_0'
x08j03289:87144:89164 [5] NCCL INFO ncclTopoPopulateNics : Filled mlx5_bond_0 in topo with pciPath=/sys/devices/pci0000:05/0000:05:02.0/0000:06:00.0 keep=1 coll=(null)
x08j03289:87144:89164 [5] NCCL INFO NET/IB : GPU Direct RDMA Enabled for HCA 6 'mlx5_bond_1'
x08j03289:87144:89164 [5] NCCL INFO ncclTopoPopulateNics : Filled mlx5_bond_1 in topo with pciPath=/sys/devices/pci0000:0b/0000:0b:02.0/0000:0c:00.0/0000:0d:04.0/0000:15:00.0/0000:16:10.0/0000:1a:00.0 keep=1 coll=(null)
x08j03289:87144:89164 [5] NCCL INFO NET/IB : GPU Direct RDMA Enabled for HCA 7 'mlx5_bond_2'
x08j03289:87144:89164 [5] NCCL INFO ncclTopoPopulateNics : Filled mlx5_bond_2 in topo with pciPath=/sys/devices/pci0000:40/0000:40:02.0/0000:41:00.0/0000:42:04.0/0000:49:00.0/0000:4a:10.0/0000:4f:00.0 keep=1 coll=(null)
x08j03289:87144:89164 [5] NCCL INFO NET/IB : GPU Direct RDMA Enabled for HCA 8 'mlx5_bond_3'
x08j03289:87144:89164 [5] NCCL INFO ncclTopoPopulateNics : Filled mlx5_bond_3 in topo with pciPath=/sys/devices/pci0000:81/0000:81:02.0/0000:82:00.0/0000:83:04.0/0000:8a:00.0/0000:8b:10.0/0000:90:00.0 keep=1 coll=(null)
x08j03289:87144:89164 [5] NCCL INFO NET/IB : GPU Direct RDMA Enabled for HCA 9 'mlx5_bond_4'
x08j03289:87144:89164 [5] NCCL INFO ncclTopoPopulateNics : Filled mlx5_bond_4 in topo with pciPath=/sys/devices/pci0000:a5/0000:a5:02.0/0000:a6:00.0/0000:a7:04.0/0000:af:00.0/0000:b0:10.0/0000:b4:00.0 keep=1 coll=(null)
x08j03289:87142:89027 [3] NCCL INFO NET/IB : GPU Direct RDMA Enabled for HCA 2 'mlx5_bond_2'
x08j03289:87142:89027 [3] NCCL INFO ncclTopoPopulateNics : Filled mlx5_bond_2 in topo with pciPath=/sys/devices/pci0000:40/0000:40:02.0/0000:41:00.0/0000:42:04.0/0000:49:00.0/0000:4a:10.0/0000:4f:00.0 keep=1 coll=(null)
x08j03289:87142:89027 [3] NCCL INFO NET/IB : GPU Direct RDMA Enabled for HCA 3 'mlx5_bond_3'
x08j03289:87142:89027 [3] NCCL INFO ncclTopoPopulateNics : Filled mlx5_bond_3 in topo with pciPath=/sys/devices/pci0000:81/0000:81:02.0/0000:82:00.0/0000:83:04.0/0000:8a:00.0/0000:8b:10.0/0000:90:00.0 keep=1 coll=(null)
x08j03289:87142:89027 [3] NCCL INFO NET/IB : GPU Direct RDMA Enabled for HCA 4 'mlx5_bond_4'
x08j03289:87142:89027 [3] NCCL INFO ncclTopoPopulateNics : Filled mlx5_bond_4 in topo with pciPath=/sys/devices/pci0000:a5/0000:a5:02.0/0000:a6:00.0/0000:a7:04.0/0000:af:00.0/0000:b0:10.0/0000:b4:00.0 keep=1 coll=(null)
x08j03289:87142:89027 [3] NCCL INFO NET/IB : Made virtual device [5] name=mlx5_bond_0 speed=100000 ndevs=1
x08j03289:87142:89027 [3] NCCL INFO TOPO/NET : Made vNic 5
x08j03289:87142:89027 [3] NCCL INFO NET/IB : Made virtual device [6] name=mlx5_bond_1 speed=100000 ndevs=1
x08j03289:87142:89027 [3] NCCL INFO TOPO/NET : Made vNic 6
x08j03289:87142:89027 [3] NCCL INFO NET/IB : Made virtual device [7] name=mlx5_bond_2 speed=100000 ndevs=1
x08j03289:87142:89027 [3] NCCL INFO TOPO/NET : Made vNic 7
x08j03289:87142:89027 [3] NCCL INFO NET/IB : Made virtual device [8] name=mlx5_bond_3 speed=100000 ndevs=1
x08j03289:87142:89027 [3] NCCL INFO TOPO/NET : Made vNic 8
x08j03289:87142:89027 [3] NCCL INFO NET/IB : Made virtual device [9] name=mlx5_bond_4 speed=100000 ndevs=1
x08j03289:87142:89027 [3] NCCL INFO TOPO/NET : Made vNic 9
x08j03289:87142:89027 [3] NCCL INFO NET/IB : GPU Direct RDMA Enabled for HCA 0 'mlx5_bond_0'
x08j03289:87142:89027 [3] NCCL INFO ncclTopoPopulateNics : Filled mlx5_bond_0 in topo with pciPath=/sys/devices/pci0000:05/0000:05:02.0/0000:06:00.0 keep=0 coll=(null)
x08j03289:87142:89027 [3] NCCL INFO NET/IB : GPU Direct RDMA Enabled for HCA 1 'mlx5_bond_1'
x08j03289:87142:89027 [3] NCCL INFO ncclTopoPopulateNics : Filled mlx5_bond_1 in topo with pciPath=/sys/devices/pci0000:0b/0000:0b:02.0/0000:0c:00.0/0000:0d:04.0/0000:15:00.0/0000:16:10.0/0000:1a:00.0 keep=0 coll=(null)
x08j03289:87142:89027 [3] NCCL INFO NET/IB : GPU Direct RDMA Enabled for HCA 2 'mlx5_bond_2'
x08j03289:87142:89027 [3] NCCL INFO ncclTopoPopulateNics : Filled mlx5_bond_2 in topo with pciPath=/sys/devices/pci0000:40/0000:40:02.0/0000:41:00.0/0000:42:04.0/0000:49:00.0/0000:4a:10.0/0000:4f:00.0 keep=0 coll=(null)
x08j03289:87142:89027 [3] NCCL INFO NET/IB : GPU Direct RDMA Enabled for HCA 3 'mlx5_bond_3'
x08j03289:87142:89027 [3] NCCL INFO ncclTopoPopulateNics : Filled mlx5_bond_3 in topo with pciPath=/sys/devices/pci0000:81/0000:81:02.0/0000:82:00.0/0000:83:04.0/0000:8a:00.0/0000:8b:10.0/0000:90:00.0 keep=0 coll=(null)
x08j03289:87142:89027 [3] NCCL INFO NET/IB : GPU Direct RDMA Enabled for HCA 4 'mlx5_bond_4'
x08j03289:87142:89027 [3] NCCL INFO ncclTopoPopulateNics : Filled mlx5_bond_4 in topo with pciPath=/sys/devices/pci0000:a5/0000:a5:02.0/0000:a6:00.0/0000:a7:04.0/0000:af:00.0/0000:b0:10.0/0000:b4:00.0 keep=0 coll=(null)
x08j03289:87142:89027 [3] NCCL INFO NET/IB : GPU Direct RDMA Enabled for HCA 5 'mlx5_bond_0'
x08j03289:87142:89027 [3] NCCL INFO ncclTopoPopulateNics : Filled mlx5_bond_0 in topo with pciPath=/sys/devices/pci0000:05/0000:05:02.0/0000:06:00.0 keep=1 coll=(null)
x08j03289:87142:89027 [3] NCCL INFO NET/IB : GPU Direct RDMA Enabled for HCA 6 'mlx5_bond_1'
x08j03289:87142:89027 [3] NCCL INFO ncclTopoPopulateNics : Filled mlx5_bond_1 in topo with pciPath=/sys/devices/pci0000:0b/0000:0b:02.0/0000:0c:00.0/0000:0d:04.0/0000:15:00.0/0000:16:10.0/0000:1a:00.0 keep=1 coll=(null)
x08j03289:87142:89027 [3] NCCL INFO NET/IB : GPU Direct RDMA Enabled for HCA 7 'mlx5_bond_2'
x08j03289:87142:89027 [3] NCCL INFO ncclTopoPopulateNics : Filled mlx5_bond_2 in topo with pciPath=/sys/devices/pci0000:40/0000:40:02.0/0000:41:00.0/0000:42:04.0/0000:49:00.0/0000:4a:10.0/0000:4f:00.0 keep=1 coll=(null)
x08j03289:87142:89027 [3] NCCL INFO NET/IB : GPU Direct RDMA Enabled for HCA 8 'mlx5_bond_3'
x08j03289:87142:89027 [3] NCCL INFO ncclTopoPopulateNics : Filled mlx5_bond_3 in topo with pciPath=/sys/devices/pci0000:81/0000:81:02.0/0000:82:00.0/0000:83:04.0/0000:8a:00.0/0000:8b:10.0/0000:90:00.0 keep=1 coll=(null)
x08j03289:87142:89027 [3] NCCL INFO NET/IB : GPU Direct RDMA Enabled for HCA 9 'mlx5_bond_4'
x08j03289:87142:89027 [3] NCCL INFO ncclTopoPopulateNics : Filled mlx5_bond_4 in topo with pciPath=/sys/devices/pci0000:a5/0000:a5:02.0/0000:a6:00.0/0000:a7:04.0/0000:af:00.0/0000:b0:10.0/0000:b4:00.0 keep=1 coll=(null)
x08j03289:87143:89046 [4] NCCL INFO TOPO/NET : Importing network plugins to topology
x08j03289:87143:89046 [4] NCCL INFO Retrieving state for IB
x08j03289:87143:89046 [4] NCCL INFO Initialized state 0 for IB
x08j03289:87143:89046 [4] NCCL INFO NET/IB : GPU Direct RDMA Enabled for HCA 0 'mlx5_bond_0'
x08j03289:87143:89046 [4] NCCL INFO ncclTopoPopulateNics : Filled mlx5_bond_0 in topo with pciPath=/sys/devices/pci0000:05/0000:05:02.0/0000:06:00.0 keep=1 coll=(null)
x08j03289:87143:89046 [4] NCCL INFO NET/IB : GPU Direct RDMA Enabled for HCA 1 'mlx5_bond_1'
x08j03289:87143:89046 [4] NCCL INFO ncclTopoPopulateNics : Filled mlx5_bond_1 in topo with pciPath=/sys/devices/pci0000:0b/0000:0b:02.0/0000:0c:00.0/0000:0d:04.0/0000:15:00.0/0000:16:10.0/0000:1a:00.0 keep=1 coll=(null)
x08j03289:87143:89046 [4] NCCL INFO NET/IB : GPU Direct RDMA Enabled for HCA 2 'mlx5_bond_2'
x08j03289:87143:89046 [4] NCCL INFO ncclTopoPopulateNics : Filled mlx5_bond_2 in topo with pciPath=/sys/devices/pci0000:40/0000:40:02.0/0000:41:00.0/0000:42:04.0/0000:49:00.0/0000:4a:10.0/0000:4f:00.0 keep=1 coll=(null)
x08j03289:87143:89046 [4] NCCL INFO NET/IB : GPU Direct RDMA Enabled for HCA 3 'mlx5_bond_3'
x08j03289:87143:89046 [4] NCCL INFO ncclTopoPopulateNics : Filled mlx5_bond_3 in topo with pciPath=/sys/devices/pci0000:81/0000:81:02.0/0000:82:00.0/0000:83:04.0/0000:8a:00.0/0000:8b:10.0/0000:90:00.0 keep=1 coll=(null)
x08j03289:87143:89046 [4] NCCL INFO NET/IB : GPU Direct RDMA Enabled for HCA 4 'mlx5_bond_4'
x08j03289:87143:89046 [4] NCCL INFO ncclTopoPopulateNics : Filled mlx5_bond_4 in topo with pciPath=/sys/devices/pci0000:a5/0000:a5:02.0/0000:a6:00.0/0000:a7:04.0/0000:af:00.0/0000:b0:10.0/0000:b4:00.0 keep=1 coll=(null)
x08j03289:87143:89046 [4] NCCL INFO NET/IB : Made virtual device [5] name=mlx5_bond_0 speed=100000 ndevs=1
x08j03289:87143:89046 [4] NCCL INFO TOPO/NET : Made vNic 5
x08j03289:87143:89046 [4] NCCL INFO NET/IB : Made virtual device [6] name=mlx5_bond_1 speed=100000 ndevs=1
x08j03289:87143:89046 [4] NCCL INFO TOPO/NET : Made vNic 6
x08j03289:87143:89046 [4] NCCL INFO NET/IB : Made virtual device [7] name=mlx5_bond_2 speed=100000 ndevs=1
x08j03289:87143:89046 [4] NCCL INFO TOPO/NET : Made vNic 7
x08j03289:87143:89046 [4] NCCL INFO NET/IB : Made virtual device [8] name=mlx5_bond_3 speed=100000 ndevs=1
x08j03289:87143:89046 [4] NCCL INFO TOPO/NET : Made vNic 8
x08j03289:87143:89046 [4] NCCL INFO NET/IB : Made virtual device [9] name=mlx5_bond_4 speed=100000 ndevs=1
x08j03289:87143:89046 [4] NCCL INFO TOPO/NET : Made vNic 9
x08j03289:87143:89046 [4] NCCL INFO NET/IB : GPU Direct RDMA Enabled for HCA 0 'mlx5_bond_0'
x08j03289:87143:89046 [4] NCCL INFO ncclTopoPopulateNics : Filled mlx5_bond_0 in topo with pciPath=/sys/devices/pci0000:05/0000:05:02.0/0000:06:00.0 keep=0 coll=(null)
x08j03289:87143:89046 [4] NCCL INFO NET/IB : GPU Direct RDMA Enabled for HCA 1 'mlx5_bond_1'
x08j03289:87143:89046 [4] NCCL INFO ncclTopoPopulateNics : Filled mlx5_bond_1 in topo with pciPath=/sys/devices/pci0000:0b/0000:0b:02.0/0000:0c:00.0/0000:0d:04.0/0000:15:00.0/0000:16:10.0/0000:1a:00.0 keep=0 coll=(null)
x08j03289:87143:89046 [4] NCCL INFO NET/IB : GPU Direct RDMA Enabled for HCA 2 'mlx5_bond_2'
x08j03289:87143:89046 [4] NCCL INFO ncclTopoPopulateNics : Filled mlx5_bond_2 in topo with pciPath=/sys/devices/pci0000:40/0000:40:02.0/0000:41:00.0/0000:42:04.0/0000:49:00.0/0000:4a:10.0/0000:4f:00.0 keep=0 coll=(null)
x08j03289:87143:89046 [4] NCCL INFO NET/IB : GPU Direct RDMA Enabled for HCA 3 'mlx5_bond_3'
x08j03289:87143:89046 [4] NCCL INFO ncclTopoPopulateNics : Filled mlx5_bond_3 in topo with pciPath=/sys/devices/pci0000:81/0000:81:02.0/0000:82:00.0/0000:83:04.0/0000:8a:00.0/0000:8b:10.0/0000:90:00.0 keep=0 coll=(null)
x08j03289:87143:89046 [4] NCCL INFO NET/IB : GPU Direct RDMA Enabled for HCA 4 'mlx5_bond_4'
x08j03289:87143:89046 [4] NCCL INFO ncclTopoPopulateNics : Filled mlx5_bond_4 in topo with pciPath=/sys/devices/pci0000:a5/0000:a5:02.0/0000:a6:00.0/0000:a7:04.0/0000:af:00.0/0000:b0:10.0/0000:b4:00.0 keep=0 coll=(null)
x08j03289:87143:89046 [4] NCCL INFO NET/IB : GPU Direct RDMA Enabled for HCA 5 'mlx5_bond_0'
x08j03289:87143:89046 [4] NCCL INFO ncclTopoPopulateNics : Filled mlx5_bond_0 in topo with pciPath=/sys/devices/pci0000:05/0000:05:02.0/0000:06:00.0 keep=1 coll=(null)
x08j03289:87143:89046 [4] NCCL INFO NET/IB : GPU Direct RDMA Enabled for HCA 6 'mlx5_bond_1'
x08j03289:87143:89046 [4] NCCL INFO ncclTopoPopulateNics : Filled mlx5_bond_1 in topo with pciPath=/sys/devices/pci0000:0b/0000:0b:02.0/0000:0c:00.0/0000:0d:04.0/0000:15:00.0/0000:16:10.0/0000:1a:00.0 keep=1 coll=(null)
x08j03289:87143:89046 [4] NCCL INFO NET/IB : GPU Direct RDMA Enabled for HCA 7 'mlx5_bond_2'
x08j03289:87143:89046 [4] NCCL INFO ncclTopoPopulateNics : Filled mlx5_bond_2 in topo with pciPath=/sys/devices/pci0000:40/0000:40:02.0/0000:41:00.0/0000:42:04.0/0000:49:00.0/0000:4a:10.0/0000:4f:00.0 keep=1 coll=(null)
x08j03289:87143:89046 [4] NCCL INFO NET/IB : GPU Direct RDMA Enabled for HCA 8 'mlx5_bond_3'
x08j03289:87143:89046 [4] NCCL INFO ncclTopoPopulateNics : Filled mlx5_bond_3 in topo with pciPath=/sys/devices/pci0000:81/0000:81:02.0/0000:82:00.0/0000:83:04.0/0000:8a:00.0/0000:8b:10.0/0000:90:00.0 keep=1 coll=(null)
x08j03289:87143:89046 [4] NCCL INFO NET/IB : GPU Direct RDMA Enabled for HCA 9 'mlx5_bond_4'
x08j03289:87143:89046 [4] NCCL INFO ncclTopoPopulateNics : Filled mlx5_bond_4 in topo with pciPath=/sys/devices/pci0000:a5/0000:a5:02.0/0000:a6:00.0/0000:a7:04.0/0000:af:00.0/0000:b0:10.0/0000:b4:00.0 keep=1 coll=(null)
x08j03289:87141:89163 [2] NCCL INFO TOPO/NET : Importing network plugins to topology
x08j03289:87141:89163 [2] NCCL INFO Retrieving state for IB
x08j03289:87141:89163 [2] NCCL INFO Initialized state 0 for IB
x08j03289:87141:89163 [2] NCCL INFO NET/IB : GPU Direct RDMA Enabled for HCA 0 'mlx5_bond_0'
x08j03289:87141:89163 [2] NCCL INFO ncclTopoPopulateNics : Filled mlx5_bond_0 in topo with pciPath=/sys/devices/pci0000:05/0000:05:02.0/0000:06:00.0 keep=1 coll=(null)
x08j03289:87141:89163 [2] NCCL INFO NET/IB : GPU Direct RDMA Enabled for HCA 1 'mlx5_bond_1'
x08j03289:87141:89163 [2] NCCL INFO ncclTopoPopulateNics : Filled mlx5_bond_1 in topo with pciPath=/sys/devices/pci0000:0b/0000:0b:02.0/0000:0c:00.0/0000:0d:04.0/0000:15:00.0/0000:16:10.0/0000:1a:00.0 keep=1 coll=(null)
x08j03289:87141:89163 [2] NCCL INFO NET/IB : GPU Direct RDMA Enabled for HCA 2 'mlx5_bond_2'
x08j03289:87141:89163 [2] NCCL INFO ncclTopoPopulateNics : Filled mlx5_bond_2 in topo with pciPath=/sys/devices/pci0000:40/0000:40:02.0/0000:41:00.0/0000:42:04.0/0000:49:00.0/0000:4a:10.0/0000:4f:00.0 keep=1 coll=(null)
x08j03289:87140:89008 [1] NCCL INFO TOPO/NET : Importing network plugins to topology
x08j03289:87140:89008 [1] NCCL INFO Retrieving state for IB
x08j03289:87140:89008 [1] NCCL INFO Initialized state 0 for IB
x08j03289:87140:89008 [1] NCCL INFO NET/IB : GPU Direct RDMA Enabled for HCA 0 'mlx5_bond_0'
x08j03289:87140:89008 [1] NCCL INFO ncclTopoPopulateNics : Filled mlx5_bond_0 in topo with pciPath=/sys/devices/pci0000:05/0000:05:02.0/0000:06:00.0 keep=1 coll=(null)
x08j03289:87141:89163 [2] NCCL INFO NET/IB : GPU Direct RDMA Enabled for HCA 3 'mlx5_bond_3'
x08j03289:87141:89163 [2] NCCL INFO ncclTopoPopulateNics : Filled mlx5_bond_3 in topo with pciPath=/sys/devices/pci0000:81/0000:81:02.0/0000:82:00.0/0000:83:04.0/0000:8a:00.0/0000:8b:10.0/0000:90:00.0 keep=1 coll=(null)
x08j03289:87140:89008 [1] NCCL INFO NET/IB : GPU Direct RDMA Enabled for HCA 1 'mlx5_bond_1'
x08j03289:87140:89008 [1] NCCL INFO ncclTopoPopulateNics : Filled mlx5_bond_1 in topo with pciPath=/sys/devices/pci0000:0b/0000:0b:02.0/0000:0c:00.0/0000:0d:04.0/0000:15:00.0/0000:16:10.0/0000:1a:00.0 keep=1 coll=(null)
x08j03290:58217:60215 [5] NCCL INFO TOPO/NET : Importing network plugins to topology
x08j03290:58217:60215 [5] NCCL INFO Retrieving state for IB
x08j03290:58217:60215 [5] NCCL INFO Initialized state 0 for IB
x08j03289:87141:89163 [2] NCCL INFO NET/IB : GPU Direct RDMA Enabled for HCA 4 'mlx5_bond_4'
x08j03289:87141:89163 [2] NCCL INFO ncclTopoPopulateNics : Filled mlx5_bond_4 in topo with pciPath=/sys/devices/pci0000:a5/0000:a5:02.0/0000:a6:00.0/0000:a7:04.0/0000:af:00.0/0000:b0:10.0/0000:b4:00.0 keep=1 coll=(null)
x08j03289:87141:89163 [2] NCCL INFO NET/IB : Made virtual device [5] name=mlx5_bond_0 speed=100000 ndevs=1
x08j03289:87141:89163 [2] NCCL INFO TOPO/NET : Made vNic 5
x08j03289:87141:89163 [2] NCCL INFO NET/IB : Made virtual device [6] name=mlx5_bond_1 speed=100000 ndevs=1
x08j03289:87141:89163 [2] NCCL INFO TOPO/NET : Made vNic 6
x08j03289:87141:89163 [2] NCCL INFO NET/IB : Made virtual device [7] name=mlx5_bond_2 speed=100000 ndevs=1
x08j03289:87141:89163 [2] NCCL INFO TOPO/NET : Made vNic 7
x08j03289:87141:89163 [2] NCCL INFO NET/IB : Made virtual device [8] name=mlx5_bond_3 speed=100000 ndevs=1
x08j03289:87141:89163 [2] NCCL INFO TOPO/NET : Made vNic 8
x08j03289:87141:89163 [2] NCCL INFO NET/IB : Made virtual device [9] name=mlx5_bond_4 speed=100000 ndevs=1
x08j03289:87141:89163 [2] NCCL INFO TOPO/NET : Made vNic 9
x08j03289:87141:89163 [2] NCCL INFO NET/IB : GPU Direct RDMA Enabled for HCA 0 'mlx5_bond_0'
x08j03289:87141:89163 [2] NCCL INFO ncclTopoPopulateNics : Filled mlx5_bond_0 in topo with pciPath=/sys/devices/pci0000:05/0000:05:02.0/0000:06:00.0 keep=0 coll=(null)
x08j03290:58217:60215 [5] NCCL INFO NET/IB : GPU Direct RDMA Enabled for HCA 0 'mlx5_bond_0'
x08j03290:58217:60215 [5] NCCL INFO ncclTopoPopulateNics : Filled mlx5_bond_0 in topo with pciPath=/sys/devices/pci0000:05/0000:05:02.0/0000:06:00.0 keep=1 coll=(null)
x08j03289:87141:89163 [2] NCCL INFO NET/IB : GPU Direct RDMA Enabled for HCA 1 'mlx5_bond_1'
x08j03289:87141:89163 [2] NCCL INFO ncclTopoPopulateNics : Filled mlx5_bond_1 in topo with pciPath=/sys/devices/pci0000:0b/0000:0b:02.0/0000:0c:00.0/0000:0d:04.0/0000:15:00.0/0000:16:10.0/0000:1a:00.0 keep=0 coll=(null)
x08j03289:87141:89163 [2] NCCL INFO NET/IB : GPU Direct RDMA Enabled for HCA 2 'mlx5_bond_2'
x08j03289:87141:89163 [2] NCCL INFO ncclTopoPopulateNics : Filled mlx5_bond_2 in topo with pciPath=/sys/devices/pci0000:40/0000:40:02.0/0000:41:00.0/0000:42:04.0/0000:49:00.0/0000:4a:10.0/0000:4f:00.0 keep=0 coll=(null)
x08j03289:87141:89163 [2] NCCL INFO NET/IB : GPU Direct RDMA Enabled for HCA 3 'mlx5_bond_3'
x08j03289:87141:89163 [2] NCCL INFO ncclTopoPopulateNics : Filled mlx5_bond_3 in topo with pciPath=/sys/devices/pci0000:81/0000:81:02.0/0000:82:00.0/0000:83:04.0/0000:8a:00.0/0000:8b:10.0/0000:90:00.0 keep=0 coll=(null)
x08j03289:87141:89163 [2] NCCL INFO NET/IB : GPU Direct RDMA Enabled for HCA 4 'mlx5_bond_4'
x08j03289:87141:89163 [2] NCCL INFO ncclTopoPopulateNics : Filled mlx5_bond_4 in topo with pciPath=/sys/devices/pci0000:a5/0000:a5:02.0/0000:a6:00.0/0000:a7:04.0/0000:af:00.0/0000:b0:10.0/0000:b4:00.0 keep=0 coll=(null)
x08j03289:87141:89163 [2] NCCL INFO NET/IB : GPU Direct RDMA Enabled for HCA 5 'mlx5_bond_0'
x08j03289:87141:89163 [2] NCCL INFO ncclTopoPopulateNics : Filled mlx5_bond_0 in topo with pciPath=/sys/devices/pci0000:05/0000:05:02.0/0000:06:00.0 keep=1 coll=(null)
x08j03289:87141:89163 [2] NCCL INFO NET/IB : GPU Direct RDMA Enabled for HCA 6 'mlx5_bond_1'
x08j03289:87141:89163 [2] NCCL INFO ncclTopoPopulateNics : Filled mlx5_bond_1 in topo with pciPath=/sys/devices/pci0000:0b/0000:0b:02.0/0000:0c:00.0/0000:0d:04.0/0000:15:00.0/0000:16:10.0/0000:1a:00.0 keep=1 coll=(null)
x08j03289:87141:89163 [2] NCCL INFO NET/IB : GPU Direct RDMA Enabled for HCA 7 'mlx5_bond_2'
x08j03289:87141:89163 [2] NCCL INFO ncclTopoPopulateNics : Filled mlx5_bond_2 in topo with pciPath=/sys/devices/pci0000:40/0000:40:02.0/0000:41:00.0/0000:42:04.0/0000:49:00.0/0000:4a:10.0/0000:4f:00.0 keep=1 coll=(null)
x08j03289:87141:89163 [2] NCCL INFO NET/IB : GPU Direct RDMA Enabled for HCA 8 'mlx5_bond_3'
x08j03289:87141:89163 [2] NCCL INFO ncclTopoPopulateNics : Filled mlx5_bond_3 in topo with pciPath=/sys/devices/pci0000:81/0000:81:02.0/0000:82:00.0/0000:83:04.0/0000:8a:00.0/0000:8b:10.0/0000:90:00.0 keep=1 coll=(null)
x08j03289:87141:89163 [2] NCCL INFO NET/IB : GPU Direct RDMA Enabled for HCA 9 'mlx5_bond_4'
x08j03289:87141:89163 [2] NCCL INFO ncclTopoPopulateNics : Filled mlx5_bond_4 in topo with pciPath=/sys/devices/pci0000:a5/0000:a5:02.0/0000:a6:00.0/0000:a7:04.0/0000:af:00.0/0000:b0:10.0/0000:b4:00.0 keep=1 coll=(null)
x08j03289:87140:89008 [1] NCCL INFO NET/IB : GPU Direct RDMA Enabled for HCA 2 'mlx5_bond_2'
x08j03289:87140:89008 [1] NCCL INFO ncclTopoPopulateNics : Filled mlx5_bond_2 in topo with pciPath=/sys/devices/pci0000:40/0000:40:02.0/0000:41:00.0/0000:42:04.0/0000:49:00.0/0000:4a:10.0/0000:4f:00.0 keep=1 coll=(null)
x08j03290:58217:60215 [5] NCCL INFO NET/IB : GPU Direct RDMA Enabled for HCA 1 'mlx5_bond_1'
x08j03290:58217:60215 [5] NCCL INFO ncclTopoPopulateNics : Filled mlx5_bond_1 in topo with pciPath=/sys/devices/pci0000:0b/0000:0b:02.0/0000:0c:00.0/0000:0d:04.0/0000:15:00.0/0000:16:10.0/0000:1a:00.0 keep=1 coll=(null)
x08j03289:87140:89008 [1] NCCL INFO NET/IB : GPU Direct RDMA Enabled for HCA 3 'mlx5_bond_3'
x08j03289:87140:89008 [1] NCCL INFO ncclTopoPopulateNics : Filled mlx5_bond_3 in topo with pciPath=/sys/devices/pci0000:81/0000:81:02.0/0000:82:00.0/0000:83:04.0/0000:8a:00.0/0000:8b:10.0/0000:90:00.0 keep=1 coll=(null)
x08j03289:87140:89008 [1] NCCL INFO NET/IB : GPU Direct RDMA Enabled for HCA 4 'mlx5_bond_4'
x08j03289:87140:89008 [1] NCCL INFO ncclTopoPopulateNics : Filled mlx5_bond_4 in topo with pciPath=/sys/devices/pci0000:a5/0000:a5:02.0/0000:a6:00.0/0000:a7:04.0/0000:af:00.0/0000:b0:10.0/0000:b4:00.0 keep=1 coll=(null)
x08j03289:87140:89008 [1] NCCL INFO NET/IB : Made virtual device [5] name=mlx5_bond_0 speed=100000 ndevs=1
x08j03289:87140:89008 [1] NCCL INFO TOPO/NET : Made vNic 5
x08j03289:87140:89008 [1] NCCL INFO NET/IB : Made virtual device [6] name=mlx5_bond_1 speed=100000 ndevs=1
x08j03289:87140:89008 [1] NCCL INFO TOPO/NET : Made vNic 6
x08j03289:87140:89008 [1] NCCL INFO NET/IB : Made virtual device [7] name=mlx5_bond_2 speed=100000 ndevs=1
x08j03289:87140:89008 [1] NCCL INFO TOPO/NET : Made vNic 7
x08j03289:87140:89008 [1] NCCL INFO NET/IB : Made virtual device [8] name=mlx5_bond_3 speed=100000 ndevs=1
x08j03289:87140:89008 [1] NCCL INFO TOPO/NET : Made vNic 8
x08j03289:87140:89008 [1] NCCL INFO NET/IB : Made virtual device [9] name=mlx5_bond_4 speed=100000 ndevs=1
x08j03289:87140:89008 [1] NCCL INFO TOPO/NET : Made vNic 9
x08j03289:87140:89008 [1] NCCL INFO NET/IB : GPU Direct RDMA Enabled for HCA 0 'mlx5_bond_0'
x08j03289:87140:89008 [1] NCCL INFO ncclTopoPopulateNics : Filled mlx5_bond_0 in topo with pciPath=/sys/devices/pci0000:05/0000:05:02.0/0000:06:00.0 keep=0 coll=(null)
x08j03289:87140:89008 [1] NCCL INFO NET/IB : GPU Direct RDMA Enabled for HCA 1 'mlx5_bond_1'
x08j03289:87140:89008 [1] NCCL INFO ncclTopoPopulateNics : Filled mlx5_bond_1 in topo with pciPath=/sys/devices/pci0000:0b/0000:0b:02.0/0000:0c:00.0/0000:0d:04.0/0000:15:00.0/0000:16:10.0/0000:1a:00.0 keep=0 coll=(null)
x08j03289:87140:89008 [1] NCCL INFO NET/IB : GPU Direct RDMA Enabled for HCA 2 'mlx5_bond_2'
x08j03289:87140:89008 [1] NCCL INFO ncclTopoPopulateNics : Filled mlx5_bond_2 in topo with pciPath=/sys/devices/pci0000:40/0000:40:02.0/0000:41:00.0/0000:42:04.0/0000:49:00.0/0000:4a:10.0/0000:4f:00.0 keep=0 coll=(null)
x08j03289:87140:89008 [1] NCCL INFO NET/IB : GPU Direct RDMA Enabled for HCA 3 'mlx5_bond_3'
x08j03289:87140:89008 [1] NCCL INFO ncclTopoPopulateNics : Filled mlx5_bond_3 in topo with pciPath=/sys/devices/pci0000:81/0000:81:02.0/0000:82:00.0/0000:83:04.0/0000:8a:00.0/0000:8b:10.0/0000:90:00.0 keep=0 coll=(null)
x08j03289:87140:89008 [1] NCCL INFO NET/IB : GPU Direct RDMA Enabled for HCA 4 'mlx5_bond_4'
x08j03289:87140:89008 [1] NCCL INFO ncclTopoPopulateNics : Filled mlx5_bond_4 in topo with pciPath=/sys/devices/pci0000:a5/0000:a5:02.0/0000:a6:00.0/0000:a7:04.0/0000:af:00.0/0000:b0:10.0/0000:b4:00.0 keep=0 coll=(null)
x08j03290:58217:60215 [5] NCCL INFO NET/IB : GPU Direct RDMA Enabled for HCA 2 'mlx5_bond_2'
x08j03290:58217:60215 [5] NCCL INFO ncclTopoPopulateNics : Filled mlx5_bond_2 in topo with pciPath=/sys/devices/pci0000:40/0000:40:02.0/0000:41:00.0/0000:42:04.0/0000:49:00.0/0000:4a:10.0/0000:4f:00.0 keep=1 coll=(null)
x08j03289:87140:89008 [1] NCCL INFO NET/IB : GPU Direct RDMA Enabled for HCA 5 'mlx5_bond_0'
x08j03289:87140:89008 [1] NCCL INFO ncclTopoPopulateNics : Filled mlx5_bond_0 in topo with pciPath=/sys/devices/pci0000:05/0000:05:02.0/0000:06:00.0 keep=1 coll=(null)
x08j03289:87140:89008 [1] NCCL INFO NET/IB : GPU Direct RDMA Enabled for HCA 6 'mlx5_bond_1'
x08j03289:87140:89008 [1] NCCL INFO ncclTopoPopulateNics : Filled mlx5_bond_1 in topo with pciPath=/sys/devices/pci0000:0b/0000:0b:02.0/0000:0c:00.0/0000:0d:04.0/0000:15:00.0/0000:16:10.0/0000:1a:00.0 keep=1 coll=(null)
x08j03289:87140:89008 [1] NCCL INFO NET/IB : GPU Direct RDMA Enabled for HCA 7 'mlx5_bond_2'
x08j03289:87140:89008 [1] NCCL INFO ncclTopoPopulateNics : Filled mlx5_bond_2 in topo with pciPath=/sys/devices/pci0000:40/0000:40:02.0/0000:41:00.0/0000:42:04.0/0000:49:00.0/0000:4a:10.0/0000:4f:00.0 keep=1 coll=(null)
x08j03289:87140:89008 [1] NCCL INFO NET/IB : GPU Direct RDMA Enabled for HCA 8 'mlx5_bond_3'
x08j03289:87140:89008 [1] NCCL INFO ncclTopoPopulateNics : Filled mlx5_bond_3 in topo with pciPath=/sys/devices/pci0000:81/0000:81:02.0/0000:82:00.0/0000:83:04.0/0000:8a:00.0/0000:8b:10.0/0000:90:00.0 keep=1 coll=(null)
x08j03289:87140:89008 [1] NCCL INFO NET/IB : GPU Direct RDMA Enabled for HCA 9 'mlx5_bond_4'
x08j03289:87140:89008 [1] NCCL INFO ncclTopoPopulateNics : Filled mlx5_bond_4 in topo with pciPath=/sys/devices/pci0000:a5/0000:a5:02.0/0000:a6:00.0/0000:a7:04.0/0000:af:00.0/0000:b0:10.0/0000:b4:00.0 keep=1 coll=(null)
x08j03290:58223:60225 [7] NCCL INFO TOPO/NET : Importing network plugins to topology
x08j03290:58223:60225 [7] NCCL INFO Retrieving state for IB
x08j03290:58223:60225 [7] NCCL INFO Initialized state 0 for IB
x08j03290:58223:60225 [7] NCCL INFO NET/IB : GPU Direct RDMA Enabled for HCA 0 'mlx5_bond_0'
x08j03290:58223:60225 [7] NCCL INFO ncclTopoPopulateNics : Filled mlx5_bond_0 in topo with pciPath=/sys/devices/pci0000:05/0000:05:02.0/0000:06:00.0 keep=1 coll=(null)
x08j03290:58217:60215 [5] NCCL INFO NET/IB : GPU Direct RDMA Enabled for HCA 3 'mlx5_bond_3'
x08j03290:58217:60215 [5] NCCL INFO ncclTopoPopulateNics : Filled mlx5_bond_3 in topo with pciPath=/sys/devices/pci0000:81/0000:81:02.0/0000:82:00.0/0000:83:04.0/0000:8a:00.0/0000:8b:10.0/0000:90:00.0 keep=1 coll=(null)
x08j03290:58223:60225 [7] NCCL INFO NET/IB : GPU Direct RDMA Enabled for HCA 1 'mlx5_bond_1'
x08j03290:58223:60225 [7] NCCL INFO ncclTopoPopulateNics : Filled mlx5_bond_1 in topo with pciPath=/sys/devices/pci0000:0b/0000:0b:02.0/0000:0c:00.0/0000:0d:04.0/0000:15:00.0/0000:16:10.0/0000:1a:00.0 keep=1 coll=(null)
x08j03290:58217:60215 [5] NCCL INFO NET/IB : GPU Direct RDMA Enabled for HCA 4 'mlx5_bond_4'
x08j03290:58217:60215 [5] NCCL INFO ncclTopoPopulateNics : Filled mlx5_bond_4 in topo with pciPath=/sys/devices/pci0000:a5/0000:a5:02.0/0000:a6:00.0/0000:a7:04.0/0000:af:00.0/0000:b0:10.0/0000:b4:00.0 keep=1 coll=(null)
x08j03290:58219:60306 [6] NCCL INFO TOPO/NET : Importing network plugins to topology
x08j03290:58219:60306 [6] NCCL INFO Retrieving state for IB
x08j03290:58219:60306 [6] NCCL INFO Initialized state 0 for IB
x08j03290:58217:60215 [5] NCCL INFO NET/IB : Made virtual device [5] name=mlx5_bond_0 speed=100000 ndevs=1
x08j03290:58217:60215 [5] NCCL INFO TOPO/NET : Made vNic 5
x08j03290:58217:60215 [5] NCCL INFO NET/IB : Made virtual device [6] name=mlx5_bond_1 speed=100000 ndevs=1
x08j03290:58217:60215 [5] NCCL INFO TOPO/NET : Made vNic 6
x08j03290:58217:60215 [5] NCCL INFO NET/IB : Made virtual device [7] name=mlx5_bond_2 speed=100000 ndevs=1
x08j03290:58217:60215 [5] NCCL INFO TOPO/NET : Made vNic 7
x08j03290:58217:60215 [5] NCCL INFO NET/IB : Made virtual device [8] name=mlx5_bond_3 speed=100000 ndevs=1
x08j03290:58217:60215 [5] NCCL INFO TOPO/NET : Made vNic 8
x08j03290:58217:60215 [5] NCCL INFO NET/IB : Made virtual device [9] name=mlx5_bond_4 speed=100000 ndevs=1
x08j03290:58217:60215 [5] NCCL INFO TOPO/NET : Made vNic 9
x08j03290:58217:60215 [5] NCCL INFO NET/IB : GPU Direct RDMA Enabled for HCA 0 'mlx5_bond_0'
x08j03290:58217:60215 [5] NCCL INFO ncclTopoPopulateNics : Filled mlx5_bond_0 in topo with pciPath=/sys/devices/pci0000:05/0000:05:02.0/0000:06:00.0 keep=0 coll=(null)
x08j03290:58217:60215 [5] NCCL INFO NET/IB : GPU Direct RDMA Enabled for HCA 1 'mlx5_bond_1'
x08j03290:58217:60215 [5] NCCL INFO ncclTopoPopulateNics : Filled mlx5_bond_1 in topo with pciPath=/sys/devices/pci0000:0b/0000:0b:02.0/0000:0c:00.0/0000:0d:04.0/0000:15:00.0/0000:16:10.0/0000:1a:00.0 keep=0 coll=(null)
x08j03290:58217:60215 [5] NCCL INFO NET/IB : GPU Direct RDMA Enabled for HCA 2 'mlx5_bond_2'
x08j03290:58217:60215 [5] NCCL INFO ncclTopoPopulateNics : Filled mlx5_bond_2 in topo with pciPath=/sys/devices/pci0000:40/0000:40:02.0/0000:41:00.0/0000:42:04.0/0000:49:00.0/0000:4a:10.0/0000:4f:00.0 keep=0 coll=(null)
x08j03290:58217:60215 [5] NCCL INFO NET/IB : GPU Direct RDMA Enabled for HCA 3 'mlx5_bond_3'
x08j03290:58217:60215 [5] NCCL INFO ncclTopoPopulateNics : Filled mlx5_bond_3 in topo with pciPath=/sys/devices/pci0000:81/0000:81:02.0/0000:82:00.0/0000:83:04.0/0000:8a:00.0/0000:8b:10.0/0000:90:00.0 keep=0 coll=(null)
x08j03290:58217:60215 [5] NCCL INFO NET/IB : GPU Direct RDMA Enabled for HCA 4 'mlx5_bond_4'
x08j03290:58217:60215 [5] NCCL INFO ncclTopoPopulateNics : Filled mlx5_bond_4 in topo with pciPath=/sys/devices/pci0000:a5/0000:a5:02.0/0000:a6:00.0/0000:a7:04.0/0000:af:00.0/0000:b0:10.0/0000:b4:00.0 keep=0 coll=(null)
x08j03290:58217:60215 [5] NCCL INFO NET/IB : GPU Direct RDMA Enabled for HCA 5 'mlx5_bond_0'
x08j03290:58217:60215 [5] NCCL INFO ncclTopoPopulateNics : Filled mlx5_bond_0 in topo with pciPath=/sys/devices/pci0000:05/0000:05:02.0/0000:06:00.0 keep=1 coll=(null)
x08j03290:58217:60215 [5] NCCL INFO NET/IB : GPU Direct RDMA Enabled for HCA 6 'mlx5_bond_1'
x08j03290:58217:60215 [5] NCCL INFO ncclTopoPopulateNics : Filled mlx5_bond_1 in topo with pciPath=/sys/devices/pci0000:0b/0000:0b:02.0/0000:0c:00.0/0000:0d:04.0/0000:15:00.0/0000:16:10.0/0000:1a:00.0 keep=1 coll=(null)
x08j03290:58217:60215 [5] NCCL INFO NET/IB : GPU Direct RDMA Enabled for HCA 7 'mlx5_bond_2'
x08j03290:58217:60215 [5] NCCL INFO ncclTopoPopulateNics : Filled mlx5_bond_2 in topo with pciPath=/sys/devices/pci0000:40/0000:40:02.0/0000:41:00.0/0000:42:04.0/0000:49:00.0/0000:4a:10.0/0000:4f:00.0 keep=1 coll=(null)
x08j03290:58217:60215 [5] NCCL INFO NET/IB : GPU Direct RDMA Enabled for HCA 8 'mlx5_bond_3'
x08j03290:58217:60215 [5] NCCL INFO ncclTopoPopulateNics : Filled mlx5_bond_3 in topo with pciPath=/sys/devices/pci0000:81/0000:81:02.0/0000:82:00.0/0000:83:04.0/0000:8a:00.0/0000:8b:10.0/0000:90:00.0 keep=1 coll=(null)
x08j03290:58217:60215 [5] NCCL INFO NET/IB : GPU Direct RDMA Enabled for HCA 9 'mlx5_bond_4'
x08j03290:58217:60215 [5] NCCL INFO ncclTopoPopulateNics : Filled mlx5_bond_4 in topo with pciPath=/sys/devices/pci0000:a5/0000:a5:02.0/0000:a6:00.0/0000:a7:04.0/0000:af:00.0/0000:b0:10.0/0000:b4:00.0 keep=1 coll=(null)
x08j03290:58219:60306 [6] NCCL INFO NET/IB : GPU Direct RDMA Enabled for HCA 0 'mlx5_bond_0'
x08j03290:58219:60306 [6] NCCL INFO ncclTopoPopulateNics : Filled mlx5_bond_0 in topo with pciPath=/sys/devices/pci0000:05/0000:05:02.0/0000:06:00.0 keep=1 coll=(null)
x08j03290:58223:60225 [7] NCCL INFO NET/IB : GPU Direct RDMA Enabled for HCA 2 'mlx5_bond_2'
x08j03290:58223:60225 [7] NCCL INFO ncclTopoPopulateNics : Filled mlx5_bond_2 in topo with pciPath=/sys/devices/pci0000:40/0000:40:02.0/0000:41:00.0/0000:42:04.0/0000:49:00.0/0000:4a:10.0/0000:4f:00.0 keep=1 coll=(null)
x08j03290:58214:60216 [3] NCCL INFO TOPO/NET : Importing network plugins to topology
x08j03290:58214:60216 [3] NCCL INFO Retrieving state for IB
x08j03290:58214:60216 [3] NCCL INFO Initialized state 0 for IB
x08j03290:58214:60216 [3] NCCL INFO NET/IB : GPU Direct RDMA Enabled for HCA 0 'mlx5_bond_0'
x08j03290:58214:60216 [3] NCCL INFO ncclTopoPopulateNics : Filled mlx5_bond_0 in topo with pciPath=/sys/devices/pci0000:05/0000:05:02.0/0000:06:00.0 keep=1 coll=(null)
x08j03290:58219:60306 [6] NCCL INFO NET/IB : GPU Direct RDMA Enabled for HCA 1 'mlx5_bond_1'
x08j03290:58219:60306 [6] NCCL INFO ncclTopoPopulateNics : Filled mlx5_bond_1 in topo with pciPath=/sys/devices/pci0000:0b/0000:0b:02.0/0000:0c:00.0/0000:0d:04.0/0000:15:00.0/0000:16:10.0/0000:1a:00.0 keep=1 coll=(null)
x08j03290:58223:60225 [7] NCCL INFO NET/IB : GPU Direct RDMA Enabled for HCA 3 'mlx5_bond_3'
x08j03290:58223:60225 [7] NCCL INFO ncclTopoPopulateNics : Filled mlx5_bond_3 in topo with pciPath=/sys/devices/pci0000:81/0000:81:02.0/0000:82:00.0/0000:83:04.0/0000:8a:00.0/0000:8b:10.0/0000:90:00.0 keep=1 coll=(null)
x08j03290:58214:60216 [3] NCCL INFO NET/IB : GPU Direct RDMA Enabled for HCA 1 'mlx5_bond_1'
x08j03290:58214:60216 [3] NCCL INFO ncclTopoPopulateNics : Filled mlx5_bond_1 in topo with pciPath=/sys/devices/pci0000:0b/0000:0b:02.0/0000:0c:00.0/0000:0d:04.0/0000:15:00.0/0000:16:10.0/0000:1a:00.0 keep=1 coll=(null)
x08j03290:58223:60225 [7] NCCL INFO NET/IB : GPU Direct RDMA Enabled for HCA 4 'mlx5_bond_4'
x08j03290:58223:60225 [7] NCCL INFO ncclTopoPopulateNics : Filled mlx5_bond_4 in topo with pciPath=/sys/devices/pci0000:a5/0000:a5:02.0/0000:a6:00.0/0000:a7:04.0/0000:af:00.0/0000:b0:10.0/0000:b4:00.0 keep=1 coll=(null)
x08j03290:58215:60303 [4] NCCL INFO TOPO/NET : Importing network plugins to topology
x08j03290:58215:60303 [4] NCCL INFO Retrieving state for IB
x08j03290:58215:60303 [4] NCCL INFO Initialized state 0 for IB
x08j03290:58223:60225 [7] NCCL INFO NET/IB : Made virtual device [5] name=mlx5_bond_0 speed=100000 ndevs=1
x08j03290:58223:60225 [7] NCCL INFO TOPO/NET : Made vNic 5
x08j03290:58223:60225 [7] NCCL INFO NET/IB : Made virtual device [6] name=mlx5_bond_1 speed=100000 ndevs=1
x08j03290:58223:60225 [7] NCCL INFO TOPO/NET : Made vNic 6
x08j03290:58223:60225 [7] NCCL INFO NET/IB : Made virtual device [7] name=mlx5_bond_2 speed=100000 ndevs=1
x08j03290:58223:60225 [7] NCCL INFO TOPO/NET : Made vNic 7
x08j03290:58223:60225 [7] NCCL INFO NET/IB : Made virtual device [8] name=mlx5_bond_3 speed=100000 ndevs=1
x08j03290:58223:60225 [7] NCCL INFO TOPO/NET : Made vNic 8
x08j03290:58223:60225 [7] NCCL INFO NET/IB : Made virtual device [9] name=mlx5_bond_4 speed=100000 ndevs=1
x08j03290:58223:60225 [7] NCCL INFO TOPO/NET : Made vNic 9
x08j03290:58223:60225 [7] NCCL INFO NET/IB : GPU Direct RDMA Enabled for HCA 0 'mlx5_bond_0'
x08j03290:58223:60225 [7] NCCL INFO ncclTopoPopulateNics : Filled mlx5_bond_0 in topo with pciPath=/sys/devices/pci0000:05/0000:05:02.0/0000:06:00.0 keep=0 coll=(null)
x08j03290:58223:60225 [7] NCCL INFO NET/IB : GPU Direct RDMA Enabled for HCA 1 'mlx5_bond_1'
x08j03290:58223:60225 [7] NCCL INFO ncclTopoPopulateNics : Filled mlx5_bond_1 in topo with pciPath=/sys/devices/pci0000:0b/0000:0b:02.0/0000:0c:00.0/0000:0d:04.0/0000:15:00.0/0000:16:10.0/0000:1a:00.0 keep=0 coll=(null)
x08j03290:58223:60225 [7] NCCL INFO NET/IB : GPU Direct RDMA Enabled for HCA 2 'mlx5_bond_2'
x08j03290:58223:60225 [7] NCCL INFO ncclTopoPopulateNics : Filled mlx5_bond_2 in topo with pciPath=/sys/devices/pci0000:40/0000:40:02.0/0000:41:00.0/0000:42:04.0/0000:49:00.0/0000:4a:10.0/0000:4f:00.0 keep=0 coll=(null)
x08j03290:58223:60225 [7] NCCL INFO NET/IB : GPU Direct RDMA Enabled for HCA 3 'mlx5_bond_3'
x08j03290:58223:60225 [7] NCCL INFO ncclTopoPopulateNics : Filled mlx5_bond_3 in topo with pciPath=/sys/devices/pci0000:81/0000:81:02.0/0000:82:00.0/0000:83:04.0/0000:8a:00.0/0000:8b:10.0/0000:90:00.0 keep=0 coll=(null)
x08j03290:58223:60225 [7] NCCL INFO NET/IB : GPU Direct RDMA Enabled for HCA 4 'mlx5_bond_4'
x08j03290:58223:60225 [7] NCCL INFO ncclTopoPopulateNics : Filled mlx5_bond_4 in topo with pciPath=/sys/devices/pci0000:a5/0000:a5:02.0/0000:a6:00.0/0000:a7:04.0/0000:af:00.0/0000:b0:10.0/0000:b4:00.0 keep=0 coll=(null)
x08j03290:58223:60225 [7] NCCL INFO NET/IB : GPU Direct RDMA Enabled for HCA 5 'mlx5_bond_0'
x08j03290:58223:60225 [7] NCCL INFO ncclTopoPopulateNics : Filled mlx5_bond_0 in topo with pciPath=/sys/devices/pci0000:05/0000:05:02.0/0000:06:00.0 keep=1 coll=(null)
x08j03290:58223:60225 [7] NCCL INFO NET/IB : GPU Direct RDMA Enabled for HCA 6 'mlx5_bond_1'
x08j03290:58223:60225 [7] NCCL INFO ncclTopoPopulateNics : Filled mlx5_bond_1 in topo with pciPath=/sys/devices/pci0000:0b/0000:0b:02.0/0000:0c:00.0/0000:0d:04.0/0000:15:00.0/0000:16:10.0/0000:1a:00.0 keep=1 coll=(null)
x08j03290:58223:60225 [7] NCCL INFO NET/IB : GPU Direct RDMA Enabled for HCA 7 'mlx5_bond_2'
x08j03290:58223:60225 [7] NCCL INFO ncclTopoPopulateNics : Filled mlx5_bond_2 in topo with pciPath=/sys/devices/pci0000:40/0000:40:02.0/0000:41:00.0/0000:42:04.0/0000:49:00.0/0000:4a:10.0/0000:4f:00.0 keep=1 coll=(null)
x08j03290:58223:60225 [7] NCCL INFO NET/IB : GPU Direct RDMA Enabled for HCA 8 'mlx5_bond_3'
x08j03290:58223:60225 [7] NCCL INFO ncclTopoPopulateNics : Filled mlx5_bond_3 in topo with pciPath=/sys/devices/pci0000:81/0000:81:02.0/0000:82:00.0/0000:83:04.0/0000:8a:00.0/0000:8b:10.0/0000:90:00.0 keep=1 coll=(null)
x08j03290:58223:60225 [7] NCCL INFO NET/IB : GPU Direct RDMA Enabled for HCA 9 'mlx5_bond_4'
x08j03290:58223:60225 [7] NCCL INFO ncclTopoPopulateNics : Filled mlx5_bond_4 in topo with pciPath=/sys/devices/pci0000:a5/0000:a5:02.0/0000:a6:00.0/0000:a7:04.0/0000:af:00.0/0000:b0:10.0/0000:b4:00.0 keep=1 coll=(null)
x08j03290:58219:60306 [6] NCCL INFO NET/IB : GPU Direct RDMA Enabled for HCA 2 'mlx5_bond_2'
x08j03290:58219:60306 [6] NCCL INFO ncclTopoPopulateNics : Filled mlx5_bond_2 in topo with pciPath=/sys/devices/pci0000:40/0000:40:02.0/0000:41:00.0/0000:42:04.0/0000:49:00.0/0000:4a:10.0/0000:4f:00.0 keep=1 coll=(null)
x08j03290:58215:60303 [4] NCCL INFO NET/IB : GPU Direct RDMA Enabled for HCA 0 'mlx5_bond_0'
x08j03290:58215:60303 [4] NCCL INFO ncclTopoPopulateNics : Filled mlx5_bond_0 in topo with pciPath=/sys/devices/pci0000:05/0000:05:02.0/0000:06:00.0 keep=1 coll=(null)
x08j03290:58214:60216 [3] NCCL INFO NET/IB : GPU Direct RDMA Enabled for HCA 2 'mlx5_bond_2'
x08j03290:58214:60216 [3] NCCL INFO ncclTopoPopulateNics : Filled mlx5_bond_2 in topo with pciPath=/sys/devices/pci0000:40/0000:40:02.0/0000:41:00.0/0000:42:04.0/0000:49:00.0/0000:4a:10.0/0000:4f:00.0 keep=1 coll=(null)
x08j03290:58212:60305 [1] NCCL INFO TOPO/NET : Importing network plugins to topology
x08j03290:58212:60305 [1] NCCL INFO Retrieving state for IB
x08j03290:58212:60305 [1] NCCL INFO Initialized state 0 for IB
x08j03290:58212:60305 [1] NCCL INFO NET/IB : GPU Direct RDMA Enabled for HCA 0 'mlx5_bond_0'
x08j03290:58212:60305 [1] NCCL INFO ncclTopoPopulateNics : Filled mlx5_bond_0 in topo with pciPath=/sys/devices/pci0000:05/0000:05:02.0/0000:06:00.0 keep=1 coll=(null)
x08j03290:58219:60306 [6] NCCL INFO NET/IB : GPU Direct RDMA Enabled for HCA 3 'mlx5_bond_3'
x08j03290:58219:60306 [6] NCCL INFO ncclTopoPopulateNics : Filled mlx5_bond_3 in topo with pciPath=/sys/devices/pci0000:81/0000:81:02.0/0000:82:00.0/0000:83:04.0/0000:8a:00.0/0000:8b:10.0/0000:90:00.0 keep=1 coll=(null)
x08j03290:58215:60303 [4] NCCL INFO NET/IB : GPU Direct RDMA Enabled for HCA 1 'mlx5_bond_1'
x08j03290:58215:60303 [4] NCCL INFO ncclTopoPopulateNics : Filled mlx5_bond_1 in topo with pciPath=/sys/devices/pci0000:0b/0000:0b:02.0/0000:0c:00.0/0000:0d:04.0/0000:15:00.0/0000:16:10.0/0000:1a:00.0 keep=1 coll=(null)
x08j03290:58214:60216 [3] NCCL INFO NET/IB : GPU Direct RDMA Enabled for HCA 3 'mlx5_bond_3'
x08j03290:58214:60216 [3] NCCL INFO ncclTopoPopulateNics : Filled mlx5_bond_3 in topo with pciPath=/sys/devices/pci0000:81/0000:81:02.0/0000:82:00.0/0000:83:04.0/0000:8a:00.0/0000:8b:10.0/0000:90:00.0 keep=1 coll=(null)
x08j03290:58212:60305 [1] NCCL INFO NET/IB : GPU Direct RDMA Enabled for HCA 1 'mlx5_bond_1'
x08j03290:58212:60305 [1] NCCL INFO ncclTopoPopulateNics : Filled mlx5_bond_1 in topo with pciPath=/sys/devices/pci0000:0b/0000:0b:02.0/0000:0c:00.0/0000:0d:04.0/0000:15:00.0/0000:16:10.0/0000:1a:00.0 keep=1 coll=(null)
x08j03290:58219:60306 [6] NCCL INFO NET/IB : GPU Direct RDMA Enabled for HCA 4 'mlx5_bond_4'
x08j03290:58219:60306 [6] NCCL INFO ncclTopoPopulateNics : Filled mlx5_bond_4 in topo with pciPath=/sys/devices/pci0000:a5/0000:a5:02.0/0000:a6:00.0/0000:a7:04.0/0000:af:00.0/0000:b0:10.0/0000:b4:00.0 keep=1 coll=(null)
x08j03290:58219:60306 [6] NCCL INFO NET/IB : Made virtual device [5] name=mlx5_bond_0 speed=100000 ndevs=1
x08j03290:58219:60306 [6] NCCL INFO TOPO/NET : Made vNic 5
x08j03290:58219:60306 [6] NCCL INFO NET/IB : Made virtual device [6] name=mlx5_bond_1 speed=100000 ndevs=1
x08j03290:58219:60306 [6] NCCL INFO TOPO/NET : Made vNic 6
x08j03290:58219:60306 [6] NCCL INFO NET/IB : Made virtual device [7] name=mlx5_bond_2 speed=100000 ndevs=1
x08j03290:58219:60306 [6] NCCL INFO TOPO/NET : Made vNic 7
x08j03290:58219:60306 [6] NCCL INFO NET/IB : Made virtual device [8] name=mlx5_bond_3 speed=100000 ndevs=1
x08j03290:58219:60306 [6] NCCL INFO TOPO/NET : Made vNic 8
x08j03290:58219:60306 [6] NCCL INFO NET/IB : Made virtual device [9] name=mlx5_bond_4 speed=100000 ndevs=1
x08j03290:58219:60306 [6] NCCL INFO TOPO/NET : Made vNic 9
x08j03290:58219:60306 [6] NCCL INFO NET/IB : GPU Direct RDMA Enabled for HCA 0 'mlx5_bond_0'
x08j03290:58219:60306 [6] NCCL INFO ncclTopoPopulateNics : Filled mlx5_bond_0 in topo with pciPath=/sys/devices/pci0000:05/0000:05:02.0/0000:06:00.0 keep=0 coll=(null)
x08j03290:58219:60306 [6] NCCL INFO NET/IB : GPU Direct RDMA Enabled for HCA 1 'mlx5_bond_1'
x08j03290:58219:60306 [6] NCCL INFO ncclTopoPopulateNics : Filled mlx5_bond_1 in topo with pciPath=/sys/devices/pci0000:0b/0000:0b:02.0/0000:0c:00.0/0000:0d:04.0/0000:15:00.0/0000:16:10.0/0000:1a:00.0 keep=0 coll=(null)
x08j03290:58219:60306 [6] NCCL INFO NET/IB : GPU Direct RDMA Enabled for HCA 2 'mlx5_bond_2'
x08j03290:58219:60306 [6] NCCL INFO ncclTopoPopulateNics : Filled mlx5_bond_2 in topo with pciPath=/sys/devices/pci0000:40/0000:40:02.0/0000:41:00.0/0000:42:04.0/0000:49:00.0/0000:4a:10.0/0000:4f:00.0 keep=0 coll=(null)
x08j03290:58219:60306 [6] NCCL INFO NET/IB : GPU Direct RDMA Enabled for HCA 3 'mlx5_bond_3'
x08j03290:58219:60306 [6] NCCL INFO ncclTopoPopulateNics : Filled mlx5_bond_3 in topo with pciPath=/sys/devices/pci0000:81/0000:81:02.0/0000:82:00.0/0000:83:04.0/0000:8a:00.0/0000:8b:10.0/0000:90:00.0 keep=0 coll=(null)
x08j03290:58219:60306 [6] NCCL INFO NET/IB : GPU Direct RDMA Enabled for HCA 4 'mlx5_bond_4'
x08j03290:58219:60306 [6] NCCL INFO ncclTopoPopulateNics : Filled mlx5_bond_4 in topo with pciPath=/sys/devices/pci0000:a5/0000:a5:02.0/0000:a6:00.0/0000:a7:04.0/0000:af:00.0/0000:b0:10.0/0000:b4:00.0 keep=0 coll=(null)
x08j03290:58219:60306 [6] NCCL INFO NET/IB : GPU Direct RDMA Enabled for HCA 5 'mlx5_bond_0'
x08j03290:58219:60306 [6] NCCL INFO ncclTopoPopulateNics : Filled mlx5_bond_0 in topo with pciPath=/sys/devices/pci0000:05/0000:05:02.0/0000:06:00.0 keep=1 coll=(null)
x08j03290:58219:60306 [6] NCCL INFO NET/IB : GPU Direct RDMA Enabled for HCA 6 'mlx5_bond_1'
x08j03290:58219:60306 [6] NCCL INFO ncclTopoPopulateNics : Filled mlx5_bond_1 in topo with pciPath=/sys/devices/pci0000:0b/0000:0b:02.0/0000:0c:00.0/0000:0d:04.0/0000:15:00.0/0000:16:10.0/0000:1a:00.0 keep=1 coll=(null)
x08j03290:58219:60306 [6] NCCL INFO NET/IB : GPU Direct RDMA Enabled for HCA 7 'mlx5_bond_2'
x08j03290:58219:60306 [6] NCCL INFO ncclTopoPopulateNics : Filled mlx5_bond_2 in topo with pciPath=/sys/devices/pci0000:40/0000:40:02.0/0000:41:00.0/0000:42:04.0/0000:49:00.0/0000:4a:10.0/0000:4f:00.0 keep=1 coll=(null)
x08j03290:58219:60306 [6] NCCL INFO NET/IB : GPU Direct RDMA Enabled for HCA 8 'mlx5_bond_3'
x08j03290:58219:60306 [6] NCCL INFO ncclTopoPopulateNics : Filled mlx5_bond_3 in topo with pciPath=/sys/devices/pci0000:81/0000:81:02.0/0000:82:00.0/0000:83:04.0/0000:8a:00.0/0000:8b:10.0/0000:90:00.0 keep=1 coll=(null)
x08j03290:58219:60306 [6] NCCL INFO NET/IB : GPU Direct RDMA Enabled for HCA 9 'mlx5_bond_4'
x08j03290:58219:60306 [6] NCCL INFO ncclTopoPopulateNics : Filled mlx5_bond_4 in topo with pciPath=/sys/devices/pci0000:a5/0000:a5:02.0/0000:a6:00.0/0000:a7:04.0/0000:af:00.0/0000:b0:10.0/0000:b4:00.0 keep=1 coll=(null)
x08j03290:58214:60216 [3] NCCL INFO NET/IB : GPU Direct RDMA Enabled for HCA 4 'mlx5_bond_4'
x08j03290:58214:60216 [3] NCCL INFO ncclTopoPopulateNics : Filled mlx5_bond_4 in topo with pciPath=/sys/devices/pci0000:a5/0000:a5:02.0/0000:a6:00.0/0000:a7:04.0/0000:af:00.0/0000:b0:10.0/0000:b4:00.0 keep=1 coll=(null)
x08j03290:58214:60216 [3] NCCL INFO NET/IB : Made virtual device [5] name=mlx5_bond_0 speed=100000 ndevs=1
x08j03290:58214:60216 [3] NCCL INFO TOPO/NET : Made vNic 5
x08j03290:58214:60216 [3] NCCL INFO NET/IB : Made virtual device [6] name=mlx5_bond_1 speed=100000 ndevs=1
x08j03290:58214:60216 [3] NCCL INFO TOPO/NET : Made vNic 6
x08j03290:58214:60216 [3] NCCL INFO NET/IB : Made virtual device [7] name=mlx5_bond_2 speed=100000 ndevs=1
x08j03290:58214:60216 [3] NCCL INFO TOPO/NET : Made vNic 7
x08j03290:58214:60216 [3] NCCL INFO NET/IB : Made virtual device [8] name=mlx5_bond_3 speed=100000 ndevs=1
x08j03290:58214:60216 [3] NCCL INFO TOPO/NET : Made vNic 8
x08j03290:58215:60303 [4] NCCL INFO NET/IB : GPU Direct RDMA Enabled for HCA 2 'mlx5_bond_2'
x08j03290:58215:60303 [4] NCCL INFO ncclTopoPopulateNics : Filled mlx5_bond_2 in topo with pciPath=/sys/devices/pci0000:40/0000:40:02.0/0000:41:00.0/0000:42:04.0/0000:49:00.0/0000:4a:10.0/0000:4f:00.0 keep=1 coll=(null)
x08j03290:58214:60216 [3] NCCL INFO NET/IB : Made virtual device [9] name=mlx5_bond_4 speed=100000 ndevs=1
x08j03290:58214:60216 [3] NCCL INFO TOPO/NET : Made vNic 9
x08j03290:58214:60216 [3] NCCL INFO NET/IB : GPU Direct RDMA Enabled for HCA 0 'mlx5_bond_0'
x08j03290:58214:60216 [3] NCCL INFO ncclTopoPopulateNics : Filled mlx5_bond_0 in topo with pciPath=/sys/devices/pci0000:05/0000:05:02.0/0000:06:00.0 keep=0 coll=(null)
x08j03290:58214:60216 [3] NCCL INFO NET/IB : GPU Direct RDMA Enabled for HCA 1 'mlx5_bond_1'
x08j03290:58214:60216 [3] NCCL INFO ncclTopoPopulateNics : Filled mlx5_bond_1 in topo with pciPath=/sys/devices/pci0000:0b/0000:0b:02.0/0000:0c:00.0/0000:0d:04.0/0000:15:00.0/0000:16:10.0/0000:1a:00.0 keep=0 coll=(null)
x08j03290:58214:60216 [3] NCCL INFO NET/IB : GPU Direct RDMA Enabled for HCA 2 'mlx5_bond_2'
x08j03290:58214:60216 [3] NCCL INFO ncclTopoPopulateNics : Filled mlx5_bond_2 in topo with pciPath=/sys/devices/pci0000:40/0000:40:02.0/0000:41:00.0/0000:42:04.0/0000:49:00.0/0000:4a:10.0/0000:4f:00.0 keep=0 coll=(null)
x08j03290:58214:60216 [3] NCCL INFO NET/IB : GPU Direct RDMA Enabled for HCA 3 'mlx5_bond_3'
x08j03290:58214:60216 [3] NCCL INFO ncclTopoPopulateNics : Filled mlx5_bond_3 in topo with pciPath=/sys/devices/pci0000:81/0000:81:02.0/0000:82:00.0/0000:83:04.0/0000:8a:00.0/0000:8b:10.0/0000:90:00.0 keep=0 coll=(null)
x08j03290:58214:60216 [3] NCCL INFO NET/IB : GPU Direct RDMA Enabled for HCA 4 'mlx5_bond_4'
x08j03290:58214:60216 [3] NCCL INFO ncclTopoPopulateNics : Filled mlx5_bond_4 in topo with pciPath=/sys/devices/pci0000:a5/0000:a5:02.0/0000:a6:00.0/0000:a7:04.0/0000:af:00.0/0000:b0:10.0/0000:b4:00.0 keep=0 coll=(null)
x08j03290:58214:60216 [3] NCCL INFO NET/IB : GPU Direct RDMA Enabled for HCA 5 'mlx5_bond_0'
x08j03290:58214:60216 [3] NCCL INFO ncclTopoPopulateNics : Filled mlx5_bond_0 in topo with pciPath=/sys/devices/pci0000:05/0000:05:02.0/0000:06:00.0 keep=1 coll=(null)
x08j03290:58214:60216 [3] NCCL INFO NET/IB : GPU Direct RDMA Enabled for HCA 6 'mlx5_bond_1'
x08j03290:58214:60216 [3] NCCL INFO ncclTopoPopulateNics : Filled mlx5_bond_1 in topo with pciPath=/sys/devices/pci0000:0b/0000:0b:02.0/0000:0c:00.0/0000:0d:04.0/0000:15:00.0/0000:16:10.0/0000:1a:00.0 keep=1 coll=(null)
x08j03290:58214:60216 [3] NCCL INFO NET/IB : GPU Direct RDMA Enabled for HCA 7 'mlx5_bond_2'
x08j03290:58214:60216 [3] NCCL INFO ncclTopoPopulateNics : Filled mlx5_bond_2 in topo with pciPath=/sys/devices/pci0000:40/0000:40:02.0/0000:41:00.0/0000:42:04.0/0000:49:00.0/0000:4a:10.0/0000:4f:00.0 keep=1 coll=(null)
x08j03290:58214:60216 [3] NCCL INFO NET/IB : GPU Direct RDMA Enabled for HCA 8 'mlx5_bond_3'
x08j03290:58214:60216 [3] NCCL INFO ncclTopoPopulateNics : Filled mlx5_bond_3 in topo with pciPath=/sys/devices/pci0000:81/0000:81:02.0/0000:82:00.0/0000:83:04.0/0000:8a:00.0/0000:8b:10.0/0000:90:00.0 keep=1 coll=(null)
x08j03290:58214:60216 [3] NCCL INFO NET/IB : GPU Direct RDMA Enabled for HCA 9 'mlx5_bond_4'
x08j03290:58214:60216 [3] NCCL INFO ncclTopoPopulateNics : Filled mlx5_bond_4 in topo with pciPath=/sys/devices/pci0000:a5/0000:a5:02.0/0000:a6:00.0/0000:a7:04.0/0000:af:00.0/0000:b0:10.0/0000:b4:00.0 keep=1 coll=(null)
x08j03290:58212:60305 [1] NCCL INFO NET/IB : GPU Direct RDMA Enabled for HCA 2 'mlx5_bond_2'
x08j03290:58212:60305 [1] NCCL INFO ncclTopoPopulateNics : Filled mlx5_bond_2 in topo with pciPath=/sys/devices/pci0000:40/0000:40:02.0/0000:41:00.0/0000:42:04.0/0000:49:00.0/0000:4a:10.0/0000:4f:00.0 keep=1 coll=(null)
x08j03290:58213:60304 [2] NCCL INFO TOPO/NET : Importing network plugins to topology
x08j03290:58213:60304 [2] NCCL INFO Retrieving state for IB
x08j03290:58213:60304 [2] NCCL INFO Initialized state 0 for IB
x08j03290:58209:60217 [0] NCCL INFO TOPO/NET : Importing network plugins to topology
x08j03290:58209:60217 [0] NCCL INFO Retrieving state for IB
x08j03290:58209:60217 [0] NCCL INFO Initialized state 0 for IB
x08j03290:58213:60304 [2] NCCL INFO NET/IB : GPU Direct RDMA Enabled for HCA 0 'mlx5_bond_0'
x08j03290:58213:60304 [2] NCCL INFO ncclTopoPopulateNics : Filled mlx5_bond_0 in topo with pciPath=/sys/devices/pci0000:05/0000:05:02.0/0000:06:00.0 keep=1 coll=(null)
x08j03290:58215:60303 [4] NCCL INFO NET/IB : GPU Direct RDMA Enabled for HCA 3 'mlx5_bond_3'
x08j03290:58215:60303 [4] NCCL INFO ncclTopoPopulateNics : Filled mlx5_bond_3 in topo with pciPath=/sys/devices/pci0000:81/0000:81:02.0/0000:82:00.0/0000:83:04.0/0000:8a:00.0/0000:8b:10.0/0000:90:00.0 keep=1 coll=(null)
x08j03290:58209:60217 [0] NCCL INFO NET/IB : GPU Direct RDMA Enabled for HCA 0 'mlx5_bond_0'
x08j03290:58209:60217 [0] NCCL INFO ncclTopoPopulateNics : Filled mlx5_bond_0 in topo with pciPath=/sys/devices/pci0000:05/0000:05:02.0/0000:06:00.0 keep=1 coll=(null)
x08j03290:58212:60305 [1] NCCL INFO NET/IB : GPU Direct RDMA Enabled for HCA 3 'mlx5_bond_3'
x08j03290:58212:60305 [1] NCCL INFO ncclTopoPopulateNics : Filled mlx5_bond_3 in topo with pciPath=/sys/devices/pci0000:81/0000:81:02.0/0000:82:00.0/0000:83:04.0/0000:8a:00.0/0000:8b:10.0/0000:90:00.0 keep=1 coll=(null)
x08j03290:58213:60304 [2] NCCL INFO NET/IB : GPU Direct RDMA Enabled for HCA 1 'mlx5_bond_1'
x08j03290:58213:60304 [2] NCCL INFO ncclTopoPopulateNics : Filled mlx5_bond_1 in topo with pciPath=/sys/devices/pci0000:0b/0000:0b:02.0/0000:0c:00.0/0000:0d:04.0/0000:15:00.0/0000:16:10.0/0000:1a:00.0 keep=1 coll=(null)
x08j03290:58209:60217 [0] NCCL INFO NET/IB : GPU Direct RDMA Enabled for HCA 1 'mlx5_bond_1'
x08j03290:58209:60217 [0] NCCL INFO ncclTopoPopulateNics : Filled mlx5_bond_1 in topo with pciPath=/sys/devices/pci0000:0b/0000:0b:02.0/0000:0c:00.0/0000:0d:04.0/0000:15:00.0/0000:16:10.0/0000:1a:00.0 keep=1 coll=(null)
x08j03290:58215:60303 [4] NCCL INFO NET/IB : GPU Direct RDMA Enabled for HCA 4 'mlx5_bond_4'
x08j03290:58215:60303 [4] NCCL INFO ncclTopoPopulateNics : Filled mlx5_bond_4 in topo with pciPath=/sys/devices/pci0000:a5/0000:a5:02.0/0000:a6:00.0/0000:a7:04.0/0000:af:00.0/0000:b0:10.0/0000:b4:00.0 keep=1 coll=(null)
x08j03290:58215:60303 [4] NCCL INFO NET/IB : Made virtual device [5] name=mlx5_bond_0 speed=100000 ndevs=1
x08j03290:58215:60303 [4] NCCL INFO TOPO/NET : Made vNic 5
x08j03290:58215:60303 [4] NCCL INFO NET/IB : Made virtual device [6] name=mlx5_bond_1 speed=100000 ndevs=1
x08j03290:58215:60303 [4] NCCL INFO TOPO/NET : Made vNic 6
x08j03290:58215:60303 [4] NCCL INFO NET/IB : Made virtual device [7] name=mlx5_bond_2 speed=100000 ndevs=1
x08j03290:58215:60303 [4] NCCL INFO TOPO/NET : Made vNic 7
x08j03290:58215:60303 [4] NCCL INFO NET/IB : Made virtual device [8] name=mlx5_bond_3 speed=100000 ndevs=1
x08j03290:58215:60303 [4] NCCL INFO TOPO/NET : Made vNic 8
x08j03290:58215:60303 [4] NCCL INFO NET/IB : Made virtual device [9] name=mlx5_bond_4 speed=100000 ndevs=1
x08j03290:58215:60303 [4] NCCL INFO TOPO/NET : Made vNic 9
x08j03290:58215:60303 [4] NCCL INFO NET/IB : GPU Direct RDMA Enabled for HCA 0 'mlx5_bond_0'
x08j03290:58215:60303 [4] NCCL INFO ncclTopoPopulateNics : Filled mlx5_bond_0 in topo with pciPath=/sys/devices/pci0000:05/0000:05:02.0/0000:06:00.0 keep=0 coll=(null)
x08j03290:58215:60303 [4] NCCL INFO NET/IB : GPU Direct RDMA Enabled for HCA 1 'mlx5_bond_1'
x08j03290:58215:60303 [4] NCCL INFO ncclTopoPopulateNics : Filled mlx5_bond_1 in topo with pciPath=/sys/devices/pci0000:0b/0000:0b:02.0/0000:0c:00.0/0000:0d:04.0/0000:15:00.0/0000:16:10.0/0000:1a:00.0 keep=0 coll=(null)
x08j03290:58215:60303 [4] NCCL INFO NET/IB : GPU Direct RDMA Enabled for HCA 2 'mlx5_bond_2'
x08j03290:58215:60303 [4] NCCL INFO ncclTopoPopulateNics : Filled mlx5_bond_2 in topo with pciPath=/sys/devices/pci0000:40/0000:40:02.0/0000:41:00.0/0000:42:04.0/0000:49:00.0/0000:4a:10.0/0000:4f:00.0 keep=0 coll=(null)
x08j03290:58215:60303 [4] NCCL INFO NET/IB : GPU Direct RDMA Enabled for HCA 3 'mlx5_bond_3'
x08j03290:58215:60303 [4] NCCL INFO ncclTopoPopulateNics : Filled mlx5_bond_3 in topo with pciPath=/sys/devices/pci0000:81/0000:81:02.0/0000:82:00.0/0000:83:04.0/0000:8a:00.0/0000:8b:10.0/0000:90:00.0 keep=0 coll=(null)
x08j03290:58215:60303 [4] NCCL INFO NET/IB : GPU Direct RDMA Enabled for HCA 4 'mlx5_bond_4'
x08j03290:58215:60303 [4] NCCL INFO ncclTopoPopulateNics : Filled mlx5_bond_4 in topo with pciPath=/sys/devices/pci0000:a5/0000:a5:02.0/0000:a6:00.0/0000:a7:04.0/0000:af:00.0/0000:b0:10.0/0000:b4:00.0 keep=0 coll=(null)
x08j03290:58215:60303 [4] NCCL INFO NET/IB : GPU Direct RDMA Enabled for HCA 5 'mlx5_bond_0'
x08j03290:58215:60303 [4] NCCL INFO ncclTopoPopulateNics : Filled mlx5_bond_0 in topo with pciPath=/sys/devices/pci0000:05/0000:05:02.0/0000:06:00.0 keep=1 coll=(null)
x08j03290:58215:60303 [4] NCCL INFO NET/IB : GPU Direct RDMA Enabled for HCA 6 'mlx5_bond_1'
x08j03290:58215:60303 [4] NCCL INFO ncclTopoPopulateNics : Filled mlx5_bond_1 in topo with pciPath=/sys/devices/pci0000:0b/0000:0b:02.0/0000:0c:00.0/0000:0d:04.0/0000:15:00.0/0000:16:10.0/0000:1a:00.0 keep=1 coll=(null)
x08j03290:58215:60303 [4] NCCL INFO NET/IB : GPU Direct RDMA Enabled for HCA 7 'mlx5_bond_2'
x08j03290:58215:60303 [4] NCCL INFO ncclTopoPopulateNics : Filled mlx5_bond_2 in topo with pciPath=/sys/devices/pci0000:40/0000:40:02.0/0000:41:00.0/0000:42:04.0/0000:49:00.0/0000:4a:10.0/0000:4f:00.0 keep=1 coll=(null)
x08j03290:58215:60303 [4] NCCL INFO NET/IB : GPU Direct RDMA Enabled for HCA 8 'mlx5_bond_3'
x08j03290:58215:60303 [4] NCCL INFO ncclTopoPopulateNics : Filled mlx5_bond_3 in topo with pciPath=/sys/devices/pci0000:81/0000:81:02.0/0000:82:00.0/0000:83:04.0/0000:8a:00.0/0000:8b:10.0/0000:90:00.0 keep=1 coll=(null)
x08j03290:58215:60303 [4] NCCL INFO NET/IB : GPU Direct RDMA Enabled for HCA 9 'mlx5_bond_4'
x08j03290:58215:60303 [4] NCCL INFO ncclTopoPopulateNics : Filled mlx5_bond_4 in topo with pciPath=/sys/devices/pci0000:a5/0000:a5:02.0/0000:a6:00.0/0000:a7:04.0/0000:af:00.0/0000:b0:10.0/0000:b4:00.0 keep=1 coll=(null)
x08j03290:58212:60305 [1] NCCL INFO NET/IB : GPU Direct RDMA Enabled for HCA 4 'mlx5_bond_4'
x08j03290:58212:60305 [1] NCCL INFO ncclTopoPopulateNics : Filled mlx5_bond_4 in topo with pciPath=/sys/devices/pci0000:a5/0000:a5:02.0/0000:a6:00.0/0000:a7:04.0/0000:af:00.0/0000:b0:10.0/0000:b4:00.0 keep=1 coll=(null)
x08j03290:58212:60305 [1] NCCL INFO NET/IB : Made virtual device [5] name=mlx5_bond_0 speed=100000 ndevs=1
x08j03290:58212:60305 [1] NCCL INFO TOPO/NET : Made vNic 5
x08j03290:58212:60305 [1] NCCL INFO NET/IB : Made virtual device [6] name=mlx5_bond_1 speed=100000 ndevs=1
x08j03290:58212:60305 [1] NCCL INFO TOPO/NET : Made vNic 6
x08j03290:58212:60305 [1] NCCL INFO NET/IB : Made virtual device [7] name=mlx5_bond_2 speed=100000 ndevs=1
x08j03290:58212:60305 [1] NCCL INFO TOPO/NET : Made vNic 7
x08j03290:58212:60305 [1] NCCL INFO NET/IB : Made virtual device [8] name=mlx5_bond_3 speed=100000 ndevs=1
x08j03290:58213:60304 [2] NCCL INFO NET/IB : GPU Direct RDMA Enabled for HCA 2 'mlx5_bond_2'
x08j03290:58213:60304 [2] NCCL INFO ncclTopoPopulateNics : Filled mlx5_bond_2 in topo with pciPath=/sys/devices/pci0000:40/0000:40:02.0/0000:41:00.0/0000:42:04.0/0000:49:00.0/0000:4a:10.0/0000:4f:00.0 keep=1 coll=(null)
x08j03290:58212:60305 [1] NCCL INFO TOPO/NET : Made vNic 8
x08j03290:58212:60305 [1] NCCL INFO NET/IB : Made virtual device [9] name=mlx5_bond_4 speed=100000 ndevs=1
x08j03290:58212:60305 [1] NCCL INFO TOPO/NET : Made vNic 9
x08j03290:58212:60305 [1] NCCL INFO NET/IB : GPU Direct RDMA Enabled for HCA 0 'mlx5_bond_0'
x08j03290:58212:60305 [1] NCCL INFO ncclTopoPopulateNics : Filled mlx5_bond_0 in topo with pciPath=/sys/devices/pci0000:05/0000:05:02.0/0000:06:00.0 keep=0 coll=(null)
x08j03290:58212:60305 [1] NCCL INFO NET/IB : GPU Direct RDMA Enabled for HCA 1 'mlx5_bond_1'
x08j03290:58212:60305 [1] NCCL INFO ncclTopoPopulateNics : Filled mlx5_bond_1 in topo with pciPath=/sys/devices/pci0000:0b/0000:0b:02.0/0000:0c:00.0/0000:0d:04.0/0000:15:00.0/0000:16:10.0/0000:1a:00.0 keep=0 coll=(null)
x08j03290:58212:60305 [1] NCCL INFO NET/IB : GPU Direct RDMA Enabled for HCA 2 'mlx5_bond_2'
x08j03290:58212:60305 [1] NCCL INFO ncclTopoPopulateNics : Filled mlx5_bond_2 in topo with pciPath=/sys/devices/pci0000:40/0000:40:02.0/0000:41:00.0/0000:42:04.0/0000:49:00.0/0000:4a:10.0/0000:4f:00.0 keep=0 coll=(null)
x08j03290:58212:60305 [1] NCCL INFO NET/IB : GPU Direct RDMA Enabled for HCA 3 'mlx5_bond_3'
x08j03290:58212:60305 [1] NCCL INFO ncclTopoPopulateNics : Filled mlx5_bond_3 in topo with pciPath=/sys/devices/pci0000:81/0000:81:02.0/0000:82:00.0/0000:83:04.0/0000:8a:00.0/0000:8b:10.0/0000:90:00.0 keep=0 coll=(null)
x08j03290:58212:60305 [1] NCCL INFO NET/IB : GPU Direct RDMA Enabled for HCA 4 'mlx5_bond_4'
x08j03290:58212:60305 [1] NCCL INFO ncclTopoPopulateNics : Filled mlx5_bond_4 in topo with pciPath=/sys/devices/pci0000:a5/0000:a5:02.0/0000:a6:00.0/0000:a7:04.0/0000:af:00.0/0000:b0:10.0/0000:b4:00.0 keep=0 coll=(null)
x08j03290:58212:60305 [1] NCCL INFO NET/IB : GPU Direct RDMA Enabled for HCA 5 'mlx5_bond_0'
x08j03290:58212:60305 [1] NCCL INFO ncclTopoPopulateNics : Filled mlx5_bond_0 in topo with pciPath=/sys/devices/pci0000:05/0000:05:02.0/0000:06:00.0 keep=1 coll=(null)
x08j03290:58212:60305 [1] NCCL INFO NET/IB : GPU Direct RDMA Enabled for HCA 6 'mlx5_bond_1'
x08j03290:58212:60305 [1] NCCL INFO ncclTopoPopulateNics : Filled mlx5_bond_1 in topo with pciPath=/sys/devices/pci0000:0b/0000:0b:02.0/0000:0c:00.0/0000:0d:04.0/0000:15:00.0/0000:16:10.0/0000:1a:00.0 keep=1 coll=(null)
x08j03290:58212:60305 [1] NCCL INFO NET/IB : GPU Direct RDMA Enabled for HCA 7 'mlx5_bond_2'
x08j03290:58212:60305 [1] NCCL INFO ncclTopoPopulateNics : Filled mlx5_bond_2 in topo with pciPath=/sys/devices/pci0000:40/0000:40:02.0/0000:41:00.0/0000:42:04.0/0000:49:00.0/0000:4a:10.0/0000:4f:00.0 keep=1 coll=(null)
x08j03290:58212:60305 [1] NCCL INFO NET/IB : GPU Direct RDMA Enabled for HCA 8 'mlx5_bond_3'
x08j03290:58212:60305 [1] NCCL INFO ncclTopoPopulateNics : Filled mlx5_bond_3 in topo with pciPath=/sys/devices/pci0000:81/0000:81:02.0/0000:82:00.0/0000:83:04.0/0000:8a:00.0/0000:8b:10.0/0000:90:00.0 keep=1 coll=(null)
x08j03290:58212:60305 [1] NCCL INFO NET/IB : GPU Direct RDMA Enabled for HCA 9 'mlx5_bond_4'
x08j03290:58212:60305 [1] NCCL INFO ncclTopoPopulateNics : Filled mlx5_bond_4 in topo with pciPath=/sys/devices/pci0000:a5/0000:a5:02.0/0000:a6:00.0/0000:a7:04.0/0000:af:00.0/0000:b0:10.0/0000:b4:00.0 keep=1 coll=(null)
x08j03290:58209:60217 [0] NCCL INFO NET/IB : GPU Direct RDMA Enabled for HCA 2 'mlx5_bond_2'
x08j03290:58209:60217 [0] NCCL INFO ncclTopoPopulateNics : Filled mlx5_bond_2 in topo with pciPath=/sys/devices/pci0000:40/0000:40:02.0/0000:41:00.0/0000:42:04.0/0000:49:00.0/0000:4a:10.0/0000:4f:00.0 keep=1 coll=(null)
x08j03290:58213:60304 [2] NCCL INFO NET/IB : GPU Direct RDMA Enabled for HCA 3 'mlx5_bond_3'
x08j03290:58213:60304 [2] NCCL INFO ncclTopoPopulateNics : Filled mlx5_bond_3 in topo with pciPath=/sys/devices/pci0000:81/0000:81:02.0/0000:82:00.0/0000:83:04.0/0000:8a:00.0/0000:8b:10.0/0000:90:00.0 keep=1 coll=(null)
x08j03290:58209:60217 [0] NCCL INFO NET/IB : GPU Direct RDMA Enabled for HCA 3 'mlx5_bond_3'
x08j03290:58209:60217 [0] NCCL INFO ncclTopoPopulateNics : Filled mlx5_bond_3 in topo with pciPath=/sys/devices/pci0000:81/0000:81:02.0/0000:82:00.0/0000:83:04.0/0000:8a:00.0/0000:8b:10.0/0000:90:00.0 keep=1 coll=(null)
x08j03290:58213:60304 [2] NCCL INFO NET/IB : GPU Direct RDMA Enabled for HCA 4 'mlx5_bond_4'
x08j03290:58213:60304 [2] NCCL INFO ncclTopoPopulateNics : Filled mlx5_bond_4 in topo with pciPath=/sys/devices/pci0000:a5/0000:a5:02.0/0000:a6:00.0/0000:a7:04.0/0000:af:00.0/0000:b0:10.0/0000:b4:00.0 keep=1 coll=(null)
x08j03290:58213:60304 [2] NCCL INFO NET/IB : Made virtual device [5] name=mlx5_bond_0 speed=100000 ndevs=1
x08j03290:58213:60304 [2] NCCL INFO TOPO/NET : Made vNic 5
x08j03290:58213:60304 [2] NCCL INFO NET/IB : Made virtual device [6] name=mlx5_bond_1 speed=100000 ndevs=1
x08j03290:58213:60304 [2] NCCL INFO TOPO/NET : Made vNic 6
x08j03290:58213:60304 [2] NCCL INFO NET/IB : Made virtual device [7] name=mlx5_bond_2 speed=100000 ndevs=1
x08j03290:58213:60304 [2] NCCL INFO TOPO/NET : Made vNic 7
x08j03290:58213:60304 [2] NCCL INFO NET/IB : Made virtual device [8] name=mlx5_bond_3 speed=100000 ndevs=1
x08j03290:58213:60304 [2] NCCL INFO TOPO/NET : Made vNic 8
x08j03290:58213:60304 [2] NCCL INFO NET/IB : Made virtual device [9] name=mlx5_bond_4 speed=100000 ndevs=1
x08j03290:58213:60304 [2] NCCL INFO TOPO/NET : Made vNic 9
x08j03290:58213:60304 [2] NCCL INFO NET/IB : GPU Direct RDMA Enabled for HCA 0 'mlx5_bond_0'
x08j03290:58213:60304 [2] NCCL INFO ncclTopoPopulateNics : Filled mlx5_bond_0 in topo with pciPath=/sys/devices/pci0000:05/0000:05:02.0/0000:06:00.0 keep=0 coll=(null)
x08j03290:58213:60304 [2] NCCL INFO NET/IB : GPU Direct RDMA Enabled for HCA 1 'mlx5_bond_1'
x08j03290:58213:60304 [2] NCCL INFO ncclTopoPopulateNics : Filled mlx5_bond_1 in topo with pciPath=/sys/devices/pci0000:0b/0000:0b:02.0/0000:0c:00.0/0000:0d:04.0/0000:15:00.0/0000:16:10.0/0000:1a:00.0 keep=0 coll=(null)
x08j03290:58213:60304 [2] NCCL INFO NET/IB : GPU Direct RDMA Enabled for HCA 2 'mlx5_bond_2'
x08j03290:58213:60304 [2] NCCL INFO ncclTopoPopulateNics : Filled mlx5_bond_2 in topo with pciPath=/sys/devices/pci0000:40/0000:40:02.0/0000:41:00.0/0000:42:04.0/0000:49:00.0/0000:4a:10.0/0000:4f:00.0 keep=0 coll=(null)
x08j03290:58213:60304 [2] NCCL INFO NET/IB : GPU Direct RDMA Enabled for HCA 3 'mlx5_bond_3'
x08j03290:58213:60304 [2] NCCL INFO ncclTopoPopulateNics : Filled mlx5_bond_3 in topo with pciPath=/sys/devices/pci0000:81/0000:81:02.0/0000:82:00.0/0000:83:04.0/0000:8a:00.0/0000:8b:10.0/0000:90:00.0 keep=0 coll=(null)
x08j03290:58213:60304 [2] NCCL INFO NET/IB : GPU Direct RDMA Enabled for HCA 4 'mlx5_bond_4'
x08j03290:58213:60304 [2] NCCL INFO ncclTopoPopulateNics : Filled mlx5_bond_4 in topo with pciPath=/sys/devices/pci0000:a5/0000:a5:02.0/0000:a6:00.0/0000:a7:04.0/0000:af:00.0/0000:b0:10.0/0000:b4:00.0 keep=0 coll=(null)
x08j03290:58213:60304 [2] NCCL INFO NET/IB : GPU Direct RDMA Enabled for HCA 5 'mlx5_bond_0'
x08j03290:58213:60304 [2] NCCL INFO ncclTopoPopulateNics : Filled mlx5_bond_0 in topo with pciPath=/sys/devices/pci0000:05/0000:05:02.0/0000:06:00.0 keep=1 coll=(null)
x08j03290:58213:60304 [2] NCCL INFO NET/IB : GPU Direct RDMA Enabled for HCA 6 'mlx5_bond_1'
x08j03290:58213:60304 [2] NCCL INFO ncclTopoPopulateNics : Filled mlx5_bond_1 in topo with pciPath=/sys/devices/pci0000:0b/0000:0b:02.0/0000:0c:00.0/0000:0d:04.0/0000:15:00.0/0000:16:10.0/0000:1a:00.0 keep=1 coll=(null)
x08j03290:58213:60304 [2] NCCL INFO NET/IB : GPU Direct RDMA Enabled for HCA 7 'mlx5_bond_2'
x08j03290:58209:60217 [0] NCCL INFO NET/IB : GPU Direct RDMA Enabled for HCA 4 'mlx5_bond_4'
x08j03290:58209:60217 [0] NCCL INFO ncclTopoPopulateNics : Filled mlx5_bond_4 in topo with pciPath=/sys/devices/pci0000:a5/0000:a5:02.0/0000:a6:00.0/0000:a7:04.0/0000:af:00.0/0000:b0:10.0/0000:b4:00.0 keep=1 coll=(null)
x08j03290:58213:60304 [2] NCCL INFO ncclTopoPopulateNics : Filled mlx5_bond_2 in topo with pciPath=/sys/devices/pci0000:40/0000:40:02.0/0000:41:00.0/0000:42:04.0/0000:49:00.0/0000:4a:10.0/0000:4f:00.0 keep=1 coll=(null)
x08j03290:58213:60304 [2] NCCL INFO NET/IB : GPU Direct RDMA Enabled for HCA 8 'mlx5_bond_3'
x08j03290:58213:60304 [2] NCCL INFO ncclTopoPopulateNics : Filled mlx5_bond_3 in topo with pciPath=/sys/devices/pci0000:81/0000:81:02.0/0000:82:00.0/0000:83:04.0/0000:8a:00.0/0000:8b:10.0/0000:90:00.0 keep=1 coll=(null)
x08j03290:58213:60304 [2] NCCL INFO NET/IB : GPU Direct RDMA Enabled for HCA 9 'mlx5_bond_4'
x08j03290:58213:60304 [2] NCCL INFO ncclTopoPopulateNics : Filled mlx5_bond_4 in topo with pciPath=/sys/devices/pci0000:a5/0000:a5:02.0/0000:a6:00.0/0000:a7:04.0/0000:af:00.0/0000:b0:10.0/0000:b4:00.0 keep=1 coll=(null)
x08j03290:58209:60217 [0] NCCL INFO NET/IB : Made virtual device [5] name=mlx5_bond_0 speed=100000 ndevs=1
x08j03290:58209:60217 [0] NCCL INFO TOPO/NET : Made vNic 5
x08j03290:58209:60217 [0] NCCL INFO NET/IB : Made virtual device [6] name=mlx5_bond_1 speed=100000 ndevs=1
x08j03290:58209:60217 [0] NCCL INFO TOPO/NET : Made vNic 6
x08j03290:58209:60217 [0] NCCL INFO NET/IB : Made virtual device [7] name=mlx5_bond_2 speed=100000 ndevs=1
x08j03290:58209:60217 [0] NCCL INFO TOPO/NET : Made vNic 7
x08j03290:58209:60217 [0] NCCL INFO NET/IB : Made virtual device [8] name=mlx5_bond_3 speed=100000 ndevs=1
x08j03290:58209:60217 [0] NCCL INFO TOPO/NET : Made vNic 8
x08j03290:58209:60217 [0] NCCL INFO NET/IB : Made virtual device [9] name=mlx5_bond_4 speed=100000 ndevs=1
x08j03290:58209:60217 [0] NCCL INFO TOPO/NET : Made vNic 9
x08j03290:58209:60217 [0] NCCL INFO NET/IB : GPU Direct RDMA Enabled for HCA 0 'mlx5_bond_0'
x08j03290:58209:60217 [0] NCCL INFO ncclTopoPopulateNics : Filled mlx5_bond_0 in topo with pciPath=/sys/devices/pci0000:05/0000:05:02.0/0000:06:00.0 keep=0 coll=(null)
x08j03290:58209:60217 [0] NCCL INFO NET/IB : GPU Direct RDMA Enabled for HCA 1 'mlx5_bond_1'
x08j03290:58209:60217 [0] NCCL INFO ncclTopoPopulateNics : Filled mlx5_bond_1 in topo with pciPath=/sys/devices/pci0000:0b/0000:0b:02.0/0000:0c:00.0/0000:0d:04.0/0000:15:00.0/0000:16:10.0/0000:1a:00.0 keep=0 coll=(null)
x08j03290:58209:60217 [0] NCCL INFO NET/IB : GPU Direct RDMA Enabled for HCA 2 'mlx5_bond_2'
x08j03290:58209:60217 [0] NCCL INFO ncclTopoPopulateNics : Filled mlx5_bond_2 in topo with pciPath=/sys/devices/pci0000:40/0000:40:02.0/0000:41:00.0/0000:42:04.0/0000:49:00.0/0000:4a:10.0/0000:4f:00.0 keep=0 coll=(null)
x08j03290:58209:60217 [0] NCCL INFO NET/IB : GPU Direct RDMA Enabled for HCA 3 'mlx5_bond_3'
x08j03290:58209:60217 [0] NCCL INFO ncclTopoPopulateNics : Filled mlx5_bond_3 in topo with pciPath=/sys/devices/pci0000:81/0000:81:02.0/0000:82:00.0/0000:83:04.0/0000:8a:00.0/0000:8b:10.0/0000:90:00.0 keep=0 coll=(null)
x08j03290:58209:60217 [0] NCCL INFO NET/IB : GPU Direct RDMA Enabled for HCA 4 'mlx5_bond_4'
x08j03290:58209:60217 [0] NCCL INFO ncclTopoPopulateNics : Filled mlx5_bond_4 in topo with pciPath=/sys/devices/pci0000:a5/0000:a5:02.0/0000:a6:00.0/0000:a7:04.0/0000:af:00.0/0000:b0:10.0/0000:b4:00.0 keep=0 coll=(null)
x08j03290:58209:60217 [0] NCCL INFO NET/IB : GPU Direct RDMA Enabled for HCA 5 'mlx5_bond_0'
x08j03290:58209:60217 [0] NCCL INFO ncclTopoPopulateNics : Filled mlx5_bond_0 in topo with pciPath=/sys/devices/pci0000:05/0000:05:02.0/0000:06:00.0 keep=1 coll=(null)
x08j03290:58209:60217 [0] NCCL INFO NET/IB : GPU Direct RDMA Enabled for HCA 6 'mlx5_bond_1'
x08j03290:58209:60217 [0] NCCL INFO ncclTopoPopulateNics : Filled mlx5_bond_1 in topo with pciPath=/sys/devices/pci0000:0b/0000:0b:02.0/0000:0c:00.0/0000:0d:04.0/0000:15:00.0/0000:16:10.0/0000:1a:00.0 keep=1 coll=(null)
x08j03290:58209:60217 [0] NCCL INFO NET/IB : GPU Direct RDMA Enabled for HCA 7 'mlx5_bond_2'
x08j03290:58209:60217 [0] NCCL INFO ncclTopoPopulateNics : Filled mlx5_bond_2 in topo with pciPath=/sys/devices/pci0000:40/0000:40:02.0/0000:41:00.0/0000:42:04.0/0000:49:00.0/0000:4a:10.0/0000:4f:00.0 keep=1 coll=(null)
x08j03290:58209:60217 [0] NCCL INFO NET/IB : GPU Direct RDMA Enabled for HCA 8 'mlx5_bond_3'
x08j03290:58209:60217 [0] NCCL INFO ncclTopoPopulateNics : Filled mlx5_bond_3 in topo with pciPath=/sys/devices/pci0000:81/0000:81:02.0/0000:82:00.0/0000:83:04.0/0000:8a:00.0/0000:8b:10.0/0000:90:00.0 keep=1 coll=(null)
x08j03290:58209:60217 [0] NCCL INFO NET/IB : GPU Direct RDMA Enabled for HCA 9 'mlx5_bond_4'
x08j03290:58209:60217 [0] NCCL INFO ncclTopoPopulateNics : Filled mlx5_bond_4 in topo with pciPath=/sys/devices/pci0000:a5/0000:a5:02.0/0000:a6:00.0/0000:a7:04.0/0000:af:00.0/0000:b0:10.0/0000:b4:00.0 keep=1 coll=(null)
x08j03289:87139:89038 [0] NCCL INFO TOPO/NET : Importing network plugins to topology
x08j03289:87139:89038 [0] NCCL INFO Retrieving state for IB
x08j03289:87139:89038 [0] NCCL INFO Initialized state 0 for IB
x08j03289:87139:89038 [0] NCCL INFO NET/IB : GPU Direct RDMA Enabled for HCA 0 'mlx5_bond_0'
x08j03289:87139:89038 [0] NCCL INFO ncclTopoPopulateNics : Filled mlx5_bond_0 in topo with pciPath=/sys/devices/pci0000:05/0000:05:02.0/0000:06:00.0 keep=1 coll=(null)
x08j03289:87139:89038 [0] NCCL INFO NET/IB : GPU Direct RDMA Enabled for HCA 1 'mlx5_bond_1'
x08j03289:87139:89038 [0] NCCL INFO ncclTopoPopulateNics : Filled mlx5_bond_1 in topo with pciPath=/sys/devices/pci0000:0b/0000:0b:02.0/0000:0c:00.0/0000:0d:04.0/0000:15:00.0/0000:16:10.0/0000:1a:00.0 keep=1 coll=(null)
x08j03289:87139:89038 [0] NCCL INFO NET/IB : GPU Direct RDMA Enabled for HCA 2 'mlx5_bond_2'
x08j03289:87139:89038 [0] NCCL INFO ncclTopoPopulateNics : Filled mlx5_bond_2 in topo with pciPath=/sys/devices/pci0000:40/0000:40:02.0/0000:41:00.0/0000:42:04.0/0000:49:00.0/0000:4a:10.0/0000:4f:00.0 keep=1 coll=(null)
x08j03289:87139:89038 [0] NCCL INFO NET/IB : GPU Direct RDMA Enabled for HCA 3 'mlx5_bond_3'
x08j03289:87139:89038 [0] NCCL INFO ncclTopoPopulateNics : Filled mlx5_bond_3 in topo with pciPath=/sys/devices/pci0000:81/0000:81:02.0/0000:82:00.0/0000:83:04.0/0000:8a:00.0/0000:8b:10.0/0000:90:00.0 keep=1 coll=(null)
x08j03289:87139:89038 [0] NCCL INFO NET/IB : GPU Direct RDMA Enabled for HCA 4 'mlx5_bond_4'
x08j03289:87139:89038 [0] NCCL INFO ncclTopoPopulateNics : Filled mlx5_bond_4 in topo with pciPath=/sys/devices/pci0000:a5/0000:a5:02.0/0000:a6:00.0/0000:a7:04.0/0000:af:00.0/0000:b0:10.0/0000:b4:00.0 keep=1 coll=(null)
x08j03289:87139:89038 [0] NCCL INFO NET/IB : Made virtual device [5] name=mlx5_bond_0 speed=100000 ndevs=1
x08j03289:87139:89038 [0] NCCL INFO TOPO/NET : Made vNic 5
x08j03289:87139:89038 [0] NCCL INFO NET/IB : Made virtual device [6] name=mlx5_bond_1 speed=100000 ndevs=1
x08j03289:87139:89038 [0] NCCL INFO TOPO/NET : Made vNic 6
x08j03289:87139:89038 [0] NCCL INFO NET/IB : Made virtual device [7] name=mlx5_bond_2 speed=100000 ndevs=1
x08j03289:87139:89038 [0] NCCL INFO TOPO/NET : Made vNic 7
x08j03289:87139:89038 [0] NCCL INFO NET/IB : Made virtual device [8] name=mlx5_bond_3 speed=100000 ndevs=1
x08j03289:87139:89038 [0] NCCL INFO TOPO/NET : Made vNic 8
x08j03289:87139:89038 [0] NCCL INFO NET/IB : Made virtual device [9] name=mlx5_bond_4 speed=100000 ndevs=1
x08j03289:87139:89038 [0] NCCL INFO TOPO/NET : Made vNic 9
x08j03289:87139:89038 [0] NCCL INFO NET/IB : GPU Direct RDMA Enabled for HCA 0 'mlx5_bond_0'
x08j03289:87139:89038 [0] NCCL INFO ncclTopoPopulateNics : Filled mlx5_bond_0 in topo with pciPath=/sys/devices/pci0000:05/0000:05:02.0/0000:06:00.0 keep=0 coll=(null)
x08j03289:87139:89038 [0] NCCL INFO NET/IB : GPU Direct RDMA Enabled for HCA 1 'mlx5_bond_1'
x08j03289:87139:89038 [0] NCCL INFO ncclTopoPopulateNics : Filled mlx5_bond_1 in topo with pciPath=/sys/devices/pci0000:0b/0000:0b:02.0/0000:0c:00.0/0000:0d:04.0/0000:15:00.0/0000:16:10.0/0000:1a:00.0 keep=0 coll=(null)
x08j03289:87139:89038 [0] NCCL INFO NET/IB : GPU Direct RDMA Enabled for HCA 2 'mlx5_bond_2'
x08j03289:87139:89038 [0] NCCL INFO ncclTopoPopulateNics : Filled mlx5_bond_2 in topo with pciPath=/sys/devices/pci0000:40/0000:40:02.0/0000:41:00.0/0000:42:04.0/0000:49:00.0/0000:4a:10.0/0000:4f:00.0 keep=0 coll=(null)
x08j03289:87139:89038 [0] NCCL INFO NET/IB : GPU Direct RDMA Enabled for HCA 3 'mlx5_bond_3'
x08j03289:87139:89038 [0] NCCL INFO ncclTopoPopulateNics : Filled mlx5_bond_3 in topo with pciPath=/sys/devices/pci0000:81/0000:81:02.0/0000:82:00.0/0000:83:04.0/0000:8a:00.0/0000:8b:10.0/0000:90:00.0 keep=0 coll=(null)
x08j03289:87139:89038 [0] NCCL INFO NET/IB : GPU Direct RDMA Enabled for HCA 4 'mlx5_bond_4'
x08j03289:87139:89038 [0] NCCL INFO ncclTopoPopulateNics : Filled mlx5_bond_4 in topo with pciPath=/sys/devices/pci0000:a5/0000:a5:02.0/0000:a6:00.0/0000:a7:04.0/0000:af:00.0/0000:b0:10.0/0000:b4:00.0 keep=0 coll=(null)
x08j03289:87139:89038 [0] NCCL INFO NET/IB : GPU Direct RDMA Enabled for HCA 5 'mlx5_bond_0'
x08j03289:87139:89038 [0] NCCL INFO ncclTopoPopulateNics : Filled mlx5_bond_0 in topo with pciPath=/sys/devices/pci0000:05/0000:05:02.0/0000:06:00.0 keep=1 coll=(null)
x08j03289:87139:89038 [0] NCCL INFO NET/IB : GPU Direct RDMA Enabled for HCA 6 'mlx5_bond_1'
x08j03289:87139:89038 [0] NCCL INFO ncclTopoPopulateNics : Filled mlx5_bond_1 in topo with pciPath=/sys/devices/pci0000:0b/0000:0b:02.0/0000:0c:00.0/0000:0d:04.0/0000:15:00.0/0000:16:10.0/0000:1a:00.0 keep=1 coll=(null)
x08j03289:87139:89038 [0] NCCL INFO NET/IB : GPU Direct RDMA Enabled for HCA 7 'mlx5_bond_2'
x08j03289:87139:89038 [0] NCCL INFO ncclTopoPopulateNics : Filled mlx5_bond_2 in topo with pciPath=/sys/devices/pci0000:40/0000:40:02.0/0000:41:00.0/0000:42:04.0/0000:49:00.0/0000:4a:10.0/0000:4f:00.0 keep=1 coll=(null)
x08j03289:87139:89038 [0] NCCL INFO NET/IB : GPU Direct RDMA Enabled for HCA 8 'mlx5_bond_3'
x08j03289:87139:89038 [0] NCCL INFO ncclTopoPopulateNics : Filled mlx5_bond_3 in topo with pciPath=/sys/devices/pci0000:81/0000:81:02.0/0000:82:00.0/0000:83:04.0/0000:8a:00.0/0000:8b:10.0/0000:90:00.0 keep=1 coll=(null)
x08j03289:87139:89038 [0] NCCL INFO NET/IB : GPU Direct RDMA Enabled for HCA 9 'mlx5_bond_4'
x08j03289:87139:89038 [0] NCCL INFO ncclTopoPopulateNics : Filled mlx5_bond_4 in topo with pciPath=/sys/devices/pci0000:a5/0000:a5:02.0/0000:a6:00.0/0000:a7:04.0/0000:af:00.0/0000:b0:10.0/0000:b4:00.0 keep=1 coll=(null)
x08j03290:58212:60305 [1] NCCL INFO GPU Direct RDMA Enabled for GPU 8 / HCA 6 (distance 4 <= 4), read 0
x08j03290:58212:60305 [1] NCCL INFO GPU Direct RDMA Enabled for GPU 9 / HCA 6 (distance 4 <= 4), read 0
x08j03290:58212:60305 [1] NCCL INFO GPU Direct RDMA Enabled for GPU 11 / HCA 6 (distance 4 <= 4), read 0
x08j03290:58212:60305 [1] NCCL INFO GPU Direct RDMA Enabled for GPU 10 / HCA 6 (distance 4 <= 4), read 0
x08j03290:58212:60305 [1] NCCL INFO GPU Direct RDMA Enabled for GPU 13 / HCA 6 (distance 4 <= 4), read 0
x08j03290:58212:60305 [1] NCCL INFO GPU Direct RDMA Enabled for GPU 12 / HCA 6 (distance 4 <= 4), read 0
x08j03290:58212:60305 [1] NCCL INFO GPU Direct RDMA Enabled for GPU 15 / HCA 6 (distance 4 <= 4), read 0
x08j03290:58212:60305 [1] NCCL INFO GPU Direct RDMA Enabled for GPU 14 / HCA 6 (distance 4 <= 4), read 0
x08j03290:58212:60305 [1] NCCL INFO GPU Direct RDMA Enabled for GPU 8 / HCA 7 (distance 4 <= 4), read 0
x08j03290:58212:60305 [1] NCCL INFO GPU Direct RDMA Enabled for GPU 9 / HCA 7 (distance 4 <= 4), read 0
x08j03290:58212:60305 [1] NCCL INFO GPU Direct RDMA Enabled for GPU 11 / HCA 7 (distance 4 <= 4), read 0
x08j03290:58212:60305 [1] NCCL INFO GPU Direct RDMA Enabled for GPU 10 / HCA 7 (distance 4 <= 4), read 0
x08j03290:58212:60305 [1] NCCL INFO GPU Direct RDMA Enabled for GPU 13 / HCA 7 (distance 4 <= 4), read 0
x08j03290:58212:60305 [1] NCCL INFO GPU Direct RDMA Enabled for GPU 12 / HCA 7 (distance 4 <= 4), read 0
x08j03290:58212:60305 [1] NCCL INFO GPU Direct RDMA Enabled for GPU 15 / HCA 7 (distance 4 <= 4), read 0
x08j03290:58212:60305 [1] NCCL INFO GPU Direct RDMA Enabled for GPU 14 / HCA 7 (distance 4 <= 4), read 0
x08j03290:58212:60305 [1] NCCL INFO GPU Direct RDMA Enabled for GPU 8 / HCA 8 (distance 4 <= 4), read 0
x08j03290:58212:60305 [1] NCCL INFO GPU Direct RDMA Enabled for GPU 9 / HCA 8 (distance 4 <= 4), read 0
x08j03290:58212:60305 [1] NCCL INFO GPU Direct RDMA Enabled for GPU 11 / HCA 8 (distance 4 <= 4), read 0
x08j03290:58214:60216 [3] NCCL INFO GPU Direct RDMA Enabled for GPU 8 / HCA 6 (distance 4 <= 4), read 0
x08j03290:58214:60216 [3] NCCL INFO GPU Direct RDMA Enabled for GPU 9 / HCA 6 (distance 4 <= 4), read 0
x08j03290:58214:60216 [3] NCCL INFO GPU Direct RDMA Enabled for GPU 11 / HCA 6 (distance 4 <= 4), read 0
x08j03290:58214:60216 [3] NCCL INFO GPU Direct RDMA Enabled for GPU 10 / HCA 6 (distance 4 <= 4), read 0
x08j03290:58214:60216 [3] NCCL INFO GPU Direct RDMA Enabled for GPU 13 / HCA 6 (distance 4 <= 4), read 0
x08j03290:58214:60216 [3] NCCL INFO GPU Direct RDMA Enabled for GPU 12 / HCA 6 (distance 4 <= 4), read 0
x08j03290:58214:60216 [3] NCCL INFO GPU Direct RDMA Enabled for GPU 15 / HCA 6 (distance 4 <= 4), read 0
x08j03290:58214:60216 [3] NCCL INFO GPU Direct RDMA Enabled for GPU 14 / HCA 6 (distance 4 <= 4), read 0
x08j03290:58214:60216 [3] NCCL INFO GPU Direct RDMA Enabled for GPU 8 / HCA 7 (distance 4 <= 4), read 0
x08j03290:58214:60216 [3] NCCL INFO GPU Direct RDMA Enabled for GPU 9 / HCA 7 (distance 4 <= 4), read 0
x08j03290:58214:60216 [3] NCCL INFO GPU Direct RDMA Enabled for GPU 11 / HCA 7 (distance 4 <= 4), read 0
x08j03290:58214:60216 [3] NCCL INFO GPU Direct RDMA Enabled for GPU 10 / HCA 7 (distance 4 <= 4), read 0
x08j03290:58214:60216 [3] NCCL INFO GPU Direct RDMA Enabled for GPU 13 / HCA 7 (distance 4 <= 4), read 0
x08j03290:58214:60216 [3] NCCL INFO GPU Direct RDMA Enabled for GPU 12 / HCA 7 (distance 4 <= 4), read 0
x08j03290:58214:60216 [3] NCCL INFO GPU Direct RDMA Enabled for GPU 15 / HCA 7 (distance 4 <= 4), read 0
x08j03290:58214:60216 [3] NCCL INFO GPU Direct RDMA Enabled for GPU 14 / HCA 7 (distance 4 <= 4), read 0
x08j03290:58214:60216 [3] NCCL INFO GPU Direct RDMA Enabled for GPU 8 / HCA 8 (distance 4 <= 4), read 0
x08j03290:58214:60216 [3] NCCL INFO GPU Direct RDMA Enabled for GPU 9 / HCA 8 (distance 4 <= 4), read 0
x08j03290:58214:60216 [3] NCCL INFO GPU Direct RDMA Enabled for GPU 11 / HCA 8 (distance 4 <= 4), read 0
x08j03290:58214:60216 [3] NCCL INFO GPU Direct RDMA Enabled for GPU 10 / HCA 8 (distance 4 <= 4), read 0
x08j03290:58214:60216 [3] NCCL INFO GPU Direct RDMA Enabled for GPU 13 / HCA 8 (distance 4 <= 4), read 0
x08j03290:58214:60216 [3] NCCL INFO GPU Direct RDMA Enabled for GPU 12 / HCA 8 (distance 4 <= 4), read 0
x08j03290:58214:60216 [3] NCCL INFO GPU Direct RDMA Enabled for GPU 15 / HCA 8 (distance 4 <= 4), read 0
x08j03290:58214:60216 [3] NCCL INFO GPU Direct RDMA Enabled for GPU 14 / HCA 8 (distance 4 <= 4), read 0
x08j03290:58214:60216 [3] NCCL INFO GPU Direct RDMA Enabled for GPU 8 / HCA 9 (distance 4 <= 4), read 0
x08j03290:58214:60216 [3] NCCL INFO GPU Direct RDMA Enabled for GPU 9 / HCA 9 (distance 4 <= 4), read 0
x08j03290:58214:60216 [3] NCCL INFO GPU Direct RDMA Enabled for GPU 11 / HCA 9 (distance 4 <= 4), read 0
x08j03290:58214:60216 [3] NCCL INFO GPU Direct RDMA Enabled for GPU 10 / HCA 9 (distance 4 <= 4), read 0
x08j03290:58214:60216 [3] NCCL INFO GPU Direct RDMA Enabled for GPU 13 / HCA 9 (distance 4 <= 4), read 0
x08j03290:58214:60216 [3] NCCL INFO GPU Direct RDMA Enabled for GPU 12 / HCA 9 (distance 4 <= 4), read 0
x08j03290:58214:60216 [3] NCCL INFO GPU Direct RDMA Enabled for GPU 15 / HCA 9 (distance 4 <= 4), read 0
x08j03290:58214:60216 [3] NCCL INFO GPU Direct RDMA Enabled for GPU 14 / HCA 9 (distance 4 <= 4), read 0
x08j03290:58212:60305 [1] NCCL INFO GPU Direct RDMA Enabled for GPU 10 / HCA 8 (distance 4 <= 4), read 0
x08j03290:58212:60305 [1] NCCL INFO GPU Direct RDMA Enabled for GPU 13 / HCA 8 (distance 4 <= 4), read 0
x08j03290:58212:60305 [1] NCCL INFO GPU Direct RDMA Enabled for GPU 12 / HCA 8 (distance 4 <= 4), read 0
x08j03290:58212:60305 [1] NCCL INFO GPU Direct RDMA Enabled for GPU 15 / HCA 8 (distance 4 <= 4), read 0
x08j03290:58212:60305 [1] NCCL INFO GPU Direct RDMA Enabled for GPU 14 / HCA 8 (distance 4 <= 4), read 0
x08j03290:58212:60305 [1] NCCL INFO GPU Direct RDMA Enabled for GPU 8 / HCA 9 (distance 4 <= 4), read 0
x08j03290:58212:60305 [1] NCCL INFO GPU Direct RDMA Enabled for GPU 9 / HCA 9 (distance 4 <= 4), read 0
x08j03290:58212:60305 [1] NCCL INFO GPU Direct RDMA Enabled for GPU 11 / HCA 9 (distance 4 <= 4), read 0
x08j03290:58212:60305 [1] NCCL INFO GPU Direct RDMA Enabled for GPU 10 / HCA 9 (distance 4 <= 4), read 0
x08j03290:58212:60305 [1] NCCL INFO GPU Direct RDMA Enabled for GPU 13 / HCA 9 (distance 4 <= 4), read 0
x08j03290:58212:60305 [1] NCCL INFO GPU Direct RDMA Enabled for GPU 12 / HCA 9 (distance 4 <= 4), read 0
x08j03290:58212:60305 [1] NCCL INFO GPU Direct RDMA Enabled for GPU 15 / HCA 9 (distance 4 <= 4), read 0
x08j03290:58212:60305 [1] NCCL INFO GPU Direct RDMA Enabled for GPU 14 / HCA 9 (distance 4 <= 4), read 0
x08j03290:58215:60303 [4] NCCL INFO GPU Direct RDMA Enabled for GPU 8 / HCA 6 (distance 4 <= 4), read 0
x08j03290:58215:60303 [4] NCCL INFO GPU Direct RDMA Enabled for GPU 9 / HCA 6 (distance 4 <= 4), read 0
x08j03290:58215:60303 [4] NCCL INFO GPU Direct RDMA Enabled for GPU 11 / HCA 6 (distance 4 <= 4), read 0
x08j03290:58215:60303 [4] NCCL INFO GPU Direct RDMA Enabled for GPU 10 / HCA 6 (distance 4 <= 4), read 0
x08j03290:58215:60303 [4] NCCL INFO GPU Direct RDMA Enabled for GPU 13 / HCA 6 (distance 4 <= 4), read 0
x08j03290:58215:60303 [4] NCCL INFO GPU Direct RDMA Enabled for GPU 12 / HCA 6 (distance 4 <= 4), read 0
x08j03290:58215:60303 [4] NCCL INFO GPU Direct RDMA Enabled for GPU 15 / HCA 6 (distance 4 <= 4), read 0
x08j03290:58215:60303 [4] NCCL INFO GPU Direct RDMA Enabled for GPU 14 / HCA 6 (distance 4 <= 4), read 0
x08j03290:58215:60303 [4] NCCL INFO GPU Direct RDMA Enabled for GPU 8 / HCA 7 (distance 4 <= 4), read 0
x08j03290:58217:60215 [5] NCCL INFO GPU Direct RDMA Enabled for GPU 8 / HCA 6 (distance 4 <= 4), read 0
x08j03290:58217:60215 [5] NCCL INFO GPU Direct RDMA Enabled for GPU 9 / HCA 6 (distance 4 <= 4), read 0
x08j03290:58217:60215 [5] NCCL INFO GPU Direct RDMA Enabled for GPU 11 / HCA 6 (distance 4 <= 4), read 0
x08j03290:58217:60215 [5] NCCL INFO GPU Direct RDMA Enabled for GPU 10 / HCA 6 (distance 4 <= 4), read 0
x08j03290:58217:60215 [5] NCCL INFO GPU Direct RDMA Enabled for GPU 13 / HCA 6 (distance 4 <= 4), read 0
x08j03290:58217:60215 [5] NCCL INFO GPU Direct RDMA Enabled for GPU 12 / HCA 6 (distance 4 <= 4), read 0
x08j03290:58217:60215 [5] NCCL INFO GPU Direct RDMA Enabled for GPU 15 / HCA 6 (distance 4 <= 4), read 0
x08j03290:58217:60215 [5] NCCL INFO GPU Direct RDMA Enabled for GPU 14 / HCA 6 (distance 4 <= 4), read 0
x08j03290:58217:60215 [5] NCCL INFO GPU Direct RDMA Enabled for GPU 8 / HCA 7 (distance 4 <= 4), read 0
x08j03290:58217:60215 [5] NCCL INFO GPU Direct RDMA Enabled for GPU 9 / HCA 7 (distance 4 <= 4), read 0
x08j03290:58217:60215 [5] NCCL INFO GPU Direct RDMA Enabled for GPU 11 / HCA 7 (distance 4 <= 4), read 0
x08j03290:58217:60215 [5] NCCL INFO GPU Direct RDMA Enabled for GPU 10 / HCA 7 (distance 4 <= 4), read 0
x08j03290:58217:60215 [5] NCCL INFO GPU Direct RDMA Enabled for GPU 13 / HCA 7 (distance 4 <= 4), read 0
x08j03290:58217:60215 [5] NCCL INFO GPU Direct RDMA Enabled for GPU 12 / HCA 7 (distance 4 <= 4), read 0
x08j03290:58215:60303 [4] NCCL INFO GPU Direct RDMA Enabled for GPU 9 / HCA 7 (distance 4 <= 4), read 0
x08j03290:58215:60303 [4] NCCL INFO GPU Direct RDMA Enabled for GPU 11 / HCA 7 (distance 4 <= 4), read 0
x08j03290:58215:60303 [4] NCCL INFO GPU Direct RDMA Enabled for GPU 10 / HCA 7 (distance 4 <= 4), read 0
x08j03290:58215:60303 [4] NCCL INFO GPU Direct RDMA Enabled for GPU 13 / HCA 7 (distance 4 <= 4), read 0
x08j03290:58215:60303 [4] NCCL INFO GPU Direct RDMA Enabled for GPU 12 / HCA 7 (distance 4 <= 4), read 0
x08j03290:58215:60303 [4] NCCL INFO GPU Direct RDMA Enabled for GPU 15 / HCA 7 (distance 4 <= 4), read 0
x08j03290:58215:60303 [4] NCCL INFO GPU Direct RDMA Enabled for GPU 14 / HCA 7 (distance 4 <= 4), read 0
x08j03290:58215:60303 [4] NCCL INFO GPU Direct RDMA Enabled for GPU 8 / HCA 8 (distance 4 <= 4), read 0
x08j03290:58215:60303 [4] NCCL INFO GPU Direct RDMA Enabled for GPU 9 / HCA 8 (distance 4 <= 4), read 0
x08j03290:58215:60303 [4] NCCL INFO GPU Direct RDMA Enabled for GPU 11 / HCA 8 (distance 4 <= 4), read 0
x08j03290:58217:60215 [5] NCCL INFO GPU Direct RDMA Enabled for GPU 15 / HCA 7 (distance 4 <= 4), read 0
x08j03290:58217:60215 [5] NCCL INFO GPU Direct RDMA Enabled for GPU 14 / HCA 7 (distance 4 <= 4), read 0
x08j03290:58217:60215 [5] NCCL INFO GPU Direct RDMA Enabled for GPU 8 / HCA 8 (distance 4 <= 4), read 0
x08j03290:58217:60215 [5] NCCL INFO GPU Direct RDMA Enabled for GPU 9 / HCA 8 (distance 4 <= 4), read 0
x08j03290:58217:60215 [5] NCCL INFO GPU Direct RDMA Enabled for GPU 11 / HCA 8 (distance 4 <= 4), read 0
x08j03290:58217:60215 [5] NCCL INFO GPU Direct RDMA Enabled for GPU 10 / HCA 8 (distance 4 <= 4), read 0
x08j03290:58217:60215 [5] NCCL INFO GPU Direct RDMA Enabled for GPU 13 / HCA 8 (distance 4 <= 4), read 0
x08j03290:58217:60215 [5] NCCL INFO GPU Direct RDMA Enabled for GPU 12 / HCA 8 (distance 4 <= 4), read 0
x08j03290:58217:60215 [5] NCCL INFO GPU Direct RDMA Enabled for GPU 15 / HCA 8 (distance 4 <= 4), read 0
x08j03290:58217:60215 [5] NCCL INFO GPU Direct RDMA Enabled for GPU 14 / HCA 8 (distance 4 <= 4), read 0
x08j03290:58217:60215 [5] NCCL INFO GPU Direct RDMA Enabled for GPU 8 / HCA 9 (distance 4 <= 4), read 0
x08j03290:58217:60215 [5] NCCL INFO GPU Direct RDMA Enabled for GPU 9 / HCA 9 (distance 4 <= 4), read 0
x08j03290:58217:60215 [5] NCCL INFO GPU Direct RDMA Enabled for GPU 11 / HCA 9 (distance 4 <= 4), read 0
x08j03290:58217:60215 [5] NCCL INFO GPU Direct RDMA Enabled for GPU 10 / HCA 9 (distance 4 <= 4), read 0
x08j03290:58217:60215 [5] NCCL INFO GPU Direct RDMA Enabled for GPU 13 / HCA 9 (distance 4 <= 4), read 0
x08j03290:58217:60215 [5] NCCL INFO GPU Direct RDMA Enabled for GPU 12 / HCA 9 (distance 4 <= 4), read 0
x08j03290:58217:60215 [5] NCCL INFO GPU Direct RDMA Enabled for GPU 15 / HCA 9 (distance 4 <= 4), read 0
x08j03290:58217:60215 [5] NCCL INFO GPU Direct RDMA Enabled for GPU 14 / HCA 9 (distance 4 <= 4), read 0
x08j03290:58223:60225 [7] NCCL INFO GPU Direct RDMA Enabled for GPU 8 / HCA 6 (distance 4 <= 4), read 0
x08j03290:58223:60225 [7] NCCL INFO GPU Direct RDMA Enabled for GPU 9 / HCA 6 (distance 4 <= 4), read 0
x08j03290:58223:60225 [7] NCCL INFO GPU Direct RDMA Enabled for GPU 11 / HCA 6 (distance 4 <= 4), read 0
x08j03290:58223:60225 [7] NCCL INFO GPU Direct RDMA Enabled for GPU 10 / HCA 6 (distance 4 <= 4), read 0
x08j03290:58223:60225 [7] NCCL INFO GPU Direct RDMA Enabled for GPU 13 / HCA 6 (distance 4 <= 4), read 0
x08j03290:58223:60225 [7] NCCL INFO GPU Direct RDMA Enabled for GPU 12 / HCA 6 (distance 4 <= 4), read 0
x08j03290:58223:60225 [7] NCCL INFO GPU Direct RDMA Enabled for GPU 15 / HCA 6 (distance 4 <= 4), read 0
x08j03290:58223:60225 [7] NCCL INFO GPU Direct RDMA Enabled for GPU 14 / HCA 6 (distance 4 <= 4), read 0
x08j03290:58223:60225 [7] NCCL INFO GPU Direct RDMA Enabled for GPU 8 / HCA 7 (distance 4 <= 4), read 0
x08j03290:58223:60225 [7] NCCL INFO GPU Direct RDMA Enabled for GPU 9 / HCA 7 (distance 4 <= 4), read 0
x08j03290:58223:60225 [7] NCCL INFO GPU Direct RDMA Enabled for GPU 11 / HCA 7 (distance 4 <= 4), read 0
x08j03290:58223:60225 [7] NCCL INFO GPU Direct RDMA Enabled for GPU 10 / HCA 7 (distance 4 <= 4), read 0
x08j03290:58223:60225 [7] NCCL INFO GPU Direct RDMA Enabled for GPU 13 / HCA 7 (distance 4 <= 4), read 0
x08j03290:58223:60225 [7] NCCL INFO GPU Direct RDMA Enabled for GPU 12 / HCA 7 (distance 4 <= 4), read 0
x08j03290:58215:60303 [4] NCCL INFO GPU Direct RDMA Enabled for GPU 10 / HCA 8 (distance 4 <= 4), read 0
x08j03290:58215:60303 [4] NCCL INFO GPU Direct RDMA Enabled for GPU 13 / HCA 8 (distance 4 <= 4), read 0
x08j03290:58215:60303 [4] NCCL INFO GPU Direct RDMA Enabled for GPU 12 / HCA 8 (distance 4 <= 4), read 0
x08j03290:58215:60303 [4] NCCL INFO GPU Direct RDMA Enabled for GPU 15 / HCA 8 (distance 4 <= 4), read 0
x08j03290:58215:60303 [4] NCCL INFO GPU Direct RDMA Enabled for GPU 14 / HCA 8 (distance 4 <= 4), read 0
x08j03290:58215:60303 [4] NCCL INFO GPU Direct RDMA Enabled for GPU 8 / HCA 9 (distance 4 <= 4), read 0
x08j03290:58215:60303 [4] NCCL INFO GPU Direct RDMA Enabled for GPU 9 / HCA 9 (distance 4 <= 4), read 0
x08j03290:58215:60303 [4] NCCL INFO GPU Direct RDMA Enabled for GPU 11 / HCA 9 (distance 4 <= 4), read 0
x08j03290:58215:60303 [4] NCCL INFO GPU Direct RDMA Enabled for GPU 10 / HCA 9 (distance 4 <= 4), read 0
x08j03290:58215:60303 [4] NCCL INFO GPU Direct RDMA Enabled for GPU 13 / HCA 9 (distance 4 <= 4), read 0
x08j03290:58215:60303 [4] NCCL INFO GPU Direct RDMA Enabled for GPU 12 / HCA 9 (distance 4 <= 4), read 0
x08j03290:58215:60303 [4] NCCL INFO GPU Direct RDMA Enabled for GPU 15 / HCA 9 (distance 4 <= 4), read 0
x08j03290:58215:60303 [4] NCCL INFO GPU Direct RDMA Enabled for GPU 14 / HCA 9 (distance 4 <= 4), read 0
x08j03290:58223:60225 [7] NCCL INFO GPU Direct RDMA Enabled for GPU 15 / HCA 7 (distance 4 <= 4), read 0
x08j03290:58223:60225 [7] NCCL INFO GPU Direct RDMA Enabled for GPU 14 / HCA 7 (distance 4 <= 4), read 0
x08j03290:58223:60225 [7] NCCL INFO GPU Direct RDMA Enabled for GPU 8 / HCA 8 (distance 4 <= 4), read 0
x08j03290:58223:60225 [7] NCCL INFO GPU Direct RDMA Enabled for GPU 9 / HCA 8 (distance 4 <= 4), read 0
x08j03290:58223:60225 [7] NCCL INFO GPU Direct RDMA Enabled for GPU 11 / HCA 8 (distance 4 <= 4), read 0
x08j03290:58223:60225 [7] NCCL INFO GPU Direct RDMA Enabled for GPU 10 / HCA 8 (distance 4 <= 4), read 0
x08j03290:58223:60225 [7] NCCL INFO GPU Direct RDMA Enabled for GPU 13 / HCA 8 (distance 4 <= 4), read 0
x08j03290:58223:60225 [7] NCCL INFO GPU Direct RDMA Enabled for GPU 12 / HCA 8 (distance 4 <= 4), read 0
x08j03290:58223:60225 [7] NCCL INFO GPU Direct RDMA Enabled for GPU 15 / HCA 8 (distance 4 <= 4), read 0
x08j03290:58223:60225 [7] NCCL INFO GPU Direct RDMA Enabled for GPU 14 / HCA 8 (distance 4 <= 4), read 0
x08j03290:58223:60225 [7] NCCL INFO GPU Direct RDMA Enabled for GPU 8 / HCA 9 (distance 4 <= 4), read 0
x08j03290:58223:60225 [7] NCCL INFO GPU Direct RDMA Enabled for GPU 9 / HCA 9 (distance 4 <= 4), read 0
x08j03290:58223:60225 [7] NCCL INFO GPU Direct RDMA Enabled for GPU 11 / HCA 9 (distance 4 <= 4), read 0
x08j03290:58223:60225 [7] NCCL INFO GPU Direct RDMA Enabled for GPU 10 / HCA 9 (distance 4 <= 4), read 0
x08j03290:58223:60225 [7] NCCL INFO GPU Direct RDMA Enabled for GPU 13 / HCA 9 (distance 4 <= 4), read 0
x08j03290:58209:60217 [0] NCCL INFO GPU Direct RDMA Enabled for GPU 8 / HCA 6 (distance 4 <= 4), read 0
x08j03290:58209:60217 [0] NCCL INFO GPU Direct RDMA Enabled for GPU 9 / HCA 6 (distance 4 <= 4), read 0
x08j03290:58209:60217 [0] NCCL INFO GPU Direct RDMA Enabled for GPU 11 / HCA 6 (distance 4 <= 4), read 0
x08j03290:58209:60217 [0] NCCL INFO GPU Direct RDMA Enabled for GPU 10 / HCA 6 (distance 4 <= 4), read 0
x08j03290:58209:60217 [0] NCCL INFO GPU Direct RDMA Enabled for GPU 13 / HCA 6 (distance 4 <= 4), read 0
x08j03290:58209:60217 [0] NCCL INFO GPU Direct RDMA Enabled for GPU 12 / HCA 6 (distance 4 <= 4), read 0
x08j03290:58209:60217 [0] NCCL INFO GPU Direct RDMA Enabled for GPU 15 / HCA 6 (distance 4 <= 4), read 0
x08j03290:58209:60217 [0] NCCL INFO GPU Direct RDMA Enabled for GPU 14 / HCA 6 (distance 4 <= 4), read 0
x08j03290:58209:60217 [0] NCCL INFO GPU Direct RDMA Enabled for GPU 8 / HCA 7 (distance 4 <= 4), read 0
x08j03290:58209:60217 [0] NCCL INFO GPU Direct RDMA Enabled for GPU 9 / HCA 7 (distance 4 <= 4), read 0
x08j03290:58209:60217 [0] NCCL INFO GPU Direct RDMA Enabled for GPU 11 / HCA 7 (distance 4 <= 4), read 0
x08j03290:58219:60306 [6] NCCL INFO GPU Direct RDMA Enabled for GPU 8 / HCA 6 (distance 4 <= 4), read 0
x08j03290:58219:60306 [6] NCCL INFO GPU Direct RDMA Enabled for GPU 9 / HCA 6 (distance 4 <= 4), read 0
x08j03290:58219:60306 [6] NCCL INFO GPU Direct RDMA Enabled for GPU 11 / HCA 6 (distance 4 <= 4), read 0
x08j03290:58219:60306 [6] NCCL INFO GPU Direct RDMA Enabled for GPU 10 / HCA 6 (distance 4 <= 4), read 0
x08j03290:58219:60306 [6] NCCL INFO GPU Direct RDMA Enabled for GPU 13 / HCA 6 (distance 4 <= 4), read 0
x08j03290:58219:60306 [6] NCCL INFO GPU Direct RDMA Enabled for GPU 12 / HCA 6 (distance 4 <= 4), read 0
x08j03290:58219:60306 [6] NCCL INFO GPU Direct RDMA Enabled for GPU 15 / HCA 6 (distance 4 <= 4), read 0
x08j03290:58219:60306 [6] NCCL INFO GPU Direct RDMA Enabled for GPU 14 / HCA 6 (distance 4 <= 4), read 0
x08j03290:58219:60306 [6] NCCL INFO GPU Direct RDMA Enabled for GPU 8 / HCA 7 (distance 4 <= 4), read 0
x08j03290:58219:60306 [6] NCCL INFO GPU Direct RDMA Enabled for GPU 9 / HCA 7 (distance 4 <= 4), read 0
x08j03290:58219:60306 [6] NCCL INFO GPU Direct RDMA Enabled for GPU 11 / HCA 7 (distance 4 <= 4), read 0
x08j03290:58223:60225 [7] NCCL INFO GPU Direct RDMA Enabled for GPU 12 / HCA 9 (distance 4 <= 4), read 0
x08j03290:58223:60225 [7] NCCL INFO GPU Direct RDMA Enabled for GPU 15 / HCA 9 (distance 4 <= 4), read 0
x08j03290:58223:60225 [7] NCCL INFO GPU Direct RDMA Enabled for GPU 14 / HCA 9 (distance 4 <= 4), read 0
x08j03290:58209:60217 [0] NCCL INFO GPU Direct RDMA Enabled for GPU 10 / HCA 7 (distance 4 <= 4), read 0
x08j03290:58209:60217 [0] NCCL INFO GPU Direct RDMA Enabled for GPU 13 / HCA 7 (distance 4 <= 4), read 0
x08j03290:58209:60217 [0] NCCL INFO GPU Direct RDMA Enabled for GPU 12 / HCA 7 (distance 4 <= 4), read 0
x08j03290:58209:60217 [0] NCCL INFO GPU Direct RDMA Enabled for GPU 15 / HCA 7 (distance 4 <= 4), read 0
x08j03290:58209:60217 [0] NCCL INFO GPU Direct RDMA Enabled for GPU 14 / HCA 7 (distance 4 <= 4), read 0
x08j03290:58209:60217 [0] NCCL INFO GPU Direct RDMA Enabled for GPU 8 / HCA 8 (distance 4 <= 4), read 0
x08j03290:58209:60217 [0] NCCL INFO GPU Direct RDMA Enabled for GPU 9 / HCA 8 (distance 4 <= 4), read 0
x08j03290:58209:60217 [0] NCCL INFO GPU Direct RDMA Enabled for GPU 11 / HCA 8 (distance 4 <= 4), read 0
x08j03290:58209:60217 [0] NCCL INFO GPU Direct RDMA Enabled for GPU 10 / HCA 8 (distance 4 <= 4), read 0
x08j03290:58209:60217 [0] NCCL INFO GPU Direct RDMA Enabled for GPU 13 / HCA 8 (distance 4 <= 4), read 0
x08j03290:58209:60217 [0] NCCL INFO GPU Direct RDMA Enabled for GPU 12 / HCA 8 (distance 4 <= 4), read 0
x08j03290:58209:60217 [0] NCCL INFO GPU Direct RDMA Enabled for GPU 15 / HCA 8 (distance 4 <= 4), read 0
x08j03290:58209:60217 [0] NCCL INFO GPU Direct RDMA Enabled for GPU 14 / HCA 8 (distance 4 <= 4), read 0
x08j03290:58209:60217 [0] NCCL INFO GPU Direct RDMA Enabled for GPU 8 / HCA 9 (distance 4 <= 4), read 0
x08j03290:58219:60306 [6] NCCL INFO GPU Direct RDMA Enabled for GPU 10 / HCA 7 (distance 4 <= 4), read 0
x08j03290:58219:60306 [6] NCCL INFO GPU Direct RDMA Enabled for GPU 13 / HCA 7 (distance 4 <= 4), read 0
x08j03290:58219:60306 [6] NCCL INFO GPU Direct RDMA Enabled for GPU 12 / HCA 7 (distance 4 <= 4), read 0
x08j03290:58219:60306 [6] NCCL INFO GPU Direct RDMA Enabled for GPU 15 / HCA 7 (distance 4 <= 4), read 0
x08j03290:58219:60306 [6] NCCL INFO GPU Direct RDMA Enabled for GPU 14 / HCA 7 (distance 4 <= 4), read 0
x08j03290:58219:60306 [6] NCCL INFO GPU Direct RDMA Enabled for GPU 8 / HCA 8 (distance 4 <= 4), read 0
x08j03290:58219:60306 [6] NCCL INFO GPU Direct RDMA Enabled for GPU 9 / HCA 8 (distance 4 <= 4), read 0
x08j03290:58219:60306 [6] NCCL INFO GPU Direct RDMA Enabled for GPU 11 / HCA 8 (distance 4 <= 4), read 0
x08j03290:58219:60306 [6] NCCL INFO GPU Direct RDMA Enabled for GPU 10 / HCA 8 (distance 4 <= 4), read 0
x08j03290:58219:60306 [6] NCCL INFO GPU Direct RDMA Enabled for GPU 13 / HCA 8 (distance 4 <= 4), read 0
x08j03290:58219:60306 [6] NCCL INFO GPU Direct RDMA Enabled for GPU 12 / HCA 8 (distance 4 <= 4), read 0
x08j03290:58219:60306 [6] NCCL INFO GPU Direct RDMA Enabled for GPU 15 / HCA 8 (distance 4 <= 4), read 0
x08j03290:58219:60306 [6] NCCL INFO GPU Direct RDMA Enabled for GPU 14 / HCA 8 (distance 4 <= 4), read 0
x08j03290:58219:60306 [6] NCCL INFO GPU Direct RDMA Enabled for GPU 8 / HCA 9 (distance 4 <= 4), read 0
x08j03290:58219:60306 [6] NCCL INFO GPU Direct RDMA Enabled for GPU 9 / HCA 9 (distance 4 <= 4), read 0
x08j03290:58219:60306 [6] NCCL INFO GPU Direct RDMA Enabled for GPU 11 / HCA 9 (distance 4 <= 4), read 0
x08j03290:58219:60306 [6] NCCL INFO GPU Direct RDMA Enabled for GPU 10 / HCA 9 (distance 4 <= 4), read 0
x08j03290:58219:60306 [6] NCCL INFO GPU Direct RDMA Enabled for GPU 13 / HCA 9 (distance 4 <= 4), read 0
x08j03290:58219:60306 [6] NCCL INFO GPU Direct RDMA Enabled for GPU 12 / HCA 9 (distance 4 <= 4), read 0
x08j03290:58219:60306 [6] NCCL INFO GPU Direct RDMA Enabled for GPU 15 / HCA 9 (distance 4 <= 4), read 0
x08j03290:58219:60306 [6] NCCL INFO GPU Direct RDMA Enabled for GPU 14 / HCA 9 (distance 4 <= 4), read 0
x08j03290:58213:60304 [2] NCCL INFO GPU Direct RDMA Enabled for GPU 8 / HCA 6 (distance 4 <= 4), read 0
x08j03290:58213:60304 [2] NCCL INFO GPU Direct RDMA Enabled for GPU 9 / HCA 6 (distance 4 <= 4), read 0
x08j03290:58213:60304 [2] NCCL INFO GPU Direct RDMA Enabled for GPU 11 / HCA 6 (distance 4 <= 4), read 0
x08j03290:58213:60304 [2] NCCL INFO GPU Direct RDMA Enabled for GPU 10 / HCA 6 (distance 4 <= 4), read 0
x08j03290:58213:60304 [2] NCCL INFO GPU Direct RDMA Enabled for GPU 13 / HCA 6 (distance 4 <= 4), read 0
x08j03290:58213:60304 [2] NCCL INFO GPU Direct RDMA Enabled for GPU 12 / HCA 6 (distance 4 <= 4), read 0
x08j03290:58213:60304 [2] NCCL INFO GPU Direct RDMA Enabled for GPU 15 / HCA 6 (distance 4 <= 4), read 0
x08j03290:58213:60304 [2] NCCL INFO GPU Direct RDMA Enabled for GPU 14 / HCA 6 (distance 4 <= 4), read 0
x08j03290:58213:60304 [2] NCCL INFO GPU Direct RDMA Enabled for GPU 8 / HCA 7 (distance 4 <= 4), read 0
x08j03290:58213:60304 [2] NCCL INFO GPU Direct RDMA Enabled for GPU 9 / HCA 7 (distance 4 <= 4), read 0
x08j03290:58213:60304 [2] NCCL INFO GPU Direct RDMA Enabled for GPU 11 / HCA 7 (distance 4 <= 4), read 0
x08j03290:58213:60304 [2] NCCL INFO GPU Direct RDMA Enabled for GPU 10 / HCA 7 (distance 4 <= 4), read 0
x08j03290:58213:60304 [2] NCCL INFO GPU Direct RDMA Enabled for GPU 13 / HCA 7 (distance 4 <= 4), read 0
x08j03290:58213:60304 [2] NCCL INFO GPU Direct RDMA Enabled for GPU 12 / HCA 7 (distance 4 <= 4), read 0
x08j03290:58213:60304 [2] NCCL INFO GPU Direct RDMA Enabled for GPU 15 / HCA 7 (distance 4 <= 4), read 0
x08j03290:58213:60304 [2] NCCL INFO GPU Direct RDMA Enabled for GPU 14 / HCA 7 (distance 4 <= 4), read 0
x08j03290:58213:60304 [2] NCCL INFO GPU Direct RDMA Enabled for GPU 8 / HCA 8 (distance 4 <= 4), read 0
x08j03290:58213:60304 [2] NCCL INFO GPU Direct RDMA Enabled for GPU 9 / HCA 8 (distance 4 <= 4), read 0
x08j03290:58213:60304 [2] NCCL INFO GPU Direct RDMA Enabled for GPU 11 / HCA 8 (distance 4 <= 4), read 0
x08j03290:58213:60304 [2] NCCL INFO GPU Direct RDMA Enabled for GPU 10 / HCA 8 (distance 4 <= 4), read 0
x08j03290:58213:60304 [2] NCCL INFO GPU Direct RDMA Enabled for GPU 13 / HCA 8 (distance 4 <= 4), read 0
x08j03290:58213:60304 [2] NCCL INFO GPU Direct RDMA Enabled for GPU 12 / HCA 8 (distance 4 <= 4), read 0
x08j03290:58213:60304 [2] NCCL INFO GPU Direct RDMA Enabled for GPU 15 / HCA 8 (distance 4 <= 4), read 0
x08j03290:58213:60304 [2] NCCL INFO GPU Direct RDMA Enabled for GPU 14 / HCA 8 (distance 4 <= 4), read 0
x08j03290:58213:60304 [2] NCCL INFO GPU Direct RDMA Enabled for GPU 8 / HCA 9 (distance 4 <= 4), read 0
x08j03290:58213:60304 [2] NCCL INFO GPU Direct RDMA Enabled for GPU 9 / HCA 9 (distance 4 <= 4), read 0
x08j03290:58213:60304 [2] NCCL INFO GPU Direct RDMA Enabled for GPU 11 / HCA 9 (distance 4 <= 4), read 0
x08j03290:58213:60304 [2] NCCL INFO GPU Direct RDMA Enabled for GPU 10 / HCA 9 (distance 4 <= 4), read 0
x08j03290:58213:60304 [2] NCCL INFO GPU Direct RDMA Enabled for GPU 13 / HCA 9 (distance 4 <= 4), read 0
x08j03290:58209:60217 [0] NCCL INFO GPU Direct RDMA Enabled for GPU 9 / HCA 9 (distance 4 <= 4), read 0
x08j03290:58209:60217 [0] NCCL INFO GPU Direct RDMA Enabled for GPU 11 / HCA 9 (distance 4 <= 4), read 0
x08j03290:58209:60217 [0] NCCL INFO GPU Direct RDMA Enabled for GPU 10 / HCA 9 (distance 4 <= 4), read 0
x08j03290:58209:60217 [0] NCCL INFO GPU Direct RDMA Enabled for GPU 13 / HCA 9 (distance 4 <= 4), read 0
x08j03290:58209:60217 [0] NCCL INFO GPU Direct RDMA Enabled for GPU 12 / HCA 9 (distance 4 <= 4), read 0
x08j03290:58209:60217 [0] NCCL INFO GPU Direct RDMA Enabled for GPU 15 / HCA 9 (distance 4 <= 4), read 0
x08j03290:58209:60217 [0] NCCL INFO GPU Direct RDMA Enabled for GPU 14 / HCA 9 (distance 4 <= 4), read 0
x08j03290:58213:60304 [2] NCCL INFO GPU Direct RDMA Enabled for GPU 12 / HCA 9 (distance 4 <= 4), read 0
x08j03290:58213:60304 [2] NCCL INFO GPU Direct RDMA Enabled for GPU 15 / HCA 9 (distance 4 <= 4), read 0
x08j03290:58213:60304 [2] NCCL INFO GPU Direct RDMA Enabled for GPU 14 / HCA 9 (distance 4 <= 4), read 0
x08j03290:58212:60305 [1] NCCL INFO GPU Direct RDMA Enabled for GPU 8 / HCA 6 (distance 4 <= 4), read 0
x08j03290:58212:60305 [1] NCCL INFO GPU Direct RDMA Enabled for GPU 9 / HCA 6 (distance 4 <= 4), read 0
x08j03290:58212:60305 [1] NCCL INFO GPU Direct RDMA Enabled for GPU 11 / HCA 6 (distance 4 <= 4), read 0
x08j03290:58212:60305 [1] NCCL INFO GPU Direct RDMA Enabled for GPU 10 / HCA 6 (distance 4 <= 4), read 0
x08j03290:58212:60305 [1] NCCL INFO GPU Direct RDMA Enabled for GPU 13 / HCA 6 (distance 4 <= 4), read 0
x08j03290:58212:60305 [1] NCCL INFO GPU Direct RDMA Enabled for GPU 12 / HCA 6 (distance 4 <= 4), read 0
x08j03290:58212:60305 [1] NCCL INFO GPU Direct RDMA Enabled for GPU 15 / HCA 6 (distance 4 <= 4), read 0
x08j03290:58212:60305 [1] NCCL INFO GPU Direct RDMA Enabled for GPU 14 / HCA 6 (distance 4 <= 4), read 0
x08j03290:58212:60305 [1] NCCL INFO GPU Direct RDMA Enabled for GPU 8 / HCA 7 (distance 4 <= 4), read 0
x08j03290:58212:60305 [1] NCCL INFO GPU Direct RDMA Enabled for GPU 9 / HCA 7 (distance 4 <= 4), read 0
x08j03290:58212:60305 [1] NCCL INFO GPU Direct RDMA Enabled for GPU 11 / HCA 7 (distance 4 <= 4), read 0
x08j03290:58212:60305 [1] NCCL INFO GPU Direct RDMA Enabled for GPU 10 / HCA 7 (distance 4 <= 4), read 0
x08j03290:58212:60305 [1] NCCL INFO GPU Direct RDMA Enabled for GPU 13 / HCA 7 (distance 4 <= 4), read 0
x08j03290:58212:60305 [1] NCCL INFO GPU Direct RDMA Enabled for GPU 12 / HCA 7 (distance 4 <= 4), read 0
x08j03290:58212:60305 [1] NCCL INFO GPU Direct RDMA Enabled for GPU 15 / HCA 7 (distance 4 <= 4), read 0
x08j03290:58212:60305 [1] NCCL INFO GPU Direct RDMA Enabled for GPU 14 / HCA 7 (distance 4 <= 4), read 0
x08j03290:58212:60305 [1] NCCL INFO GPU Direct RDMA Enabled for GPU 8 / HCA 8 (distance 4 <= 4), read 0
x08j03290:58212:60305 [1] NCCL INFO GPU Direct RDMA Enabled for GPU 9 / HCA 8 (distance 4 <= 4), read 0
x08j03290:58212:60305 [1] NCCL INFO GPU Direct RDMA Enabled for GPU 11 / HCA 8 (distance 4 <= 4), read 0
x08j03290:58214:60216 [3] NCCL INFO GPU Direct RDMA Enabled for GPU 8 / HCA 6 (distance 4 <= 4), read 0
x08j03290:58214:60216 [3] NCCL INFO GPU Direct RDMA Enabled for GPU 9 / HCA 6 (distance 4 <= 4), read 0
x08j03290:58214:60216 [3] NCCL INFO GPU Direct RDMA Enabled for GPU 11 / HCA 6 (distance 4 <= 4), read 0
x08j03290:58214:60216 [3] NCCL INFO GPU Direct RDMA Enabled for GPU 10 / HCA 6 (distance 4 <= 4), read 0
x08j03290:58214:60216 [3] NCCL INFO GPU Direct RDMA Enabled for GPU 13 / HCA 6 (distance 4 <= 4), read 0
x08j03290:58214:60216 [3] NCCL INFO GPU Direct RDMA Enabled for GPU 12 / HCA 6 (distance 4 <= 4), read 0
x08j03290:58214:60216 [3] NCCL INFO GPU Direct RDMA Enabled for GPU 15 / HCA 6 (distance 4 <= 4), read 0
x08j03290:58214:60216 [3] NCCL INFO GPU Direct RDMA Enabled for GPU 14 / HCA 6 (distance 4 <= 4), read 0
x08j03290:58214:60216 [3] NCCL INFO GPU Direct RDMA Enabled for GPU 8 / HCA 7 (distance 4 <= 4), read 0
x08j03290:58214:60216 [3] NCCL INFO GPU Direct RDMA Enabled for GPU 9 / HCA 7 (distance 4 <= 4), read 0
x08j03290:58214:60216 [3] NCCL INFO GPU Direct RDMA Enabled for GPU 11 / HCA 7 (distance 4 <= 4), read 0
x08j03290:58214:60216 [3] NCCL INFO GPU Direct RDMA Enabled for GPU 10 / HCA 7 (distance 4 <= 4), read 0
x08j03290:58214:60216 [3] NCCL INFO GPU Direct RDMA Enabled for GPU 13 / HCA 7 (distance 4 <= 4), read 0
x08j03290:58214:60216 [3] NCCL INFO GPU Direct RDMA Enabled for GPU 12 / HCA 7 (distance 4 <= 4), read 0
x08j03290:58214:60216 [3] NCCL INFO GPU Direct RDMA Enabled for GPU 15 / HCA 7 (distance 4 <= 4), read 0
x08j03290:58214:60216 [3] NCCL INFO GPU Direct RDMA Enabled for GPU 14 / HCA 7 (distance 4 <= 4), read 0
x08j03290:58214:60216 [3] NCCL INFO GPU Direct RDMA Enabled for GPU 8 / HCA 8 (distance 4 <= 4), read 0
x08j03290:58214:60216 [3] NCCL INFO GPU Direct RDMA Enabled for GPU 9 / HCA 8 (distance 4 <= 4), read 0
x08j03290:58212:60305 [1] NCCL INFO GPU Direct RDMA Enabled for GPU 10 / HCA 8 (distance 4 <= 4), read 0
x08j03290:58212:60305 [1] NCCL INFO GPU Direct RDMA Enabled for GPU 13 / HCA 8 (distance 4 <= 4), read 0
x08j03290:58212:60305 [1] NCCL INFO GPU Direct RDMA Enabled for GPU 12 / HCA 8 (distance 4 <= 4), read 0
x08j03290:58212:60305 [1] NCCL INFO GPU Direct RDMA Enabled for GPU 15 / HCA 8 (distance 4 <= 4), read 0
x08j03290:58212:60305 [1] NCCL INFO GPU Direct RDMA Enabled for GPU 14 / HCA 8 (distance 4 <= 4), read 0
x08j03290:58212:60305 [1] NCCL INFO GPU Direct RDMA Enabled for GPU 8 / HCA 9 (distance 4 <= 4), read 0
x08j03290:58212:60305 [1] NCCL INFO GPU Direct RDMA Enabled for GPU 9 / HCA 9 (distance 4 <= 4), read 0
x08j03290:58212:60305 [1] NCCL INFO GPU Direct RDMA Enabled for GPU 11 / HCA 9 (distance 4 <= 4), read 0
x08j03290:58212:60305 [1] NCCL INFO GPU Direct RDMA Enabled for GPU 10 / HCA 9 (distance 4 <= 4), read 0
x08j03290:58212:60305 [1] NCCL INFO GPU Direct RDMA Enabled for GPU 13 / HCA 9 (distance 4 <= 4), read 0
x08j03290:58212:60305 [1] NCCL INFO GPU Direct RDMA Enabled for GPU 12 / HCA 9 (distance 4 <= 4), read 0
x08j03290:58212:60305 [1] NCCL INFO GPU Direct RDMA Enabled for GPU 15 / HCA 9 (distance 4 <= 4), read 0
x08j03290:58212:60305 [1] NCCL INFO GPU Direct RDMA Enabled for GPU 14 / HCA 9 (distance 4 <= 4), read 0
x08j03290:58214:60216 [3] NCCL INFO GPU Direct RDMA Enabled for GPU 11 / HCA 8 (distance 4 <= 4), read 0
x08j03290:58214:60216 [3] NCCL INFO GPU Direct RDMA Enabled for GPU 10 / HCA 8 (distance 4 <= 4), read 0
x08j03290:58214:60216 [3] NCCL INFO GPU Direct RDMA Enabled for GPU 13 / HCA 8 (distance 4 <= 4), read 0
x08j03290:58214:60216 [3] NCCL INFO GPU Direct RDMA Enabled for GPU 12 / HCA 8 (distance 4 <= 4), read 0
x08j03290:58214:60216 [3] NCCL INFO GPU Direct RDMA Enabled for GPU 15 / HCA 8 (distance 4 <= 4), read 0
x08j03290:58214:60216 [3] NCCL INFO GPU Direct RDMA Enabled for GPU 14 / HCA 8 (distance 4 <= 4), read 0
x08j03290:58214:60216 [3] NCCL INFO GPU Direct RDMA Enabled for GPU 8 / HCA 9 (distance 4 <= 4), read 0
x08j03290:58214:60216 [3] NCCL INFO GPU Direct RDMA Enabled for GPU 9 / HCA 9 (distance 4 <= 4), read 0
x08j03290:58214:60216 [3] NCCL INFO GPU Direct RDMA Enabled for GPU 11 / HCA 9 (distance 4 <= 4), read 0
x08j03290:58214:60216 [3] NCCL INFO GPU Direct RDMA Enabled for GPU 10 / HCA 9 (distance 4 <= 4), read 0
x08j03290:58214:60216 [3] NCCL INFO GPU Direct RDMA Enabled for GPU 13 / HCA 9 (distance 4 <= 4), read 0
x08j03290:58214:60216 [3] NCCL INFO GPU Direct RDMA Enabled for GPU 12 / HCA 9 (distance 4 <= 4), read 0
x08j03290:58214:60216 [3] NCCL INFO GPU Direct RDMA Enabled for GPU 15 / HCA 9 (distance 4 <= 4), read 0
x08j03290:58212:60305 [1] NCCL INFO === System : maxBw 12.5 totalBw 240.0 ===
x08j03290:58212:60305 [1] NCCL INFO CPU/0-0 (1/1/2)
x08j03290:58212:60305 [1] NCCL INFO + PCI[24.0] - NIC/0-6000
x08j03290:58212:60305 [1] NCCL INFO               + NET[12.5] - NET/0-5 (0/245bb00003fd7010/1/12.500000)
x08j03290:58212:60305 [1] NCCL INFO + PCI[24.0] - PCI/0-c000 (1000c0101000ffff)
x08j03290:58212:60305 [1] NCCL INFO               + PCI[24.0] - PCI/0-11000 (1000c01010de13b8)
x08j03290:58212:60305 [1] NCCL INFO                             + PCI[24.0] - GPU/0-13000 (8)
x08j03290:58212:60305 [1] NCCL INFO                                           + NVL[240.0] - NVS/0-0
x08j03290:58212:60305 [1] NCCL INFO               + PCI[24.0] - NIC/0-1a000
x08j03290:58212:60305 [1] NCCL INFO                             + NET[12.5] - NET/0-6 (0/d05eb00003fd7010/1/12.500000)
x08j03290:58212:60305 [1] NCCL INFO               + PCI[24.0] - PCI/0-17000 (1000c01010de13b8)
x08j03290:58212:60305 [1] NCCL INFO                             + PCI[24.0] - GPU/0-19000 (9)
x08j03290:58214:60216 [3] NCCL INFO GPU Direct RDMA Enabled for GPU 14 / HCA 9 (distance 4 <= 4), read 0
x08j03290:58214:60216 [3] NCCL INFO === System : maxBw 12.5 totalBw 240.0 ===
x08j03290:58214:60216 [3] NCCL INFO CPU/0-0 (1/1/2)
x08j03290:58214:60216 [3] NCCL INFO + PCI[24.0] - NIC/0-6000
x08j03290:58214:60216 [3] NCCL INFO               + NET[12.5] - NET/0-5 (0/245bb00003fd7010/1/12.500000)
x08j03290:58214:60216 [3] NCCL INFO + PCI[24.0] - PCI/0-c000 (1000c0101000ffff)
x08j03290:58214:60216 [3] NCCL INFO               + PCI[24.0] - PCI/0-11000 (1000c01010de13b8)
x08j03290:58214:60216 [3] NCCL INFO                             + PCI[24.0] - GPU/0-13000 (8)
x08j03290:58212:60305 [1] NCCL INFO                                           + NVL[240.0] - NVS/0-0
x08j03290:58212:60305 [1] NCCL INFO + PCI[24.0] - PCI/0-41000 (1000c0101000ffff)
x08j03290:58212:60305 [1] NCCL INFO               + PCI[24.0] - NIC/0-4f000
x08j03290:58212:60305 [1] NCCL INFO                             + NET[12.5] - NET/0-7 (0/3c5fb00003fd7010/1/12.500000)
x08j03290:58212:60305 [1] NCCL INFO               + PCI[24.0] - PCI/0-4b000 (1000c01010de13b8)
x08j03290:58212:60305 [1] NCCL INFO                             + PCI[24.0] - GPU/0-4d000 (11)
x08j03290:58212:60305 [1] NCCL INFO                                           + NVL[240.0] - NVS/0-0
x08j03290:58212:60305 [1] NCCL INFO               + PCI[24.0] - PCI/0-46000 (1000c01010de13b8)
x08j03290:58212:60305 [1] NCCL INFO                             + PCI[24.0] - GPU/0-48000 (10)
x08j03290:58212:60305 [1] NCCL INFO                                           + NVL[240.0] - NVS/0-0
x08j03290:58212:60305 [1] NCCL INFO + SYS[10.0] - CPU/0-1
x08j03290:58212:60305 [1] NCCL INFO CPU/0-1 (1/1/2)
x08j03290:58212:60305 [1] NCCL INFO + PCI[24.0] - PCI/0-82000 (1000c0101000ffff)
x08j03290:58212:60305 [1] NCCL INFO               + PCI[24.0] - NIC/0-90000
x08j03290:58214:60216 [3] NCCL INFO                                           + NVL[240.0] - NVS/0-0
x08j03290:58214:60216 [3] NCCL INFO               + PCI[24.0] - NIC/0-1a000
x08j03290:58214:60216 [3] NCCL INFO                             + NET[12.5] - NET/0-6 (0/d05eb00003fd7010/1/12.500000)
x08j03290:58214:60216 [3] NCCL INFO               + PCI[24.0] - PCI/0-17000 (1000c01010de13b8)
x08j03290:58214:60216 [3] NCCL INFO                             + PCI[24.0] - GPU/0-19000 (9)
x08j03290:58214:60216 [3] NCCL INFO                                           + NVL[240.0] - NVS/0-0
x08j03290:58214:60216 [3] NCCL INFO + PCI[24.0] - PCI/0-41000 (1000c0101000ffff)
x08j03290:58214:60216 [3] NCCL INFO               + PCI[24.0] - NIC/0-4f000
x08j03290:58214:60216 [3] NCCL INFO                             + NET[12.5] - NET/0-7 (0/3c5fb00003fd7010/1/12.500000)
x08j03290:58214:60216 [3] NCCL INFO               + PCI[24.0] - PCI/0-4b000 (1000c01010de13b8)
x08j03290:58214:60216 [3] NCCL INFO                             + PCI[24.0] - GPU/0-4d000 (11)
x08j03290:58214:60216 [3] NCCL INFO                                           + NVL[240.0] - NVS/0-0
x08j03290:58215:60303 [4] NCCL INFO GPU Direct RDMA Enabled for GPU 8 / HCA 6 (distance 4 <= 4), read 0
x08j03290:58215:60303 [4] NCCL INFO GPU Direct RDMA Enabled for GPU 9 / HCA 6 (distance 4 <= 4), read 0
x08j03290:58215:60303 [4] NCCL INFO GPU Direct RDMA Enabled for GPU 11 / HCA 6 (distance 4 <= 4), read 0
x08j03290:58215:60303 [4] NCCL INFO GPU Direct RDMA Enabled for GPU 10 / HCA 6 (distance 4 <= 4), read 0
x08j03290:58215:60303 [4] NCCL INFO GPU Direct RDMA Enabled for GPU 13 / HCA 6 (distance 4 <= 4), read 0
x08j03290:58215:60303 [4] NCCL INFO GPU Direct RDMA Enabled for GPU 12 / HCA 6 (distance 4 <= 4), read 0
x08j03290:58215:60303 [4] NCCL INFO GPU Direct RDMA Enabled for GPU 15 / HCA 6 (distance 4 <= 4), read 0
x08j03290:58215:60303 [4] NCCL INFO GPU Direct RDMA Enabled for GPU 14 / HCA 6 (distance 4 <= 4), read 0
x08j03290:58215:60303 [4] NCCL INFO GPU Direct RDMA Enabled for GPU 8 / HCA 7 (distance 4 <= 4), read 0
x08j03290:58215:60303 [4] NCCL INFO GPU Direct RDMA Enabled for GPU 9 / HCA 7 (distance 4 <= 4), read 0
x08j03290:58215:60303 [4] NCCL INFO GPU Direct RDMA Enabled for GPU 11 / HCA 7 (distance 4 <= 4), read 0
x08j03290:58215:60303 [4] NCCL INFO GPU Direct RDMA Enabled for GPU 10 / HCA 7 (distance 4 <= 4), read 0
x08j03290:58215:60303 [4] NCCL INFO GPU Direct RDMA Enabled for GPU 13 / HCA 7 (distance 4 <= 4), read 0
x08j03290:58215:60303 [4] NCCL INFO GPU Direct RDMA Enabled for GPU 12 / HCA 7 (distance 4 <= 4), read 0
x08j03290:58215:60303 [4] NCCL INFO GPU Direct RDMA Enabled for GPU 15 / HCA 7 (distance 4 <= 4), read 0
x08j03290:58215:60303 [4] NCCL INFO GPU Direct RDMA Enabled for GPU 14 / HCA 7 (distance 4 <= 4), read 0
x08j03290:58215:60303 [4] NCCL INFO GPU Direct RDMA Enabled for GPU 8 / HCA 8 (distance 4 <= 4), read 0
x08j03290:58215:60303 [4] NCCL INFO GPU Direct RDMA Enabled for GPU 9 / HCA 8 (distance 4 <= 4), read 0
x08j03290:58215:60303 [4] NCCL INFO GPU Direct RDMA Enabled for GPU 11 / HCA 8 (distance 4 <= 4), read 0
x08j03290:58215:60303 [4] NCCL INFO GPU Direct RDMA Enabled for GPU 10 / HCA 8 (distance 4 <= 4), read 0
x08j03290:58215:60303 [4] NCCL INFO GPU Direct RDMA Enabled for GPU 13 / HCA 8 (distance 4 <= 4), read 0
x08j03290:58215:60303 [4] NCCL INFO GPU Direct RDMA Enabled for GPU 12 / HCA 8 (distance 4 <= 4), read 0
x08j03290:58215:60303 [4] NCCL INFO GPU Direct RDMA Enabled for GPU 15 / HCA 8 (distance 4 <= 4), read 0
x08j03290:58217:60215 [5] NCCL INFO GPU Direct RDMA Enabled for GPU 8 / HCA 6 (distance 4 <= 4), read 0
x08j03290:58217:60215 [5] NCCL INFO GPU Direct RDMA Enabled for GPU 9 / HCA 6 (distance 4 <= 4), read 0
x08j03290:58217:60215 [5] NCCL INFO GPU Direct RDMA Enabled for GPU 11 / HCA 6 (distance 4 <= 4), read 0
x08j03290:58217:60215 [5] NCCL INFO GPU Direct RDMA Enabled for GPU 10 / HCA 6 (distance 4 <= 4), read 0
x08j03290:58217:60215 [5] NCCL INFO GPU Direct RDMA Enabled for GPU 13 / HCA 6 (distance 4 <= 4), read 0
x08j03290:58217:60215 [5] NCCL INFO GPU Direct RDMA Enabled for GPU 12 / HCA 6 (distance 4 <= 4), read 0
x08j03290:58217:60215 [5] NCCL INFO GPU Direct RDMA Enabled for GPU 15 / HCA 6 (distance 4 <= 4), read 0
x08j03290:58217:60215 [5] NCCL INFO GPU Direct RDMA Enabled for GPU 14 / HCA 6 (distance 4 <= 4), read 0
x08j03290:58217:60215 [5] NCCL INFO GPU Direct RDMA Enabled for GPU 8 / HCA 7 (distance 4 <= 4), read 0
x08j03290:58217:60215 [5] NCCL INFO GPU Direct RDMA Enabled for GPU 9 / HCA 7 (distance 4 <= 4), read 0
x08j03290:58217:60215 [5] NCCL INFO GPU Direct RDMA Enabled for GPU 11 / HCA 7 (distance 4 <= 4), read 0
x08j03290:58217:60215 [5] NCCL INFO GPU Direct RDMA Enabled for GPU 10 / HCA 7 (distance 4 <= 4), read 0
x08j03290:58217:60215 [5] NCCL INFO GPU Direct RDMA Enabled for GPU 13 / HCA 7 (distance 4 <= 4), read 0
x08j03290:58212:60305 [1] NCCL INFO                             + NET[12.5] - NET/0-8 (0/f85eb00003fd7010/1/12.500000)
x08j03290:58212:60305 [1] NCCL INFO               + PCI[24.0] - PCI/0-8c000 (1000c01010de13b8)
x08j03290:58212:60305 [1] NCCL INFO                             + PCI[24.0] - GPU/0-8e000 (13)
x08j03290:58212:60305 [1] NCCL INFO                                           + NVL[240.0] - NVS/0-0
x08j03290:58212:60305 [1] NCCL INFO               + PCI[24.0] - PCI/0-87000 (1000c01010de13b8)
x08j03290:58212:60305 [1] NCCL INFO                             + PCI[24.0] - GPU/0-89000 (12)
x08j03290:58212:60305 [1] NCCL INFO                                           + NVL[240.0] - NVS/0-0
x08j03290:58212:60305 [1] NCCL INFO + PCI[24.0] - PCI/0-a6000 (1000c0101000ffff)
x08j03290:58212:60305 [1] NCCL INFO               + PCI[24.0] - NIC/0-b4000
x08j03290:58212:60305 [1] NCCL INFO                             + NET[12.5] - NET/0-9 (0/5026b00003fd7010/1/12.500000)
x08j03290:58212:60305 [1] NCCL INFO               + PCI[24.0] - PCI/0-b1000 (1000c01010de13b8)
x08j03290:58212:60305 [1] NCCL INFO                             + PCI[24.0] - GPU/0-b3000 (15)
x08j03290:58212:60305 [1] NCCL INFO                                           + NVL[240.0] - NVS/0-0
x08j03290:58217:60215 [5] NCCL INFO GPU Direct RDMA Enabled for GPU 12 / HCA 7 (distance 4 <= 4), read 0
x08j03290:58217:60215 [5] NCCL INFO GPU Direct RDMA Enabled for GPU 15 / HCA 7 (distance 4 <= 4), read 0
x08j03290:58217:60215 [5] NCCL INFO GPU Direct RDMA Enabled for GPU 14 / HCA 7 (distance 4 <= 4), read 0
x08j03290:58217:60215 [5] NCCL INFO GPU Direct RDMA Enabled for GPU 8 / HCA 8 (distance 4 <= 4), read 0
x08j03290:58217:60215 [5] NCCL INFO GPU Direct RDMA Enabled for GPU 9 / HCA 8 (distance 4 <= 4), read 0
x08j03290:58217:60215 [5] NCCL INFO GPU Direct RDMA Enabled for GPU 11 / HCA 8 (distance 4 <= 4), read 0
x08j03290:58217:60215 [5] NCCL INFO GPU Direct RDMA Enabled for GPU 10 / HCA 8 (distance 4 <= 4), read 0
x08j03290:58217:60215 [5] NCCL INFO GPU Direct RDMA Enabled for GPU 13 / HCA 8 (distance 4 <= 4), read 0
x08j03290:58217:60215 [5] NCCL INFO GPU Direct RDMA Enabled for GPU 12 / HCA 8 (distance 4 <= 4), read 0
x08j03290:58217:60215 [5] NCCL INFO GPU Direct RDMA Enabled for GPU 15 / HCA 8 (distance 4 <= 4), read 0
x08j03290:58217:60215 [5] NCCL INFO GPU Direct RDMA Enabled for GPU 14 / HCA 8 (distance 4 <= 4), read 0
x08j03290:58217:60215 [5] NCCL INFO GPU Direct RDMA Enabled for GPU 8 / HCA 9 (distance 4 <= 4), read 0
x08j03290:58217:60215 [5] NCCL INFO GPU Direct RDMA Enabled for GPU 9 / HCA 9 (distance 4 <= 4), read 0
x08j03290:58217:60215 [5] NCCL INFO GPU Direct RDMA Enabled for GPU 11 / HCA 9 (distance 4 <= 4), read 0
x08j03290:58217:60215 [5] NCCL INFO GPU Direct RDMA Enabled for GPU 10 / HCA 9 (distance 4 <= 4), read 0
x08j03290:58217:60215 [5] NCCL INFO GPU Direct RDMA Enabled for GPU 13 / HCA 9 (distance 4 <= 4), read 0
x08j03290:58217:60215 [5] NCCL INFO GPU Direct RDMA Enabled for GPU 12 / HCA 9 (distance 4 <= 4), read 0
x08j03290:58217:60215 [5] NCCL INFO GPU Direct RDMA Enabled for GPU 15 / HCA 9 (distance 4 <= 4), read 0
x08j03290:58217:60215 [5] NCCL INFO GPU Direct RDMA Enabled for GPU 14 / HCA 9 (distance 4 <= 4), read 0
x08j03290:58223:60225 [7] NCCL INFO GPU Direct RDMA Enabled for GPU 8 / HCA 6 (distance 4 <= 4), read 0
x08j03290:58223:60225 [7] NCCL INFO GPU Direct RDMA Enabled for GPU 9 / HCA 6 (distance 4 <= 4), read 0
x08j03290:58223:60225 [7] NCCL INFO GPU Direct RDMA Enabled for GPU 11 / HCA 6 (distance 4 <= 4), read 0
x08j03290:58223:60225 [7] NCCL INFO GPU Direct RDMA Enabled for GPU 10 / HCA 6 (distance 4 <= 4), read 0
x08j03290:58223:60225 [7] NCCL INFO GPU Direct RDMA Enabled for GPU 13 / HCA 6 (distance 4 <= 4), read 0
x08j03290:58223:60225 [7] NCCL INFO GPU Direct RDMA Enabled for GPU 12 / HCA 6 (distance 4 <= 4), read 0
x08j03290:58223:60225 [7] NCCL INFO GPU Direct RDMA Enabled for GPU 15 / HCA 6 (distance 4 <= 4), read 0
x08j03290:58223:60225 [7] NCCL INFO GPU Direct RDMA Enabled for GPU 14 / HCA 6 (distance 4 <= 4), read 0
x08j03290:58223:60225 [7] NCCL INFO GPU Direct RDMA Enabled for GPU 8 / HCA 7 (distance 4 <= 4), read 0
x08j03290:58223:60225 [7] NCCL INFO GPU Direct RDMA Enabled for GPU 9 / HCA 7 (distance 4 <= 4), read 0
x08j03290:58214:60216 [3] NCCL INFO               + PCI[24.0] - PCI/0-46000 (1000c01010de13b8)
x08j03290:58214:60216 [3] NCCL INFO                             + PCI[24.0] - GPU/0-48000 (10)
x08j03290:58214:60216 [3] NCCL INFO                                           + NVL[240.0] - NVS/0-0
x08j03290:58214:60216 [3] NCCL INFO + SYS[10.0] - CPU/0-1
x08j03290:58214:60216 [3] NCCL INFO CPU/0-1 (1/1/2)
x08j03290:58214:60216 [3] NCCL INFO + PCI[24.0] - PCI/0-82000 (1000c0101000ffff)
x08j03290:58214:60216 [3] NCCL INFO               + PCI[24.0] - NIC/0-90000
x08j03290:58214:60216 [3] NCCL INFO                             + NET[12.5] - NET/0-8 (0/f85eb00003fd7010/1/12.500000)
x08j03290:58214:60216 [3] NCCL INFO               + PCI[24.0] - PCI/0-8c000 (1000c01010de13b8)
x08j03290:58214:60216 [3] NCCL INFO                             + PCI[24.0] - GPU/0-8e000 (13)
x08j03290:58214:60216 [3] NCCL INFO                                           + NVL[240.0] - NVS/0-0
x08j03290:58214:60216 [3] NCCL INFO               + PCI[24.0] - PCI/0-87000 (1000c01010de13b8)
x08j03290:58214:60216 [3] NCCL INFO                             + PCI[24.0] - GPU/0-89000 (12)
x08j03290:58214:60216 [3] NCCL INFO                                           + NVL[240.0] - NVS/0-0
x08j03290:58214:60216 [3] NCCL INFO + PCI[24.0] - PCI/0-a6000 (1000c0101000ffff)
x08j03290:58214:60216 [3] NCCL INFO               + PCI[24.0] - NIC/0-b4000
x08j03290:58214:60216 [3] NCCL INFO                             + NET[12.5] - NET/0-9 (0/5026b00003fd7010/1/12.500000)
x08j03290:58214:60216 [3] NCCL INFO               + PCI[24.0] - PCI/0-b1000 (1000c01010de13b8)
x08j03290:58214:60216 [3] NCCL INFO                             + PCI[24.0] - GPU/0-b3000 (15)
x08j03290:58214:60216 [3] NCCL INFO                                           + NVL[240.0] - NVS/0-0
x08j03290:58214:60216 [3] NCCL INFO               + PCI[24.0] - PCI/0-ab000 (1000c01010de13b8)
x08j03290:58214:60216 [3] NCCL INFO                             + PCI[24.0] - GPU/0-ad000 (14)
x08j03290:58214:60216 [3] NCCL INFO                                           + NVL[240.0] - NVS/0-0
x08j03290:58214:60216 [3] NCCL INFO + SYS[10.0] - CPU/0-0
x08j03290:58214:60216 [3] NCCL INFO ==========================================
x08j03290:58215:60303 [4] NCCL INFO GPU Direct RDMA Enabled for GPU 14 / HCA 8 (distance 4 <= 4), read 0
x08j03290:58215:60303 [4] NCCL INFO GPU Direct RDMA Enabled for GPU 8 / HCA 9 (distance 4 <= 4), read 0
x08j03290:58215:60303 [4] NCCL INFO GPU Direct RDMA Enabled for GPU 9 / HCA 9 (distance 4 <= 4), read 0
x08j03290:58215:60303 [4] NCCL INFO GPU Direct RDMA Enabled for GPU 11 / HCA 9 (distance 4 <= 4), read 0
x08j03290:58215:60303 [4] NCCL INFO GPU Direct RDMA Enabled for GPU 10 / HCA 9 (distance 4 <= 4), read 0
x08j03290:58215:60303 [4] NCCL INFO GPU Direct RDMA Enabled for GPU 13 / HCA 9 (distance 4 <= 4), read 0
x08j03290:58215:60303 [4] NCCL INFO GPU Direct RDMA Enabled for GPU 12 / HCA 9 (distance 4 <= 4), read 0
x08j03290:58215:60303 [4] NCCL INFO GPU Direct RDMA Enabled for GPU 15 / HCA 9 (distance 4 <= 4), read 0
x08j03290:58215:60303 [4] NCCL INFO GPU Direct RDMA Enabled for GPU 14 / HCA 9 (distance 4 <= 4), read 0
x08j03290:58215:60303 [4] NCCL INFO === System : maxBw 12.5 totalBw 240.0 ===
x08j03290:58215:60303 [4] NCCL INFO CPU/0-0 (1/1/2)
x08j03290:58215:60303 [4] NCCL INFO + PCI[24.0] - NIC/0-6000
x08j03290:58215:60303 [4] NCCL INFO               + NET[12.5] - NET/0-5 (0/245bb00003fd7010/1/12.500000)
x08j03290:58215:60303 [4] NCCL INFO + PCI[24.0] - PCI/0-c000 (1000c0101000ffff)
x08j03290:58215:60303 [4] NCCL INFO               + PCI[24.0] - PCI/0-11000 (1000c01010de13b8)
x08j03290:58215:60303 [4] NCCL INFO                             + PCI[24.0] - GPU/0-13000 (8)
x08j03290:58215:60303 [4] NCCL INFO                                           + NVL[240.0] - NVS/0-0
x08j03290:58215:60303 [4] NCCL INFO               + PCI[24.0] - NIC/0-1a000
x08j03290:58215:60303 [4] NCCL INFO                             + NET[12.5] - NET/0-6 (0/d05eb00003fd7010/1/12.500000)
x08j03290:58215:60303 [4] NCCL INFO               + PCI[24.0] - PCI/0-17000 (1000c01010de13b8)
x08j03290:58215:60303 [4] NCCL INFO                             + PCI[24.0] - GPU/0-19000 (9)
x08j03290:58215:60303 [4] NCCL INFO                                           + NVL[240.0] - NVS/0-0
x08j03290:58215:60303 [4] NCCL INFO + PCI[24.0] - PCI/0-41000 (1000c0101000ffff)
x08j03290:58215:60303 [4] NCCL INFO               + PCI[24.0] - NIC/0-4f000
x08j03290:58215:60303 [4] NCCL INFO                             + NET[12.5] - NET/0-7 (0/3c5fb00003fd7010/1/12.500000)
x08j03290:58215:60303 [4] NCCL INFO               + PCI[24.0] - PCI/0-4b000 (1000c01010de13b8)
x08j03290:58215:60303 [4] NCCL INFO                             + PCI[24.0] - GPU/0-4d000 (11)
x08j03290:58215:60303 [4] NCCL INFO                                           + NVL[240.0] - NVS/0-0
x08j03290:58215:60303 [4] NCCL INFO               + PCI[24.0] - PCI/0-46000 (1000c01010de13b8)
x08j03290:58215:60303 [4] NCCL INFO                             + PCI[24.0] - GPU/0-48000 (10)
x08j03290:58212:60305 [1] NCCL INFO               + PCI[24.0] - PCI/0-ab000 (1000c01010de13b8)
x08j03290:58212:60305 [1] NCCL INFO                             + PCI[24.0] - GPU/0-ad000 (14)
x08j03290:58212:60305 [1] NCCL INFO                                           + NVL[240.0] - NVS/0-0
x08j03290:58212:60305 [1] NCCL INFO + SYS[10.0] - CPU/0-0
x08j03290:58212:60305 [1] NCCL INFO ==========================================
x08j03290:58212:60305 [1] NCCL INFO GPU/0-13000 :GPU/0-13000 (0/5000.0/LOC) GPU/0-19000 (2/240.0/NVL) GPU/0-4d000 (2/240.0/NVL) GPU/0-48000 (2/240.0/NVL) GPU/0-8e000 (2/240.0/NVL) GPU/0-89000 (2/240.0/NVL) GPU/0-b3000 (2/240.0/NVL) GPU/0-ad000 (2/240.0/NVL) NVS/0-0 (1/240.0/NVL) CPU/0-0 (3/24.0/PHB) CPU/0-1 (4/10.0/SYS) NET/0-5 (5/12.5/PHB) NET/0-6 (4/12.5/PXB) NET/0-7 (6/12.5/PXN) NET/0-8 (6/12.5/PXN) NET/0-9 (6/12.5/PXN) 
x08j03290:58212:60305 [1] NCCL INFO GPU/0-19000 :GPU/0-13000 (2/240.0/NVL) GPU/0-19000 (0/5000.0/LOC) GPU/0-4d000 (2/240.0/NVL) GPU/0-48000 (2/240.0/NVL) GPU/0-8e000 (2/240.0/NVL) GPU/0-89000 (2/240.0/NVL) GPU/0-b3000 (2/240.0/NVL) GPU/0-ad000 (2/240.0/NVL) NVS/0-0 (1/240.0/NVL) CPU/0-0 (3/24.0/PHB) CPU/0-1 (4/10.0/SYS) NET/0-5 (5/12.5/PHB) NET/0-6 (4/12.5/PXB) NET/0-7 (6/12.5/PXN) NET/0-8 (6/12.5/PXN) NET/0-9 (6/12.5/PXN) 
x08j03290:58212:60305 [1] NCCL INFO GPU/0-4d000 :GPU/0-13000 (2/240.0/NVL) GPU/0-19000 (2/240.0/NVL) GPU/0-4d000 (0/5000.0/LOC) GPU/0-48000 (2/240.0/NVL) GPU/0-8e000 (2/240.0/NVL) GPU/0-89000 (2/240.0/NVL) GPU/0-b3000 (2/240.0/NVL) GPU/0-ad000 (2/240.0/NVL) NVS/0-0 (1/240.0/NVL) CPU/0-0 (3/24.0/PHB) CPU/0-1 (4/10.0/SYS) NET/0-5 (5/12.5/PHB) NET/0-6 (6/12.5/PXN) NET/0-7 (4/12.5/PXB) NET/0-8 (6/12.5/PXN) NET/0-9 (6/12.5/PXN) 
x08j03290:58212:60305 [1] NCCL INFO GPU/0-48000 :GPU/0-13000 (2/240.0/NVL) GPU/0-19000 (2/240.0/NVL) GPU/0-4d000 (2/240.0/NVL) GPU/0-48000 (0/5000.0/LOC) GPU/0-8e000 (2/240.0/NVL) GPU/0-89000 (2/240.0/NVL) GPU/0-b3000 (2/240.0/NVL) GPU/0-ad000 (2/240.0/NVL) NVS/0-0 (1/240.0/NVL) CPU/0-0 (3/24.0/PHB) CPU/0-1 (4/10.0/SYS) NET/0-5 (5/12.5/PHB) NET/0-6 (6/12.5/PXN) NET/0-7 (4/12.5/PXB) NET/0-8 (6/12.5/PXN) NET/0-9 (6/12.5/PXN) 
x08j03290:58212:60305 [1] NCCL INFO GPU/0-8e000 :GPU/0-13000 (2/240.0/NVL) GPU/0-19000 (2/240.0/NVL) GPU/0-4d000 (2/240.0/NVL) GPU/0-48000 (2/240.0/NVL) GPU/0-8e000 (0/5000.0/LOC) GPU/0-89000 (2/240.0/NVL) GPU/0-b3000 (2/240.0/NVL) GPU/0-ad000 (2/240.0/NVL) NVS/0-0 (1/240.0/NVL) CPU/0-0 (4/10.0/SYS) CPU/0-1 (3/24.0/PHB) NET/0-5 (6/10.0/SYS) NET/0-6 (6/12.5/PXN) NET/0-7 (6/12.5/PXN) NET/0-8 (4/12.5/PXB) NET/0-9 (6/12.5/PXN) 
x08j03290:58212:60305 [1] NCCL INFO GPU/0-89000 :GPU/0-13000 (2/240.0/NVL) GPU/0-19000 (2/240.0/NVL) GPU/0-4d000 (2/240.0/NVL) GPU/0-48000 (2/240.0/NVL) GPU/0-8e000 (2/240.0/NVL) GPU/0-89000 (0/5000.0/LOC) GPU/0-b3000 (2/240.0/NVL) GPU/0-ad000 (2/240.0/NVL) NVS/0-0 (1/240.0/NVL) CPU/0-0 (4/10.0/SYS) CPU/0-1 (3/24.0/PHB) NET/0-5 (6/10.0/SYS) NET/0-6 (6/12.5/PXN) NET/0-7 (6/12.5/PXN) NET/0-8 (4/12.5/PXB) NET/0-9 (6/12.5/PXN) 
x08j03290:58215:60303 [4] NCCL INFO                                           + NVL[240.0] - NVS/0-0
x08j03290:58215:60303 [4] NCCL INFO + SYS[10.0] - CPU/0-1
x08j03290:58215:60303 [4] NCCL INFO CPU/0-1 (1/1/2)
x08j03290:58215:60303 [4] NCCL INFO + PCI[24.0] - PCI/0-82000 (1000c0101000ffff)
x08j03290:58215:60303 [4] NCCL INFO               + PCI[24.0] - NIC/0-90000
x08j03290:58215:60303 [4] NCCL INFO                             + NET[12.5] - NET/0-8 (0/f85eb00003fd7010/1/12.500000)
x08j03290:58215:60303 [4] NCCL INFO               + PCI[24.0] - PCI/0-8c000 (1000c01010de13b8)
x08j03290:58215:60303 [4] NCCL INFO                             + PCI[24.0] - GPU/0-8e000 (13)
x08j03290:58215:60303 [4] NCCL INFO                                           + NVL[240.0] - NVS/0-0
x08j03290:58215:60303 [4] NCCL INFO               + PCI[24.0] - PCI/0-87000 (1000c01010de13b8)
x08j03290:58215:60303 [4] NCCL INFO                             + PCI[24.0] - GPU/0-89000 (12)
x08j03290:58215:60303 [4] NCCL INFO                                           + NVL[240.0] - NVS/0-0
x08j03290:58215:60303 [4] NCCL INFO + PCI[24.0] - PCI/0-a6000 (1000c0101000ffff)
x08j03290:58215:60303 [4] NCCL INFO               + PCI[24.0] - NIC/0-b4000
x08j03290:58215:60303 [4] NCCL INFO                             + NET[12.5] - NET/0-9 (0/5026b00003fd7010/1/12.500000)
x08j03290:58215:60303 [4] NCCL INFO               + PCI[24.0] - PCI/0-b1000 (1000c01010de13b8)
x08j03290:58215:60303 [4] NCCL INFO                             + PCI[24.0] - GPU/0-b3000 (15)
x08j03290:58215:60303 [4] NCCL INFO                                           + NVL[240.0] - NVS/0-0
x08j03290:58215:60303 [4] NCCL INFO               + PCI[24.0] - PCI/0-ab000 (1000c01010de13b8)
x08j03290:58215:60303 [4] NCCL INFO                             + PCI[24.0] - GPU/0-ad000 (14)
x08j03290:58215:60303 [4] NCCL INFO                                           + NVL[240.0] - NVS/0-0
x08j03290:58215:60303 [4] NCCL INFO + SYS[10.0] - CPU/0-0
x08j03290:58215:60303 [4] NCCL INFO ==========================================
x08j03290:58217:60215 [5] NCCL INFO === System : maxBw 12.5 totalBw 240.0 ===
x08j03290:58217:60215 [5] NCCL INFO CPU/0-0 (1/1/2)
x08j03290:58217:60215 [5] NCCL INFO + PCI[24.0] - NIC/0-6000
x08j03290:58217:60215 [5] NCCL INFO               + NET[12.5] - NET/0-5 (0/245bb00003fd7010/1/12.500000)
x08j03290:58217:60215 [5] NCCL INFO + PCI[24.0] - PCI/0-c000 (1000c0101000ffff)
x08j03290:58217:60215 [5] NCCL INFO               + PCI[24.0] - PCI/0-11000 (1000c01010de13b8)
x08j03290:58217:60215 [5] NCCL INFO                             + PCI[24.0] - GPU/0-13000 (8)
x08j03290:58217:60215 [5] NCCL INFO                                           + NVL[240.0] - NVS/0-0
x08j03290:58217:60215 [5] NCCL INFO               + PCI[24.0] - NIC/0-1a000
x08j03290:58217:60215 [5] NCCL INFO                             + NET[12.5] - NET/0-6 (0/d05eb00003fd7010/1/12.500000)
x08j03290:58217:60215 [5] NCCL INFO               + PCI[24.0] - PCI/0-17000 (1000c01010de13b8)
x08j03290:58217:60215 [5] NCCL INFO                             + PCI[24.0] - GPU/0-19000 (9)
x08j03290:58217:60215 [5] NCCL INFO                                           + NVL[240.0] - NVS/0-0
x08j03290:58217:60215 [5] NCCL INFO + PCI[24.0] - PCI/0-41000 (1000c0101000ffff)
x08j03290:58217:60215 [5] NCCL INFO               + PCI[24.0] - NIC/0-4f000
x08j03290:58217:60215 [5] NCCL INFO                             + NET[12.5] - NET/0-7 (0/3c5fb00003fd7010/1/12.500000)
x08j03290:58217:60215 [5] NCCL INFO               + PCI[24.0] - PCI/0-4b000 (1000c01010de13b8)
x08j03290:58217:60215 [5] NCCL INFO                             + PCI[24.0] - GPU/0-4d000 (11)
x08j03290:58217:60215 [5] NCCL INFO                                           + NVL[240.0] - NVS/0-0
x08j03290:58217:60215 [5] NCCL INFO               + PCI[24.0] - PCI/0-46000 (1000c01010de13b8)
x08j03290:58217:60215 [5] NCCL INFO                             + PCI[24.0] - GPU/0-48000 (10)
x08j03290:58217:60215 [5] NCCL INFO                                           + NVL[240.0] - NVS/0-0
x08j03290:58217:60215 [5] NCCL INFO + SYS[10.0] - CPU/0-1
x08j03290:58217:60215 [5] NCCL INFO CPU/0-1 (1/1/2)
x08j03290:58217:60215 [5] NCCL INFO + PCI[24.0] - PCI/0-82000 (1000c0101000ffff)
x08j03290:58217:60215 [5] NCCL INFO               + PCI[24.0] - NIC/0-90000
x08j03290:58217:60215 [5] NCCL INFO                             + NET[12.5] - NET/0-8 (0/f85eb00003fd7010/1/12.500000)
x08j03290:58223:60225 [7] NCCL INFO GPU Direct RDMA Enabled for GPU 11 / HCA 7 (distance 4 <= 4), read 0
x08j03290:58223:60225 [7] NCCL INFO GPU Direct RDMA Enabled for GPU 10 / HCA 7 (distance 4 <= 4), read 0
x08j03290:58223:60225 [7] NCCL INFO GPU Direct RDMA Enabled for GPU 13 / HCA 7 (distance 4 <= 4), read 0
x08j03290:58223:60225 [7] NCCL INFO GPU Direct RDMA Enabled for GPU 12 / HCA 7 (distance 4 <= 4), read 0
x08j03290:58223:60225 [7] NCCL INFO GPU Direct RDMA Enabled for GPU 15 / HCA 7 (distance 4 <= 4), read 0
x08j03290:58223:60225 [7] NCCL INFO GPU Direct RDMA Enabled for GPU 14 / HCA 7 (distance 4 <= 4), read 0
x08j03290:58223:60225 [7] NCCL INFO GPU Direct RDMA Enabled for GPU 8 / HCA 8 (distance 4 <= 4), read 0
x08j03290:58223:60225 [7] NCCL INFO GPU Direct RDMA Enabled for GPU 9 / HCA 8 (distance 4 <= 4), read 0
x08j03290:58223:60225 [7] NCCL INFO GPU Direct RDMA Enabled for GPU 11 / HCA 8 (distance 4 <= 4), read 0
x08j03290:58223:60225 [7] NCCL INFO GPU Direct RDMA Enabled for GPU 10 / HCA 8 (distance 4 <= 4), read 0
x08j03290:58223:60225 [7] NCCL INFO GPU Direct RDMA Enabled for GPU 13 / HCA 8 (distance 4 <= 4), read 0
x08j03290:58223:60225 [7] NCCL INFO GPU Direct RDMA Enabled for GPU 12 / HCA 8 (distance 4 <= 4), read 0
x08j03290:58223:60225 [7] NCCL INFO GPU Direct RDMA Enabled for GPU 15 / HCA 8 (distance 4 <= 4), read 0
x08j03290:58223:60225 [7] NCCL INFO GPU Direct RDMA Enabled for GPU 14 / HCA 8 (distance 4 <= 4), read 0
x08j03290:58223:60225 [7] NCCL INFO GPU Direct RDMA Enabled for GPU 8 / HCA 9 (distance 4 <= 4), read 0
x08j03290:58223:60225 [7] NCCL INFO GPU Direct RDMA Enabled for GPU 9 / HCA 9 (distance 4 <= 4), read 0
x08j03290:58223:60225 [7] NCCL INFO GPU Direct RDMA Enabled for GPU 11 / HCA 9 (distance 4 <= 4), read 0
x08j03290:58223:60225 [7] NCCL INFO GPU Direct RDMA Enabled for GPU 10 / HCA 9 (distance 4 <= 4), read 0
x08j03290:58223:60225 [7] NCCL INFO GPU Direct RDMA Enabled for GPU 13 / HCA 9 (distance 4 <= 4), read 0
x08j03290:58223:60225 [7] NCCL INFO GPU Direct RDMA Enabled for GPU 12 / HCA 9 (distance 4 <= 4), read 0
x08j03290:58223:60225 [7] NCCL INFO GPU Direct RDMA Enabled for GPU 15 / HCA 9 (distance 4 <= 4), read 0
x08j03290:58223:60225 [7] NCCL INFO GPU Direct RDMA Enabled for GPU 14 / HCA 9 (distance 4 <= 4), read 0
x08j03290:58223:60225 [7] NCCL INFO === System : maxBw 12.5 totalBw 240.0 ===
x08j03290:58223:60225 [7] NCCL INFO CPU/0-0 (1/1/2)
x08j03290:58223:60225 [7] NCCL INFO + PCI[24.0] - NIC/0-6000
x08j03290:58223:60225 [7] NCCL INFO               + NET[12.5] - NET/0-5 (0/245bb00003fd7010/1/12.500000)
x08j03290:58223:60225 [7] NCCL INFO + PCI[24.0] - PCI/0-c000 (1000c0101000ffff)
x08j03290:58223:60225 [7] NCCL INFO               + PCI[24.0] - PCI/0-11000 (1000c01010de13b8)
x08j03290:58223:60225 [7] NCCL INFO                             + PCI[24.0] - GPU/0-13000 (8)
x08j03290:58223:60225 [7] NCCL INFO                                           + NVL[240.0] - NVS/0-0
x08j03290:58223:60225 [7] NCCL INFO               + PCI[24.0] - NIC/0-1a000
x08j03290:58223:60225 [7] NCCL INFO                             + NET[12.5] - NET/0-6 (0/d05eb00003fd7010/1/12.500000)
x08j03290:58209:60217 [0] NCCL INFO GPU Direct RDMA Enabled for GPU 8 / HCA 6 (distance 4 <= 4), read 0
x08j03290:58209:60217 [0] NCCL INFO GPU Direct RDMA Enabled for GPU 9 / HCA 6 (distance 4 <= 4), read 0
x08j03290:58209:60217 [0] NCCL INFO GPU Direct RDMA Enabled for GPU 11 / HCA 6 (distance 4 <= 4), read 0
x08j03290:58209:60217 [0] NCCL INFO GPU Direct RDMA Enabled for GPU 10 / HCA 6 (distance 4 <= 4), read 0
x08j03290:58209:60217 [0] NCCL INFO GPU Direct RDMA Enabled for GPU 13 / HCA 6 (distance 4 <= 4), read 0
x08j03290:58209:60217 [0] NCCL INFO GPU Direct RDMA Enabled for GPU 12 / HCA 6 (distance 4 <= 4), read 0
x08j03290:58209:60217 [0] NCCL INFO GPU Direct RDMA Enabled for GPU 15 / HCA 6 (distance 4 <= 4), read 0
x08j03290:58209:60217 [0] NCCL INFO GPU Direct RDMA Enabled for GPU 14 / HCA 6 (distance 4 <= 4), read 0
x08j03290:58209:60217 [0] NCCL INFO GPU Direct RDMA Enabled for GPU 8 / HCA 7 (distance 4 <= 4), read 0
x08j03290:58209:60217 [0] NCCL INFO GPU Direct RDMA Enabled for GPU 9 / HCA 7 (distance 4 <= 4), read 0
x08j03290:58209:60217 [0] NCCL INFO GPU Direct RDMA Enabled for GPU 11 / HCA 7 (distance 4 <= 4), read 0
x08j03290:58209:60217 [0] NCCL INFO GPU Direct RDMA Enabled for GPU 10 / HCA 7 (distance 4 <= 4), read 0
x08j03290:58209:60217 [0] NCCL INFO GPU Direct RDMA Enabled for GPU 13 / HCA 7 (distance 4 <= 4), read 0
x08j03290:58209:60217 [0] NCCL INFO GPU Direct RDMA Enabled for GPU 12 / HCA 7 (distance 4 <= 4), read 0
x08j03290:58209:60217 [0] NCCL INFO GPU Direct RDMA Enabled for GPU 15 / HCA 7 (distance 4 <= 4), read 0
x08j03290:58209:60217 [0] NCCL INFO GPU Direct RDMA Enabled for GPU 14 / HCA 7 (distance 4 <= 4), read 0
x08j03290:58209:60217 [0] NCCL INFO GPU Direct RDMA Enabled for GPU 8 / HCA 8 (distance 4 <= 4), read 0
x08j03290:58209:60217 [0] NCCL INFO GPU Direct RDMA Enabled for GPU 9 / HCA 8 (distance 4 <= 4), read 0
x08j03290:58209:60217 [0] NCCL INFO GPU Direct RDMA Enabled for GPU 11 / HCA 8 (distance 4 <= 4), read 0
x08j03290:58214:60216 [3] NCCL INFO GPU/0-13000 :GPU/0-13000 (0/5000.0/LOC) GPU/0-19000 (2/240.0/NVL) GPU/0-4d000 (2/240.0/NVL) GPU/0-48000 (2/240.0/NVL) GPU/0-8e000 (2/240.0/NVL) GPU/0-89000 (2/240.0/NVL) GPU/0-b3000 (2/240.0/NVL) GPU/0-ad000 (2/240.0/NVL) NVS/0-0 (1/240.0/NVL) CPU/0-0 (3/24.0/PHB) CPU/0-1 (4/10.0/SYS) NET/0-5 (5/12.5/PHB) NET/0-6 (4/12.5/PXB) NET/0-7 (6/12.5/PXN) NET/0-8 (6/12.5/PXN) NET/0-9 (6/12.5/PXN) 
x08j03290:58214:60216 [3] NCCL INFO GPU/0-19000 :GPU/0-13000 (2/240.0/NVL) GPU/0-19000 (0/5000.0/LOC) GPU/0-4d000 (2/240.0/NVL) GPU/0-48000 (2/240.0/NVL) GPU/0-8e000 (2/240.0/NVL) GPU/0-89000 (2/240.0/NVL) GPU/0-b3000 (2/240.0/NVL) GPU/0-ad000 (2/240.0/NVL) NVS/0-0 (1/240.0/NVL) CPU/0-0 (3/24.0/PHB) CPU/0-1 (4/10.0/SYS) NET/0-5 (5/12.5/PHB) NET/0-6 (4/12.5/PXB) NET/0-7 (6/12.5/PXN) NET/0-8 (6/12.5/PXN) NET/0-9 (6/12.5/PXN) 
x08j03290:58214:60216 [3] NCCL INFO GPU/0-4d000 :GPU/0-13000 (2/240.0/NVL) GPU/0-19000 (2/240.0/NVL) GPU/0-4d000 (0/5000.0/LOC) GPU/0-48000 (2/240.0/NVL) GPU/0-8e000 (2/240.0/NVL) GPU/0-89000 (2/240.0/NVL) GPU/0-b3000 (2/240.0/NVL) GPU/0-ad000 (2/240.0/NVL) NVS/0-0 (1/240.0/NVL) CPU/0-0 (3/24.0/PHB) CPU/0-1 (4/10.0/SYS) NET/0-5 (5/12.5/PHB) NET/0-6 (6/12.5/PXN) NET/0-7 (4/12.5/PXB) NET/0-8 (6/12.5/PXN) NET/0-9 (6/12.5/PXN) 
x08j03290:58214:60216 [3] NCCL INFO GPU/0-48000 :GPU/0-13000 (2/240.0/NVL) GPU/0-19000 (2/240.0/NVL) GPU/0-4d000 (2/240.0/NVL) GPU/0-48000 (0/5000.0/LOC) GPU/0-8e000 (2/240.0/NVL) GPU/0-89000 (2/240.0/NVL) GPU/0-b3000 (2/240.0/NVL) GPU/0-ad000 (2/240.0/NVL) NVS/0-0 (1/240.0/NVL) CPU/0-0 (3/24.0/PHB) CPU/0-1 (4/10.0/SYS) NET/0-5 (5/12.5/PHB) NET/0-6 (6/12.5/PXN) NET/0-7 (4/12.5/PXB) NET/0-8 (6/12.5/PXN) NET/0-9 (6/12.5/PXN) 
x08j03290:58214:60216 [3] NCCL INFO GPU/0-8e000 :GPU/0-13000 (2/240.0/NVL) GPU/0-19000 (2/240.0/NVL) GPU/0-4d000 (2/240.0/NVL) GPU/0-48000 (2/240.0/NVL) GPU/0-8e000 (0/5000.0/LOC) GPU/0-89000 (2/240.0/NVL) GPU/0-b3000 (2/240.0/NVL) GPU/0-ad000 (2/240.0/NVL) NVS/0-0 (1/240.0/NVL) CPU/0-0 (4/10.0/SYS) CPU/0-1 (3/24.0/PHB) NET/0-5 (6/10.0/SYS) NET/0-6 (6/12.5/PXN) NET/0-7 (6/12.5/PXN) NET/0-8 (4/12.5/PXB) NET/0-9 (6/12.5/PXN) 
x08j03290:58214:60216 [3] NCCL INFO GPU/0-89000 :GPU/0-13000 (2/240.0/NVL) GPU/0-19000 (2/240.0/NVL) GPU/0-4d000 (2/240.0/NVL) GPU/0-48000 (2/240.0/NVL) GPU/0-8e000 (2/240.0/NVL) GPU/0-89000 (0/5000.0/LOC) GPU/0-b3000 (2/240.0/NVL) GPU/0-ad000 (2/240.0/NVL) NVS/0-0 (1/240.0/NVL) CPU/0-0 (4/10.0/SYS) CPU/0-1 (3/24.0/PHB) NET/0-5 (6/10.0/SYS) NET/0-6 (6/12.5/PXN) NET/0-7 (6/12.5/PXN) NET/0-8 (4/12.5/PXB) NET/0-9 (6/12.5/PXN) 
x08j03290:58214:60216 [3] NCCL INFO GPU/0-b3000 :GPU/0-13000 (2/240.0/NVL) GPU/0-19000 (2/240.0/NVL) GPU/0-4d000 (2/240.0/NVL) GPU/0-48000 (2/240.0/NVL) GPU/0-8e000 (2/240.0/NVL) GPU/0-89000 (2/240.0/NVL) GPU/0-b3000 (0/5000.0/LOC) GPU/0-ad000 (2/240.0/NVL) NVS/0-0 (1/240.0/NVL) CPU/0-0 (4/10.0/SYS) CPU/0-1 (3/24.0/PHB) NET/0-5 (6/10.0/SYS) NET/0-6 (6/12.5/PXN) NET/0-7 (6/12.5/PXN) NET/0-8 (6/12.5/PXN) NET/0-9 (4/12.5/PXB) 
x08j03290:58214:60216 [3] NCCL INFO GPU/0-ad000 :GPU/0-13000 (2/240.0/NVL) GPU/0-19000 (2/240.0/NVL) GPU/0-4d000 (2/240.0/NVL) GPU/0-48000 (2/240.0/NVL) GPU/0-8e000 (2/240.0/NVL) GPU/0-89000 (2/240.0/NVL) GPU/0-b3000 (2/240.0/NVL) GPU/0-ad000 (0/5000.0/LOC) NVS/0-0 (1/240.0/NVL) CPU/0-0 (4/10.0/SYS) CPU/0-1 (3/24.0/PHB) NET/0-5 (6/10.0/SYS) NET/0-6 (6/12.5/PXN) NET/0-7 (6/12.5/PXN) NET/0-8 (6/12.5/PXN) NET/0-9 (4/12.5/PXB) 
x08j03290:58214:60216 [3] NCCL INFO NET/0-5 :GPU/0-13000 (5/12.5/PHB) GPU/0-19000 (5/12.5/PHB) GPU/0-4d000 (5/12.5/PHB) GPU/0-48000 (5/12.5/PHB) GPU/0-8e000 (6/10.0/SYS) GPU/0-89000 (6/10.0/SYS) GPU/0-b3000 (6/10.0/SYS) GPU/0-ad000 (6/10.0/SYS) CPU/0-0 (2/12.5/PHB) CPU/0-1 (3/10.0/SYS) NET/0-5 (0/5000.0/LOC) NET/0-6 (5/12.5/PHB) NET/0-7 (5/12.5/PHB) NET/0-8 (6/10.0/SYS) NET/0-9 (6/10.0/SYS) 
x08j03290:58214:60216 [3] NCCL INFO NET/0-6 :GPU/0-13000 (4/12.5/PXB) GPU/0-19000 (4/12.5/PXB) GPU/0-4d000 (6/12.5/PHB) GPU/0-48000 (6/12.5/PHB) GPU/0-8e000 (7/10.0/SYS) GPU/0-89000 (7/10.0/SYS) GPU/0-b3000 (7/10.0/SYS) GPU/0-ad000 (7/10.0/SYS) CPU/0-0 (3/12.5/PHB) CPU/0-1 (4/x08j03290:58212:60305 [1] NCCL INFO GPU/0-b3000 :GPU/0-13000 (2/240.0/NVL) GPU/0-19000 (2/240.0/NVL) GPU/0-4d000 (2/240.0/NVL) GPU/0-48000 (2/240.0/NVL) GPU/0-8e000 (2/240.0/NVL) GPU/0-89000 (2/240.0/NVL) GPU/0-b3000 (0/5000.0/LOC) GPU/0-ad000 (2/240.0/NVL) NVS/0-0 (1/240.0/NVL) CPU/0-0 (4/10.0/SYS) CPU/0-1 (3/24.0/PHB) NET/0-5 (6/10.0/SYS) NET/0-6 (6/12.5/PXN) NET/0-7 (6/12.5/PXN) NET/0-8 (6/12.5/PXN) NET/0-9 (4/12.5/PXB) 
x08j03290:58212:60305 [1] NCCL INFO GPU/0-ad000 :GPU/0-13000 (2/240.0/NVL) GPU/0-19000 (2/240.0/NVL) GPU/0-4d000 (2/240.0/NVL) GPU/0-48000 (2/240.0/NVL) GPU/0-8e000 (2/240.0/NVL) GPU/0-89000 (2/240.0/NVL) GPU/0-b3000 (2/240.0/NVL) GPU/0-ad000 (0/5000.0/LOC) NVS/0-0 (1/240.0/NVL) CPU/0-0 (4/10.0/SYS) CPU/0-1 (3/24.0/PHB) NET/0-5 (6/10.0/SYS) NET/0-6 (6/12.5/PXN) NET/0-7 (6/12.5/PXN) NET/0-8 (6/12.5/PXN) NET/0-9 (4/12.5/PXB) 
x08j03290:58212:60305 [1] NCCL INFO NET/0-5 :GPU/0-13000 (5/12.5/PHB) GPU/0-19000 (5/12.5/PHB) GPU/0-4d000 (5/12.5/PHB) GPU/0-48000 (5/12.5/PHB) GPU/0-8e000 (6/10.0/SYS) GPU/0-89000 (6/10.0/SYS) GPU/0-b3000 (6/10.0/SYS) GPU/0-ad000 (6/10.0/SYS) CPU/0-0 (2/12.5/PHB) CPU/0-1 (3/10.0/SYS) NET/0-5 (0/5000.0/LOC) NET/0-6 (5/12.5/PHB) NET/0-7 (5/12.5/PHB) NET/0-8 (6/10.0/SYS) NET/0-9 (6/10.0/SYS) 
x08j03290:58212:60305 [1] NCCL INFO NET/0-6 :GPU/0-13000 (4/12.5/PXB) GPU/0-19000 (4/12.5/PXB) GPU/0-4d000 (6/12.5/PHB) GPU/0-48000 (6/12.5/PHB) GPU/0-8e000 (7/10.0/SYS) GPU/0-89000 (7/10.0/SYS) GPU/0-b3000 (7/10.0/SYS) GPU/0-ad000 (7/10.0/SYS) CPU/0-0 (3/12.5/PHB) CPU/0-1 (4/10.0/SYS) NET/0-5 (5/12.5/PHB) NET/0-6 (0/5000.0/LOC) NET/0-7 (6/12.5/PHB) NET/0-8 (7/10.0/SYS) NET/0-9 (7/10.0/SYS) 
x08j03290:58212:60305 [1] NCCL INFO NET/0-7 :GPU/0-13000 (6/12.5/PHB) GPU/0-19000 (6/12.5/PHB) GPU/0-4d000 (4/12.5/PXB) GPU/0-48000 (4/12.5/PXB) GPU/0-8e000 (7/10.0/SYS) GPU/0-89000 (7/10.0/SYS) GPU/0-b3000 (7/10.0/SYS) GPU/0-ad000 (7/10.0/SYS) CPU/0-0 (3/12.5/PHB) CPU/0-1 (4/10.0/SYS) NET/0-5 (5/12.5/PHB) NET/0-6 (6/12.5/PHB) NET/0-7 (0/5000.0/LOC) NET/0-8 (7/10.0/SYS) NET/0-9 (7/10.0/SYS) 
x08j03290:58212:60305 [1] NCCL INFO NET/0-8 :GPU/0-13000 (7/10.0/SYS) GPU/0-19000 (7/10.0/SYS) GPU/0-4d000 (7/10.0/SYS) GPU/0-48000 (7/10.0/SYS) GPU/0-8e000 (4/12.5/PXB) GPU/0-89000 (4/12.5/PXB) GPU/0-b3000 (6/12.5/PHB) GPU/0-ad000 (6/12.5/PHB) CPU/0-0 (4/10.0/SYS) CPU/0-1 (3/12.5/PHB) NET/0-5 (6/10.0/SYS) NET/0-6 (7/10.0/SYS) NET/0-7 (7/10.0/SYS) NET/0-8 (0/5000.0/LOC) NET/0-9 (6/12.5/PHB) 
x08j03290:58212:60305 [1] NCCL INFO NET/0-9 :GPU/0-13000 (7/10.0/SYS) GPU/0-19000 (7/10.0/SYS) GPU/0-4d000 (7/10.0/SYS) GPU/0-48000 (7/10.0/SYS) GPU/0-8e000 (6/12.5/PHB) GPU/0-89000 (6/12.5/PHB) GPU/0-b3000 (4/12.5/PXB) GPU/0-ad000 (4/12.5/PXB) CPU/0-0 (4/10.0/SYS) CPU/0-1 (3/12.5/PHB) NET/0-5 (6/10.0/SYS) NET/0-6 (7/10.0/SYS) NET/0-7 (7/10.0/SYS) NET/0-8 (6/12.5/PHB) NET/0-9 (0/5000.0/LOC) 
x08j03290:58212:60305 [1] NCCL INFO NVLS multicast support is not available on dev 1
10.0/SYS) NET/0-5 (5/12.5/PHB) NET/0-6 (0/5000.0/LOC) NET/0-7 (6/12.5/PHB) NET/0-8 (7/10.0/SYS) NET/0-9 (7/10.0/SYS) 
x08j03290:58214:60216 [3] NCCL INFO NET/0-7 :GPU/0-13000 (6/12.5/PHB) GPU/0-19000 (6/12.5/PHB) GPU/0-4d000 (4/12.5/PXB) GPU/0-48000 (4/12.5/PXB) GPU/0-8e000 (7/10.0/SYS) GPU/0-89000 (7/10.0/SYS) GPU/0-b3000 (7/10.0/SYS) GPU/0-ad000 (7/10.0/SYS) CPU/0-0 (3/12.5/PHB) CPU/0-1 (4/10.0/SYS) NET/0-5 (5/12.5/PHB) NET/0-6 (6/12.5/PHB) NET/0-7 (0/5000.0/LOC) NET/0-8 (7/10.0/SYS) NET/0-9 (7/10.0/SYS) 
x08j03290:58214:60216 [3] NCCL INFO NET/0-8 :GPU/0-13000 (7/10.0/SYS) GPU/0-19000 (7/10.0/SYS) GPU/0-4d000 (7/10.0/SYS) GPU/0-48000 (7/10.0/SYS) GPU/0-8e000 (4/12.5/PXB) GPU/0-89000 (4/12.5/PXB) GPU/0-b3000 (6/12.5/PHB) GPU/0-ad000 (6/12.5/PHB) CPU/0-0 (4/10.0/SYS) CPU/0-1 (3/12.5/PHB) NET/0-5 (6/10.0/SYS) NET/0-6 (7/10.0/SYS) NET/0-7 (7/10.0/SYS) NET/0-8 (0/5000.0/LOC) NET/0-9 (6/12.5/PHB) 
x08j03290:58214:60216 [3] NCCL INFO NET/0-9 :GPU/0-13000 (7/10.0/SYS) GPU/0-19000 (7/10.0/SYS) GPU/0-4d000 (7/10.0/SYS) GPU/0-48000 (7/10.0/SYS) GPU/0-8e000 (6/12.5/PHB) GPU/0-89000 (6/12.5/PHB) GPU/0-b3000 (4/12.5/PXB) GPU/0-ad000 (4/12.5/PXB) CPU/0-0 (4/10.0/SYS) CPU/0-1 (3/12.5/PHB) NET/0-5 (6/10.0/SYS) NET/0-6 (7/10.0/SYS) NET/0-7 (7/10.0/SYS) NET/0-8 (6/12.5/PHB) NET/0-9 (0/5000.0/LOC) 
x08j03290:58214:60216 [3] NCCL INFO NVLS multicast support is not available on dev 3
x08j03290:58215:60303 [4] NCCL INFO GPU/0-13000 :GPU/0-13000 (0/5000.0/LOC) GPU/0-19000 (2/240.0/NVL) GPU/0-4d000 (2/240.0/NVL) GPU/0-48000 (2/240.0/NVL) GPU/0-8e000 (2/240.0/NVL) GPU/0-89000 (2/240.0/NVL) GPU/0-b3000 (2/240.0/NVL) GPU/0-ad000 (2/240.0/NVL) NVS/0-0 (1/240.0/NVL) CPU/0-0 (3/24.0/PHB) CPU/0-1 (4/10.0/SYS) NET/0-5 (5/12.5/PHB) NET/0-6 (4/12.5/PXB) NET/0-7 (6/12.5/PXN) NET/0-8 (6/12.5/PXN) NET/0-9 (6/12.5/PXN) 
x08j03290:58215:60303 [4] NCCL INFO GPU/0-19000 :GPU/0-13000 (2/240.0/NVL) GPU/0-19000 (0/5000.0/LOC) GPU/0-4d000 (2/240.0/NVL) GPU/0-48000 (2/240.0/NVL) GPU/0-8e000 (2/240.0/NVL) GPU/0-89000 (2/240.0/NVL) GPU/0-b3000 (2/240.0/NVL) GPU/0-ad000 (2/240.0/NVL) NVS/0-0 (1/240.0/NVL) CPU/0-0 (3/24.0/PHB) CPU/0-1 (4/10.0/SYS) NET/0-5 (5/12.5/PHB) NET/0-6 (4/12.5/PXB) NET/0-7 (6/12.5/PXN) NET/0-8 (6/12.5/PXN) NET/0-9 (6/12.5/PXN) 
x08j03290:58215:60303 [4] NCCL INFO GPU/0-4d000 :GPU/0-13000 (2/240.0/NVL) GPU/0-19000 (2/240.0/NVL) GPU/0-4d000 (0/5000.0/LOC) GPU/0-48000 (2/240.0/NVL) GPU/0-8e000 (2/240.0/NVL) GPU/0-89000 (2/240.0/NVL) GPU/0-b3000 (2/240.0/NVL) GPU/0-ad000 (2/240.0/NVL) NVS/0-0 (1/240.0/NVL) CPU/0-0 (3/24.0/PHB) CPU/0-1 (4/10.0/SYS) NET/0-5 (5/12.5/PHB) NET/0-6 (6/12.5/PXN) NET/0-7 (4/12.5/PXB) NET/0-8 (6/12.5/PXN) NET/0-9 (6/12.5/PXN) 
x08j03290:58215:60303 [4] NCCL INFO GPU/0-48000 :GPU/0-13000 (2/240.0/NVL) GPU/0-19000 (2/240.0/NVL) GPU/0-4d000 (2/240.0/NVL) GPU/0-48000 (0/5000.0/LOC) GPU/0-8e000 (2/240.0/NVL) GPU/0-89000 (2/240.0/NVL) GPU/0-b3000 (2/240.0/NVL) GPU/0-ad000 (2/240.0/NVL) NVS/0-0 (1/240.0/NVL) CPU/0-0 (3/24.0/PHB) CPU/0-1 (4/10.0/SYS) NET/0-5 (5/12.5/PHB) NET/0-6 (6/12.5/PXN) NET/0-7 (4/12.5/PXB) NET/0-8 (6/12.5/PXN) NET/0-9 (6/12.5/PXN) 
x08j03290:58215:60303 [4] NCCL INFO GPU/0-8e000 :GPU/0-13000 (2/240.0/NVL) GPU/0-19000 (2/240.0/NVL) GPU/0-4d000 (2/240.0/NVL) GPU/0-48000 (2/240.0/NVL) GPU/0-8e000 (0/5000.0/LOC) GPU/0-89000 (2/240.0/NVL) GPU/0-b3000 (2/240.0/NVL) GPU/0-ad000 (2/240.0/NVL) NVS/0-0 (1/240.0/NVL) CPU/0-0 (4/10.0/SYS) CPU/0-1 (3/24.0/PHB) NET/0-5 (6/10.0/SYS) NET/0-6 (6/12.5/PXN) NET/0-7 (6/12.5/PXN) NET/0-8 (4/12.5/PXB) NET/0-9 (6/12.5/PXN) 
x08j03290:58215:60303 [4] NCCL INFO GPU/0-89000 :GPU/0-13000 (2/240.0/NVL) GPU/0-19000 (2/240.0/NVL) GPU/0-4d000 (2/240.0/NVL) GPU/0-48000 (2/240.0/NVL) GPU/0-8e000 (2/240.0/NVL) GPU/0-89000 (0/5000.0/LOC) GPU/0-b3000 (2/240.0/NVL) GPU/0-ad000 (2/240.0/NVL) NVS/0-0 (1/240.0/NVL) CPU/0-0 (4/10.0/SYS) CPU/0-1 (3/24.0/PHB) NET/0-5 (6/10.0/SYS) NET/0-6 (6/12.5/PXN) NET/0-7 (6/12.5/PXN) NET/0-8 (4/12.5/PXB) NET/0-9 (6/12.5/PXN) 
x08j03290:58215:60303 [4] NCCL INFO GPU/0-b3000 :GPU/0-13000 (2/240.0/NVL) GPU/0-19000 (2/240.0/NVL) GPU/0-4d000 (2/240.0/NVL) GPU/0-48000 (2/240.0/NVL) GPU/0-8e000 (2/240.0/NVL) GPU/0-89000 (2/240.0/NVL) GPU/0-b3000 (0/5000.0/LOC) GPU/0-ad000 (2/240.0/NVL) NVS/0-0 (1/240.0/NVL) CPU/0-0 (4/10.0/SYS) CPU/0-1 (3/24.0/PHB) NET/0-5 (6/10.0/SYS) NET/0-6 (6/12.5/PXN) NET/0-7 (6/12.5/PXN) NET/0-8 (6/12.5/PXN) NET/0-9 (4/12.5/PXB) 
x08j03290:58215:60303 [4] NCCL INFO GPU/0-ad000 :GPU/0-13000 (2/240.0/NVL) GPU/0-19000 (2/240.0/NVL) GPU/0-4d000 (2/240.0/NVL) GPU/0-48000 (2/240.0/NVL) GPU/0-8e000 (2/240.0/NVL) GPU/0-89000 (2/240.0/NVL) GPU/0-b3000 (2/240.0/NVL) GPU/0-ad000 (0/5000.0/LOC) NVS/0-0 (1/240.0/NVL) CPU/0-0 (4/10.0/SYS) CPU/0-1 (3/24.0/PHB) NET/0-5 (6/10.0/SYS) NET/0-6 (6/12.5/PXN) NET/0-7 (6/12.5/PXN) NET/0-8 (6/12.5/PXN) NET/0-9 (4/12.5/PXB) 
x08j03290:58215:60303 [4] NCCL INFO NET/0-5 :GPU/0-13000 (5/12.5/PHB) GPU/0-19000 (5/12.5/PHB) GPU/0-4d000 (5/12.5/PHB) GPU/0-48000 (5/12.5/PHB) GPU/0-8e000 (6/10.0/SYS) GPU/0-89000 (6/10.0/SYS) GPU/0-b3000 (6/10.0/SYS) GPU/0-ad000 (6/10.0/SYS) CPU/0-0 (2/12.5/PHB) CPU/0-1 (3/10.0/SYS) NET/0-5 (0/5000.0/LOC) NET/0-6 (5/12.5/PHB) NET/0-7 (5/12.5/PHB) NET/0-8 (6/10.0/SYS) NET/0-9 (6/10.0/SYS) 
x08j03290:58215:60303 [4] NCCL INFO NET/0-6 :GPU/0-13000 (4/12.5/PXB) GPU/0-19000 (4/12.5/PXB) GPU/0-4d000 (6/12.5/PHB) GPU/0-48000 (6/12.5/PHB) GPU/0-8e000 (7/10.0/SYS) GPU/0-89000 (7/10.0/SYS) GPU/0-b3000 (7/10.0/SYS) GPU/0-ad000 (7/10.0/SYS) CPU/0-0 (3/12.5/PHB) CPU/0-1 (4/x08j03290:58213:60304 [2] NCCL INFO GPU Direct RDMA Enabled for GPU 8 / HCA 6 (distance 4 <= 4), read 0
x08j03290:58213:60304 [2] NCCL INFO GPU Direct RDMA Enabled for GPU 9 / HCA 6 (distance 4 <= 4), read 0
x08j03290:58213:60304 [2] NCCL INFO GPU Direct RDMA Enabled for GPU 11 / HCA 6 (distance 4 <= 4), read 0
x08j03290:58213:60304 [2] NCCL INFO GPU Direct RDMA Enabled for GPU 10 / HCA 6 (distance 4 <= 4), read 0
x08j03290:58213:60304 [2] NCCL INFO GPU Direct RDMA Enabled for GPU 13 / HCA 6 (distance 4 <= 4), read 0
x08j03290:58213:60304 [2] NCCL INFO GPU Direct RDMA Enabled for GPU 12 / HCA 6 (distance 4 <= 4), read 0
x08j03290:58213:60304 [2] NCCL INFO GPU Direct RDMA Enabled for GPU 15 / HCA 6 (distance 4 <= 4), read 0
x08j03290:58213:60304 [2] NCCL INFO GPU Direct RDMA Enabled for GPU 14 / HCA 6 (distance 4 <= 4), read 0
x08j03290:58213:60304 [2] NCCL INFO GPU Direct RDMA Enabled for GPU 8 / HCA 7 (distance 4 <= 4), read 0
x08j03290:58213:60304 [2] NCCL INFO GPU Direct RDMA Enabled for GPU 9 / HCA 7 (distance 4 <= 4), read 0
x08j03290:58213:60304 [2] NCCL INFO GPU Direct RDMA Enabled for GPU 11 / HCA 7 (distance 4 <= 4), read 0
x08j03290:58213:60304 [2] NCCL INFO GPU Direct RDMA Enabled for GPU 10 / HCA 7 (distance 4 <= 4), read 0
x08j03290:58213:60304 [2] NCCL INFO GPU Direct RDMA Enabled for GPU 13 / HCA 7 (distance 4 <= 4), read 0
x08j03290:58213:60304 [2] NCCL INFO GPU Direct RDMA Enabled for GPU 12 / HCA 7 (distance 4 <= 4), read 0
x08j03290:58217:60215 [5] NCCL INFO               + PCI[24.0] - PCI/0-8c000 (1000c01010de13b8)
x08j03290:58217:60215 [5] NCCL INFO                             + PCI[24.0] - GPU/0-8e000 (13)
x08j03290:58217:60215 [5] NCCL INFO                                           + NVL[240.0] - NVS/0-0
x08j03290:58217:60215 [5] NCCL INFO               + PCI[24.0] - PCI/0-87000 (1000c01010de13b8)
x08j03290:58217:60215 [5] NCCL INFO                             + PCI[24.0] - GPU/0-89000 (12)
x08j03290:58217:60215 [5] NCCL INFO                                           + NVL[240.0] - NVS/0-0
x08j03290:58217:60215 [5] NCCL INFO + PCI[24.0] - PCI/0-a6000 (1000c0101000ffff)
x08j03290:58217:60215 [5] NCCL INFO               + PCI[24.0] - NIC/0-b4000
x08j03290:58217:60215 [5] NCCL INFO                             + NET[12.5] - NET/0-9 (0/5026b00003fd7010/1/12.500000)
x08j03290:58217:60215 [5] NCCL INFO               + PCI[24.0] - PCI/0-b1000 (1000c01010de13b8)
x08j03290:58217:60215 [5] NCCL INFO                             + PCI[24.0] - GPU/0-b3000 (15)
x08j03290:58217:60215 [5] NCCL INFO                                           + NVL[240.0] - NVS/0-0
x08j03290:58217:60215 [5] NCCL INFO               + PCI[24.0] - PCI/0-ab000 (1000c01010de13b8)
x08j03290:58217:60215 [5] NCCL INFO                             + PCI[24.0] - GPU/0-ad000 (14)
x08j03290:58217:60215 [5] NCCL INFO                                           + NVL[240.0] - NVS/0-0
x08j03290:58217:60215 [5] NCCL INFO + SYS[10.0] - CPU/0-0
x08j03290:58217:60215 [5] NCCL INFO ==========================================
x08j03290:58217:60215 [5] NCCL INFO GPU/0-13000 :GPU/0-13000 (0/5000.0/LOC) GPU/0-19000 (2/240.0/NVL) GPU/0-4d000 (2/240.0/NVL) GPU/0-48000 (2/240.0/NVL) GPU/0-8e000 (2/240.0/NVL) GPU/0-89000 (2/240.0/NVL) GPU/0-b3000 (2/240.0/NVL) GPU/0-ad000 (2/240.0/NVL) NVS/0-0 (1/240.0/NVL) CPU/0-0 (3/24.0/PHB) CPU/0-1 (4/10.0/SYS) NET/0-5 (5/12.5/PHB) NET/0-6 (4/12.5/PXB) NET/0-7 (6/12.5/PXN) NET/0-8 (6/12.5/PXN) NET/0-9 (6/12.5/PXN) 
x08j03290:58217:60215 [5] NCCL INFO GPU/0-19000 :GPU/0-13000 (2/240.0/NVL) GPU/0-19000 (0/5000.0/LOC) GPU/0-4d000 (2/240.0/NVL) GPU/0-48000 (2/240.0/NVL) GPU/0-8e000 (2/240.0/NVL) GPU/0-89000 (2/240.0/NVL) GPU/0-b3000 (2/240.0/NVL) GPU/0-ad000 (2/240.0/NVL) NVS/0-0 (1/240.0/NVL) CPU/0-0 (3/24.0/PHB) CPU/0-1 (4/10.0/SYS) NET/0-5 (5/12.5/PHB) NET/0-6 (4/12.5/PXB) NET/0-7 (6/12.5/PXN) NET/0-8 (6/12.5/PXN) NET/0-9 (6/12.5/PXN) 
x08j03290:58217:60215 [5] NCCL INFO GPU/0-4d000 :GPU/0-13000 (2/240.0/NVL) GPU/0-19000 (2/240.0/NVL) GPU/0-4d000 (0/5000.0/LOC) GPU/0-48000 (2/240.0/NVL) GPU/0-8e000 (2/240.0/NVL) GPU/0-89000 (2/240.0/NVL) GPU/0-b3000 (2/240.0/NVL) GPU/0-ad000 (2/240.0/NVL) NVS/0-0 (1/240.0/NVL) CPU/0-0 (3/24.0/PHB) CPU/0-1 (4/10.0/SYS) NET/0-5 (5/12.5/PHB) NET/0-6 (6/12.5/PXN) NET/0-7 (4/12.5/PXB) NET/0-8 (6/12.5/PXN) NET/0-9 (6/12.5/PXN) 
x08j03290:58217:60215 [5] NCCL INFO GPU/0-48000 :GPU/0-13000 (2/240.0/NVL) GPU/0-19000 (2/240.0/NVL) GPU/0-4d000 (2/240.0/NVL) GPU/0-48000 (0/5000.0/LOC) GPU/0-8e000 (2/240.0/NVL) GPU/0-89000 (2/240.0/NVL) GPU/0-b3000 (2/240.0/NVL) GPU/0-ad000 (2/240.0/NVL) NVS/0-0 (1/240.0/NVL) CPU/0-0 (3/24.0/PHB) CPU/0-1 (4/10.0/SYS) NET/0-5 (5/12.5/PHB) NET/0-6 (6/12.5/PXN) NET/0-7 (4/12.5/PXB) NET/0-8 (6/12.5/PXN) NET/0-9 (6/12.5/PXN) 
x08j03290:58217:60215 [5] NCCL INFO GPU/0-8e000 :GPU/0-13000 (2/240.0/NVL) GPU/0-19000 (2/240.0/NVL) GPU/0-4d000 (2/240.0/NVL) GPU/0-48000 (2/240.0/NVL) GPU/0-8e000 (0/5000.0/LOC) GPU/0-89000 (2/240.0/NVL) GPU/0-b3000 (2/240.0/NVL) GPU/0-ad000 (2/240.0/NVL) NVS/0-0 (1/240.0/NVL) CPU/0-0 (4/10.0/SYS) CPU/0-1 (3/24.0/PHB) NET/0-5 (6/10.0/SYS) NET/0-6 (6/12.5/PXN) NET/0-7 (6/12.5/PXN) NET/0-8 (4/12.5/PXB) NET/0-9 (6/12.5/PXN) 
x08j03290:58217:60215 [5] NCCL INFO GPU/0-89000 :GPU/0-13000 (2/240.0/NVL) GPU/0-19000 (2/240.0/NVL) GPU/0-4d000 (2/240.0/NVL) GPU/0-48000 (2/240.0/NVL) GPU/0-8e000 (2/240.0/NVL) GPU/0-89000 (0/5000.0/LOC) GPU/0-b3000 (2/240.0/NVL) GPU/0-ad000 (2/240.0/NVL) NVS/0-0 (1/240.0/NVL) CPU/0-0 (4/10.0/SYS) CPU/0-1 (3/24.0/PHB) NET/0-5 (6/10.0/SYS) NET/0-6 (6/12.5/PXN) NET/0-7 (6/12.x08j03290:58223:60225 [7] NCCL INFO               + PCI[24.0] - PCI/0-17000 (1000c01010de13b8)
x08j03290:58223:60225 [7] NCCL INFO                             + PCI[24.0] - GPU/0-19000 (9)
x08j03290:58223:60225 [7] NCCL INFO                                           + NVL[240.0] - NVS/0-0
x08j03290:58223:60225 [7] NCCL INFO + PCI[24.0] - PCI/0-41000 (1000c0101000ffff)
x08j03290:58223:60225 [7] NCCL INFO               + PCI[24.0] - NIC/0-4f000
x08j03290:58223:60225 [7] NCCL INFO                             + NET[12.5] - NET/0-7 (0/3c5fb00003fd7010/1/12.500000)
x08j03290:58223:60225 [7] NCCL INFO               + PCI[24.0] - PCI/0-4b000 (1000c01010de13b8)
x08j03290:58223:60225 [7] NCCL INFO                             + PCI[24.0] - GPU/0-4d000 (11)
x08j03290:58223:60225 [7] NCCL INFO                                           + NVL[240.0] - NVS/0-0
x08j03290:58223:60225 [7] NCCL INFO               + PCI[24.0] - PCI/0-46000 (1000c01010de13b8)
x08j03290:58223:60225 [7] NCCL INFO                             + PCI[24.0] - GPU/0-48000 (10)
x08j03290:58223:60225 [7] NCCL INFO                                           + NVL[240.0] - NVS/0-0
x08j03290:58223:60225 [7] NCCL INFO + SYS[10.0] - CPU/0-1
x08j03290:58223:60225 [7] NCCL INFO CPU/0-1 (1/1/2)
x08j03290:58223:60225 [7] NCCL INFO + PCI[24.0] - PCI/0-82000 (1000c0101000ffff)
x08j03290:58223:60225 [7] NCCL INFO               + PCI[24.0] - NIC/0-90000
x08j03290:58223:60225 [7] NCCL INFO                             + NET[12.5] - NET/0-8 (0/f85eb00003fd7010/1/12.500000)
x08j03290:58223:60225 [7] NCCL INFO               + PCI[24.0] - PCI/0-8c000 (1000c01010de13b8)
x08j03290:58223:60225 [7] NCCL INFO                             + PCI[24.0] - GPU/0-8e000 (13)
x08j03290:58223:60225 [7] NCCL INFO                                           + NVL[240.0] - NVS/0-0
x08j03290:58223:60225 [7] NCCL INFO               + PCI[24.0] - PCI/0-87000 (1000c01010de13b8)
x08j03290:58223:60225 [7] NCCL INFO                             + PCI[24.0] - GPU/0-89000 (12)
x08j03290:58223:60225 [7] NCCL INFO                                           + NVL[240.0] - NVS/0-0
x08j03290:58223:60225 [7] NCCL INFO + PCI[24.0] - PCI/0-a6000 (1000c0101000ffff)
x08j03290:58223:60225 [7] NCCL INFO               + PCI[24.0] - NIC/0-b4000
x08j03290:58223:60225 [7] NCCL INFO                             + NET[12.5] - NET/0-9 (0/5026b00003fd7010/1/12.500000)
x08j03290:58223:60225 [7] NCCL INFO               + PCI[24.0] - PCI/0-b1000 (1000c01010de13b8)
x08j03290:58223:60225 [7] NCCL INFO                             + PCI[24.0] - GPU/0-b3000 (15)
x08j03290:58223:60225 [7] NCCL INFO                                           + NVL[240.0] - NVS/0-0
x08j03290:58223:60225 [7] NCCL INFO               + PCI[24.0] - PCI/0-ab000 (1000c01010de13b8)
x08j03290:58223:60225 [7] NCCL INFO                             + PCI[24.0] - GPU/0-ad000 (14)
x08j03290:58223:60225 [7] NCCL INFO                                           + NVL[240.0] - NVS/0-0
x08j03290:58223:60225 [7] NCCL INFO + SYS[10.0] - CPU/0-0
x08j03290:58223:60225 [7] NCCL INFO ==========================================
x08j03290:58223:60225 [7] NCCL INFO GPU/0-13000 :GPU/0-13000 (0/5000.0/LOC) GPU/0-19000 (2/240.0/NVL) GPU/0-4d000 (2/240.0/NVL) GPU/0-48000 (2/240.0/NVL) GPU/0-8e000 (2/240.0/NVL) GPU/0-89000 (2/240.0/NVL) GPU/0-b3000 (2/240.0/NVL) GPU/0-ad000 (2/240.0/NVL) NVS/0-0 (1/240.0/NVL) CPU/0-0 (3/24.0/PHB) CPU/0-1 (4/10.0/SYS) NET/0-5 (5/12.5/PHB) NET/0-6 (4/12.5/PXB) NET/0-7 (6/12.5/PXN) NET/0-8 (6/12.5/PXN) NET/0-9 (6/12.5/PXN) 
x08j03290:58223:60225 [7] NCCL INFO GPU/0-19000 :GPU/0-13000 (2/240.0/NVL) GPU/0-19000 (0/5000.0/LOC) GPU/0-4d000 (2/240.0/NVL) GPU/0-48000 (2/240.0/NVL) GPU/0-8e000 (2/240.0/NVL) GPU/0-89000 (2/240.0/NVL) GPU/0-b3000 (2/240.0/NVL) GPU/0-ad000 (2/240.0/NVL) NVS/0-0 (1/240.0/NVL) CPU/0-0 (3/24.0/PHB) CPU/0-1 (4/10.0/SYS) NET/0-5 (5/12.5/PHB) NET/0-6 (4/12.5/PXB) NET/0-7 (6/12.5/PXN) NET/0-8 (6/12.5/PXN) NET/0-9 (6/12.5/PXN) 
x08j03290:58223:60225 [7] NCCL INFO GPU/0-4d000 :GPU/0-13000 (2/240.0/NVL) GPU/0-19000 (2/240.0/NVL) GPU/0-4d000 (0/5000.0/LOC) Gx08j03290:58219:60306 [6] NCCL INFO GPU Direct RDMA Enabled for GPU 8 / HCA 6 (distance 4 <= 4), read 0
x08j03290:58219:60306 [6] NCCL INFO GPU Direct RDMA Enabled for GPU 9 / HCA 6 (distance 4 <= 4), read 0
x08j03290:58219:60306 [6] NCCL INFO GPU Direct RDMA Enabled for GPU 11 / HCA 6 (distance 4 <= 4), read 0
x08j03290:58219:60306 [6] NCCL INFO GPU Direct RDMA Enabled for GPU 10 / HCA 6 (distance 4 <= 4), read 0
x08j03290:58219:60306 [6] NCCL INFO GPU Direct RDMA Enabled for GPU 13 / HCA 6 (distance 4 <= 4), read 0
x08j03290:58219:60306 [6] NCCL INFO GPU Direct RDMA Enabled for GPU 12 / HCA 6 (distance 4 <= 4), read 0
x08j03290:58219:60306 [6] NCCL INFO GPU Direct RDMA Enabled for GPU 15 / HCA 6 (distance 4 <= 4), read 0
x08j03290:58219:60306 [6] NCCL INFO GPU Direct RDMA Enabled for GPU 14 / HCA 6 (distance 4 <= 4), read 0
x08j03290:58219:60306 [6] NCCL INFO GPU Direct RDMA Enabled for GPU 8 / HCA 7 (distance 4 <= 4), read 0
x08j03290:58219:60306 [6] NCCL INFO GPU Direct RDMA Enabled for GPU 9 / HCA 7 (distance 4 <= 4), read 0
x08j03290:58219:60306 [6] NCCL INFO GPU Direct RDMA Enabled for GPU 11 / HCA 7 (distance 4 <= 4), read 0
x08j03290:58219:60306 [6] NCCL INFO GPU Direct RDMA Enabled for GPU 10 / HCA 7 (distance 4 <= 4), read 0
x08j03290:58219:60306 [6] NCCL INFO GPU Direct RDMA Enabled for GPU 13 / HCA 7 (distance 4 <= 4), read 0
x08j03290:58219:60306 [6] NCCL INFO GPU Direct RDMA Enabled for GPU 12 / HCA 7 (distance 4 <= 4), read 0
x08j03290:58219:60306 [6] NCCL INFO GPU Direct RDMA Enabled for GPU 15 / HCA 7 (distance 4 <= 4), read 0
x08j03290:58219:60306 [6] NCCL INFO GPU Direct RDMA Enabled for GPU 14 / HCA 7 (distance 4 <= 4), read 0
x08j03290:58219:60306 [6] NCCL INFO GPU Direct RDMA Enabled for GPU 8 / HCA 8 (distance 4 <= 4), read 0
x08j03290:58219:60306 [6] NCCL INFO GPU Direct RDMA Enabled for GPU 9 / HCA 8 (distance 4 <= 4), read 0
x08j03290:58219:60306 [6] NCCL INFO GPU Direct RDMA Enabled for GPU 11 / HCA 8 (distance 4 <= 4), read 0
x08j03290:58219:60306 [6] NCCL INFO GPU Direct RDMA Enabled for GPU 10 / HCA 8 (distance 4 <= 4), read 0
x08j03290:58219:60306 [6] NCCL INFO GPU Direct RDMA Enabled for GPU 13 / HCA 8 (distance 4 <= 4), read 0
x08j03290:58219:60306 [6] NCCL INFO GPU Direct RDMA Enabled for GPU 12 / HCA 8 (distance 4 <= 4), read 0
x08j03290:58219:60306 [6] NCCL INFO GPU Direct RDMA Enabled for GPU 15 / HCA 8 (distance 4 <= 4), read 0
x08j03290:58219:60306 [6] NCCL INFO GPU Direct RDMA Enabled for GPU 14 / HCA 8 (distance 4 <= 4), read 0
x08j03290:58219:60306 [6] NCCL INFO GPU Direct RDMA Enabled for GPU 8 / HCA 9 (distance 4 <= 4), read 0
x08j03290:58219:60306 [6] NCCL INFO GPU Direct RDMA Enabled for GPU 9 / HCA 9 (distance 4 <= 4), read 0
x08j03290:58219:60306 [6] NCCL INFO GPU Direct RDMA Enabled for GPU 11 / HCA 9 (distance 4 <= 4), read 0
x08j03290:58219:60306 [6] NCCL INFO GPU Direct RDMA Enabled for GPU 10 / HCA 9 (distance 4 <= 4), read 0
x08j03290:58219:60306 [6] NCCL INFO GPU Direct RDMA Enabled for GPU 13 / HCA 9 (distance 4 <= 4), read 0
x08j03290:58219:60306 [6] NCCL INFO GPU Direct RDMA Enabled for GPU 12 / HCA 9 (distance 4 <= 4), read 0
x08j03290:58219:60306 [6] NCCL INFO GPU Direct RDMA Enabled for GPU 15 / HCA 9 (distance 4 <= 4), read 0
x08j03290:58219:60306 [6] NCCL INFO GPU Direct RDMA Enabled for GPU 14 / HCA 9 (distance 4 <= 4), read 0
x08j03290:58219:60306 [6] NCCL INFO === System : maxBw 12.5 totalBw 240.0 ===
x08j03290:58219:60306 [6] NCCL INFO CPU/0-0 (1/1/2)
x08j03290:58219:60306 [6] NCCL INFO + PCI[24.0] - NIC/0-6000
x08j03290:58219:60306 [6] NCCL INFO               + NET[12.5] - NET/0-5 (0/245bb00003fd7010/1/12.500000)
x08j03290:58219:60306 [6] NCCL INFO + PCI[24.0] - PCI/0-c000 (1000c0101000ffff)
x08j03290:58219:60306 [6] NCCL INFO               + PCI[24.0] - PCI/0-11000 (1000c01010de13b8)
x08j03290:58219:60306 [6] NCCL INFO                             + PCI[24.0] - GPU/0-13000 (8)
x08j03290:58219:60306 [6] NCCL INFO                                           + NVL[240.0] - NVS/0-0
x08j03290:58219:60306 [6] NCCL INFO               + PCI[24.0] - NIC/0-1a000
x0x08j03290:58209:60217 [0] NCCL INFO GPU Direct RDMA Enabled for GPU 10 / HCA 8 (distance 4 <= 4), read 0
x08j03290:58209:60217 [0] NCCL INFO GPU Direct RDMA Enabled for GPU 13 / HCA 8 (distance 4 <= 4), read 0
x08j03290:58209:60217 [0] NCCL INFO GPU Direct RDMA Enabled for GPU 12 / HCA 8 (distance 4 <= 4), read 0
x08j03290:58209:60217 [0] NCCL INFO GPU Direct RDMA Enabled for GPU 15 / HCA 8 (distance 4 <= 4), read 0
x08j03290:58209:60217 [0] NCCL INFO GPU Direct RDMA Enabled for GPU 14 / HCA 8 (distance 4 <= 4), read 0
x08j03290:58209:60217 [0] NCCL INFO GPU Direct RDMA Enabled for GPU 8 / HCA 9 (distance 4 <= 4), read 0
x08j03290:58209:60217 [0] NCCL INFO GPU Direct RDMA Enabled for GPU 9 / HCA 9 (distance 4 <= 4), read 0
x08j03290:58209:60217 [0] NCCL INFO GPU Direct RDMA Enabled for GPU 11 / HCA 9 (distance 4 <= 4), read 0
x08j03290:58209:60217 [0] NCCL INFO GPU Direct RDMA Enabled for GPU 10 / HCA 9 (distance 4 <= 4), read 0
x08j03290:58209:60217 [0] NCCL INFO GPU Direct RDMA Enabled for GPU 13 / HCA 9 (distance 4 <= 4), read 0
x08j03290:58209:60217 [0] NCCL INFO GPU Direct RDMA Enabled for GPU 12 / HCA 9 (distance 4 <= 4), read 0
x08j03290:58209:60217 [0] NCCL INFO GPU Direct RDMA Enabled for GPU 15 / HCA 9 (distance 4 <= 4), read 0
x08j03290:58209:60217 [0] NCCL INFO GPU Direct RDMA Enabled for GPU 14 / HCA 9 (distance 4 <= 4), read 0
x08j03290:58209:60217 [0] NCCL INFO === System : maxBw 12.5 totalBw 240.0 ===
x08j03290:58209:60217 [0] NCCL INFO CPU/0-0 (1/1/2)
x08j03290:58209:60217 [0] NCCL INFO + PCI[24.0] - NIC/0-6000
x08j03290:58209:60217 [0] NCCL INFO               + NET[12.5] - NET/0-5 (0/245bb00003fd7010/1/12.500000)
x08j03290:58209:60217 [0] NCCL INFO + PCI[24.0] - PCI/0-c000 (1000c0101000ffff)
x08j03290:58209:60217 [0] NCCL INFO               + PCI[24.0] - PCI/0-11000 (1000c01010de13b8)
x08j03290:58209:60217 [0] NCCL INFO                             + PCI[24.0] - GPU/0-13000 (8)
x08j03290:58209:60217 [0] NCCL INFO                                           + NVL[240.0] - NVS/0-0
x08j03290:58209:60217 [0] NCCL INFO               + PCI[24.0] - NIC/0-1a000
x08j03290:58209:60217 [0] NCCL INFO                             + NET[12.5] - NET/0-6 (0/d05eb00003fd7010/1/12.500000)
x08j03290:58209:60217 [0] NCCL INFO               + PCI[24.0] - PCI/0-17000 (1000c01010de13b8)
x08j03290:58209:60217 [0] NCCL INFO                             + PCI[24.0] - GPU/0-19000 (9)
x08j03290:58209:60217 [0] NCCL INFO                                           + NVL[240.0] - NVS/0-0
x08j03290:58209:60217 [0] NCCL INFO + PCI[24.0] - PCI/0-41000 (1000c0101000ffff)
x08j03290:58209:60217 [0] NCCL INFO               + PCI[24.0] - NIC/0-4f000
x08j03290:58209:60217 [0] NCCL INFO                             + NET[12.5] - NET/0-7 (0/3c5fb00003fd7010/1/12.500000)
x08j03290:58209:60217 [0] NCCL INFO               + PCI[24.0] - PCI/0-4b000 (1000c01010de13b8)
x08j03290:58209:60217 [0] NCCL INFO                             + PCI[24.0] - GPU/0-4d000 (11)
x08j03290:58209:60217 [0] NCCL INFO                                           + NVL[240.0] - NVS/0-0
x08j03290:58209:60217 [0] NCCL INFO               + PCI[24.0] - PCI/0-46000 (1000c01010de13b8)
x08j03290:58209:60217 [0] NCCL INFO                             + PCI[24.0] - GPU/0-48000 (10)
x08j03290:58209:60217 [0] NCCL INFO                                           + NVL[240.0] - NVS/0-0
x08j03290:58209:60217 [0] NCCL INFO + SYS[10.0] - CPU/0-1
10.0/SYS) NET/0-5 (5/12.5/PHB) NET/0-6 (0/5000.0/LOC) NET/0-7 (6/12.5/PHB) NET/0-8 (7/10.0/SYS) NET/0-9 (7/10.0/SYS) 
x08j03290:58215:60303 [4] NCCL INFO NET/0-7 :GPU/0-13000 (6/12.5/PHB) GPU/0-19000 (6/12.5/PHB) GPU/0-4d000 (4/12.5/PXB) GPU/0-48000 (4/12.5/PXB) GPU/0-8e000 (7/10.0/SYS) GPU/0-89000 (7/10.0/SYS) GPU/0-b3000 (7/10.0/SYS) GPU/0-ad000 (7/10.0/SYS) CPU/0-0 (3/12.5/PHB) CPU/0-1 (4/10.0/SYS) NET/0-5 (5/12.5/PHB) NET/0-6 (6/12.5/PHB) NET/0-7 (0/5000.0/LOC) NET/0-8 (7/10.0/SYS) NET/0-9 (7/10.0/SYS) 
x08j03290:58215:60303 [4] NCCL INFO NET/0-8 :GPU/0-13000 (7/10.0/SYS) GPU/0-19000 (7/10.0/SYS) GPU/0-4d000 (7/10.0/SYS) GPU/0-48000 (7/10.0/SYS) GPU/0-8e000 (4/12.5/PXB) GPU/0-89000 (4/12.5/PXB) GPU/0-b3000 (6/12.5/PHB) GPU/0-ad000 (6/12.5/PHB) CPU/0-0 (4/10.0/SYS) CPU/0-1 (3/12.5/PHB) NET/0-5 (6/10.0/SYS) NET/0-6 (7/10.0/SYS) NET/0-7 (7/10.0/SYS) NET/0-8 (0/5000.0/LOC) NET/0-9 (6/12.5/PHB) 
x08j03290:58215:60303 [4] NCCL INFO NET/0-9 :GPU/0-13000 (7/10.0/SYS) GPU/0-19000 (7/10.0/SYS) GPU/0-4d000 (7/10.0/SYS) GPU/0-48000 (7/10.0/SYS) GPU/0-8e000 (6/12.5/PHB) GPU/0-89000 (6/12.5/PHB) GPU/0-b3000 (4/12.5/PXB) GPU/0-ad000 (4/12.5/PXB) CPU/0-0 (4/10.0/SYS) CPU/0-1 (3/12.5/PHB) NET/0-5 (6/10.0/SYS) NET/0-6 (7/10.0/SYS) NET/0-7 (7/10.0/SYS) NET/0-8 (6/12.5/PHB) NET/0-9 (0/5000.0/LOC) 
x08j03290:58215:60303 [4] NCCL INFO NVLS multicast support is not available on dev 4
x08j03290:58213:60304 [2] NCCL INFO GPU Direct RDMA Enabled for GPU 15 / HCA 7 (distance 4 <= 4), read 0
x08j03290:58213:60304 [2] NCCL INFO GPU Direct RDMA Enabled for GPU 14 / HCA 7 (distance 4 <= 4), read 0
x08j03290:58213:60304 [2] NCCL INFO GPU Direct RDMA Enabled for GPU 8 / HCA 8 (distance 4 <= 4), read 0
x08j03290:58213:60304 [2] NCCL INFO GPU Direct RDMA Enabled for GPU 9 / HCA 8 (distance 4 <= 4), read 0
x08j03290:58213:60304 [2] NCCL INFO GPU Direct RDMA Enabled for GPU 11 / HCA 8 (distance 4 <= 4), read 0
x08j03290:58213:60304 [2] NCCL INFO GPU Direct RDMA Enabled for GPU 10 / HCA 8 (distance 4 <= 4), read 0
x08j03290:58213:60304 [2] NCCL INFO GPU Direct RDMA Enabled for GPU 13 / HCA 8 (distance 4 <= 4), read 0
x08j03290:58213:60304 [2] NCCL INFO GPU Direct RDMA Enabled for GPU 12 / HCA 8 (distance 4 <= 4), read 0
x08j03290:58213:60304 [2] NCCL INFO GPU Direct RDMA Enabled for GPU 15 / HCA 8 (distance 4 <= 4), read 0
x08j03290:58213:60304 [2] NCCL INFO GPU Direct RDMA Enabled for GPU 14 / HCA 8 (distance 4 <= 4), read 0
x08j03290:58213:60304 [2] NCCL INFO GPU Direct RDMA Enabled for GPU 8 / HCA 9 (distance 4 <= 4), read 0
x08j03290:58213:60304 [2] NCCL INFO GPU Direct RDMA Enabled for GPU 9 / HCA 9 (distance 4 <= 4), read 0
x08j03290:58213:60304 [2] NCCL INFO GPU Direct RDMA Enabled for GPU 11 / HCA 9 (distance 4 <= 4), read 0
x08j03290:58213:60304 [2] NCCL INFO GPU Direct RDMA Enabled for GPU 10 / HCA 9 (distance 4 <= 4), read 0
x08j03290:58213:60304 [2] NCCL INFO GPU Direct RDMA Enabled for GPU 13 / HCA 9 (distance 4 <= 4), read 0
x08j03290:58213:60304 [2] NCCL INFO GPU Direct RDMA Enabled for GPU 12 / HCA 9 (distance 4 <= 4), read 0
x08j03290:58213:60304 [2] NCCL INFO GPU Direct RDMA Enabled for GPU 15 / HCA 9 (distance 4 <= 4), read 0
x08j03290:58213:60304 [2] NCCL INFO GPU Direct RDMA Enabled for GPU 14 / HCA 9 (distance 4 <= 4), read 0
x08j03290:58213:60304 [2] NCCL INFO === System : maxBw 12.5 totalBw 240.0 ===
x08j03290:58213:60304 [2] NCCL INFO CPU/0-0 (1/1/2)
x08j03290:58213:60304 [2] NCCL INFO + PCI[24.0] - NIC/0-6000
x08j03290:58213:60304 [2] NCCL INFO               + NET[12.5] - NET/0-5 (0/245bb00003fd7010/1/12.500000)
x08j03290:58213:60304 [2] NCCL INFO + PCI[24.0] - PCI/0-c000 (1000c0101000ffff)
x08j03290:58213:60304 [2] NCCL INFO               + PCI[24.0] - PCI/0-11000 (1000c01010de13b8)
x08j03290:58213:60304 [2] NCCL INFO                             + PCI[24.0] - GPU/0-13000 (8)
x08j03290:58213:60304 [2] NCCL INFO                                           + NVL[240.0] - NVS/0-0
x08j03290:58213:60304 [2] NCCL INFO               + PCI[24.0] - NIC/0-1a000
x08j03290:58213:60304 [2] NCCL INFO                             + NET[12.5] - NET/0-6 (0/d05eb00003fd7010/1/12.500000)
5/PXN) NET/0-8 (4/12.5/PXB) NET/0-9 (6/12.5/PXN) 
x08j03290:58217:60215 [5] NCCL INFO GPU/0-b3000 :GPU/0-13000 (2/240.0/NVL) GPU/0-19000 (2/240.0/NVL) GPU/0-4d000 (2/240.0/NVL) GPU/0-48000 (2/240.0/NVL) GPU/0-8e000 (2/240.0/NVL) GPU/0-89000 (2/240.0/NVL) GPU/0-b3000 (0/5000.0/LOC) GPU/0-ad000 (2/240.0/NVL) NVS/0-0 (1/240.0/NVL) CPU/0-0 (4/10.0/SYS) CPU/0-1 (3/24.0/PHB) NET/0-5 (6/10.0/SYS) NET/0-6 (6/12.5/PXN) NET/0-7 (6/12.5/PXN) NET/0-8 (6/12.5/PXN) NET/0-9 (4/12.5/PXB) 
x08j03290:58217:60215 [5] NCCL INFO GPU/0-ad000 :GPU/0-13000 (2/240.0/NVL) GPU/0-19000 (2/240.0/NVL) GPU/0-4d000 (2/240.0/NVL) GPU/0-48000 (2/240.0/NVL) GPU/0-8e000 (2/240.0/NVL) GPU/0-89000 (2/240.0/NVL) GPU/0-b3000 (2/240.0/NVL) GPU/0-ad000 (0/5000.0/LOC) NVS/0-0 (1/240.0/NVL) CPU/0-0 (4/10.0/SYS) CPU/0-1 (3/24.0/PHB) NET/0-5 (6/10.0/SYS) NET/0-6 (6/12.5/PXN) NET/0-7 (6/12.5/PXN) NET/0-8 (6/12.5/PXN) NET/0-9 (4/12.5/PXB) 
x08j03290:58217:60215 [5] NCCL INFO NET/0-5 :GPU/0-13000 (5/12.5/PHB) GPU/0-19000 (5/12.5/PHB) GPU/0-4d000 (5/12.5/PHB) GPU/0-48000 (5/12.5/PHB) GPU/0-8e000 (6/10.0/SYS) GPU/0-89000 (6/10.0/SYS) GPU/0-b3000 (6/10.0/SYS) GPU/0-ad000 (6/10.0/SYS) CPU/0-0 (2/12.5/PHB) CPU/0-1 (3/10.0/SYS) NET/0-5 (0/5000.0/LOC) NET/0-6 (5/12.5/PHB) NET/0-7 (5/12.5/PHB) NET/0-8 (6/10.0/SYS) NET/0-9 (6/10.0/SYS) 
x08j03290:58217:60215 [5] NCCL INFO NET/0-6 :GPU/0-13000 (4/12.5/PXB) GPU/0-19000 (4/12.5/PXB) GPU/0-4d000 (6/12.5/PHB) GPU/0-48000 (6/12.5/PHB) GPU/0-8e000 (7/10.0/SYS) GPU/0-89000 (7/10.0/SYS) GPU/0-b3000 (7/10.0/SYS) GPU/0-ad000 (7/10.0/SYS) CPU/0-0 (3/12.5/PHB) CPU/0-1 (4/10.0/SYS) NET/0-5 (5/12.5/PHB) NET/0-6 (0/5000.0/LOC) NET/0-7 (6/12.5/PHB) NET/0-8 (7/10.0/SYS) NET/0-9 (7/10.0/SYS) 
x08j03290:58217:60215 [5] NCCL INFO NET/0-7 :GPU/0-13000 (6/12.5/PHB) GPU/0-19000 (6/12.5/PHB) GPU/0-4d000 (4/12.5/PXB) GPU/0-48000 (4/12.5/PXB) GPU/0-8e000 (7/10.0/SYS) GPU/0-89000 (7/10.0/SYS) GPU/0-b3000 (7/10.0/SYS) GPU/0-ad000 (7/10.0/SYS) CPU/0-0 (3/12.5/PHB) CPU/0-1 (4/10.0/SYS) NET/0-5 (5/12.5/PHB) NET/0-6 (6/12.5/PHB) NET/0-7 (0/5000.0/LOC) NET/0-8 (7/10.0/SYS) NET/0-9 (7/10.0/SYS) 
x08j03290:58217:60215 [5] NCCL INFO NET/0-8 :GPU/0-13000 (7/10.0/SYS) GPU/0-19000 (7/10.0/SYS) GPU/0-4d000 (7/10.0/SYS) GPU/0-48000 (7/10.0/SYS) GPU/0-8e000 (4/12.5/PXB) GPU/0-89000 (4/12.5/PXB) GPU/0-b3000 (6/12.5/PHB) GPU/0-ad000 (6/12.5/PHB) CPU/0-0 (4/10.0/SYS) CPU/0-1 (3/12.5/PHB) NET/0-5 (6/10.0/SYS) NET/0-6 (7/10.0/SYS) NET/0-7 (7/10.0/SYS) NET/0-8 (0/5000.0/LOC) NET/0-9 (6/12.5/PHB) 
x08j03290:58217:60215 [5] NCCL INFO NET/0-9 :GPU/0-13000 (7/10.0/SYS) GPU/0-19000 (7/10.0/SYS) GPU/0-4d000 (7/10.0/SYS) GPU/0-48000 (7/10.0/SYS) GPU/0-8e000 (6/12.5/PHB) GPU/0-89000 (6/12.5/PHB) GPU/0-b3000 (4/12.5/PXB) GPU/0-ad000 (4/12.5/PXB) CPU/0-0 (4/10.0/SYS) CPU/0-1 (3/12.5/PHB) NET/0-5 (6/10.0/SYS) NET/0-6 (7/10.0/SYS) NET/0-7 (7/10.0/SYS) NET/0-8 (6/12.5/PHB) NET/0-9 (0/5000.0/LOC) 
x08j03290:58217:60215 [5] NCCL INFO Setting affinity for GPU 5 to ffffffff,00000000,ffffffff,00000000
x08j03290:58217:60215 [5] NCCL INFO NVLS multicast support is not available on dev 5
PU/0-48000 (2/240.0/NVL) GPU/0-8e000 (2/240.0/NVL) GPU/0-89000 (2/240.0/NVL) GPU/0-b3000 (2/240.0/NVL) GPU/0-ad000 (2/240.0/NVL) NVS/0-0 (1/240.0/NVL) CPU/0-0 (3/24.0/PHB) CPU/0-1 (4/10.0/SYS) NET/0-5 (5/12.5/PHB) NET/0-6 (6/12.5/PXN) NET/0-7 (4/12.5/PXB) NET/0-8 (6/12.5/PXN) NET/0-9 (6/12.5/PXN) 
x08j03290:58223:60225 [7] NCCL INFO GPU/0-48000 :GPU/0-13000 (2/240.0/NVL) GPU/0-19000 (2/240.0/NVL) GPU/0-4d000 (2/240.0/NVL) GPU/0-48000 (0/5000.0/LOC) GPU/0-8e000 (2/240.0/NVL) GPU/0-89000 (2/240.0/NVL) GPU/0-b3000 (2/240.0/NVL) GPU/0-ad000 (2/240.0/NVL) NVS/0-0 (1/240.0/NVL) CPU/0-0 (3/24.0/PHB) CPU/0-1 (4/10.0/SYS) NET/0-5 (5/12.5/PHB) NET/0-6 (6/12.5/PXN) NET/0-7 (4/12.5/PXB) NET/0-8 (6/12.5/PXN) NET/0-9 (6/12.5/PXN) 
x08j03290:58223:60225 [7] NCCL INFO GPU/0-8e000 :GPU/0-13000 (2/240.0/NVL) GPU/0-19000 (2/240.0/NVL) GPU/0-4d000 (2/240.0/NVL) GPU/0-48000 (2/240.0/NVL) GPU/0-8e000 (0/5000.0/LOC) GPU/0-89000 (2/240.0/NVL) GPU/0-b3000 (2/240.0/NVL) GPU/0-ad000 (2/240.0/NVL) NVS/0-0 (1/240.0/NVL) CPU/0-0 (4/10.0/SYS) CPU/0-1 (3/24.0/PHB) NET/0-5 (6/10.0/SYS) NET/0-6 (6/12.5/PXN) NET/0-7 (6/12.5/PXN) NET/0-8 (4/12.5/PXB) NET/0-9 (6/12.5/PXN) 
x08j03290:58223:60225 [7] NCCL INFO GPU/0-89000 :GPU/0-13000 (2/240.0/NVL) GPU/0-19000 (2/240.0/NVL) GPU/0-4d000 (2/240.0/NVL) GPU/0-48000 (2/240.0/NVL) GPU/0-8e000 (2/240.0/NVL) GPU/0-89000 (0/5000.0/LOC) GPU/0-b3000 (2/240.0/NVL) GPU/0-ad000 (2/240.0/NVL) NVS/0-0 (1/240.0/NVL) CPU/0-0 (4/10.0/SYS) CPU/0-1 (3/24.0/PHB) NET/0-5 (6/10.0/SYS) NET/0-6 (6/12.5/PXN) NET/0-7 (6/12.5/PXN) NET/0-8 (4/12.5/PXB) NET/0-9 (6/12.5/PXN) 
x08j03290:58223:60225 [7] NCCL INFO GPU/0-b3000 :GPU/0-13000 (2/240.0/NVL) GPU/0-19000 (2/240.0/NVL) GPU/0-4d000 (2/240.0/NVL) GPU/0-48000 (2/240.0/NVL) GPU/0-8e000 (2/240.0/NVL) GPU/0-89000 (2/240.0/NVL) GPU/0-b3000 (0/5000.0/LOC) GPU/0-ad000 (2/240.0/NVL) NVS/0-0 (1/240.0/NVL) CPU/0-0 (4/10.0/SYS) CPU/0-1 (3/24.0/PHB) NET/0-5 (6/10.0/SYS) NET/0-6 (6/12.5/PXN) NET/0-7 (6/12.5/PXN) NET/0-8 (6/12.5/PXN) NET/0-9 (4/12.5/PXB) 
x08j03290:58223:60225 [7] NCCL INFO GPU/0-ad000 :GPU/0-13000 (2/240.0/NVL) GPU/0-19000 (2/240.0/NVL) GPU/0-4d000 (2/240.0/NVL) GPU/0-48000 (2/240.0/NVL) GPU/0-8e000 (2/240.0/NVL) GPU/0-89000 (2/240.0/NVL) GPU/0-b3000 (2/240.0/NVL) GPU/0-ad000 (0/5000.0/LOC) NVS/0-0 (1/240.0/NVL) CPU/0-0 (4/10.0/SYS) CPU/0-1 (3/24.0/PHB) NET/0-5 (6/10.0/SYS) NET/0-6 (6/12.5/PXN) NET/0-7 (6/12.5/PXN) NET/0-8 (6/12.5/PXN) NET/0-9 (4/12.5/PXB) 
x08j03290:58223:60225 [7] NCCL INFO NET/0-5 :GPU/0-13000 (5/12.5/PHB) GPU/0-19000 (5/12.5/PHB) GPU/0-4d000 (5/12.5/PHB) GPU/0-48000 (5/12.5/PHB) GPU/0-8e000 (6/10.0/SYS) GPU/0-89000 (6/10.0/SYS) GPU/0-b3000 (6/10.0/SYS) GPU/0-ad000 (6/10.0/SYS) CPU/0-0 (2/12.5/PHB) CPU/0-1 (3/10.0/SYS) NET/0-5 (0/5000.0/LOC) NET/0-6 (5/12.5/PHB) NET/0-7 (5/12.5/PHB) NET/0-8 (6/10.0/SYS) NET/0-9 (6/10.0/SYS) 
x08j03290:58223:60225 [7] NCCL INFO NET/0-6 :GPU/0-13000 (4/12.5/PXB) GPU/0-19000 (4/12.5/PXB) GPU/0-4d000 (6/12.5/PHB) GPU/0-48000 (6/12.5/PHB) GPU/0-8e000 (7/10.0/SYS) GPU/0-89000 (7/10.0/SYS) GPU/0-b3000 (7/10.0/SYS) GPU/0-ad000 (7/10.0/SYS) CPU/0-0 (3/12.5/PHB) CPU/0-1 (4/10.0/SYS) NET/0-5 (5/12.5/PHB) NET/0-6 (0/5000.0/LOC) NET/0-7 (6/12.5/PHB) NET/0-8 (7/10.0/SYS) NET/0-9 (7/10.0/SYS) 
x08j03290:58223:60225 [7] NCCL INFO NET/0-7 :GPU/0-13000 (6/12.5/PHB) GPU/0-19000 (6/12.5/PHB) GPU/0-4d000 (4/12.5/PXB) GPU/0-48000 (4/12.5/PXB) GPU/0-8e000 (7/10.0/SYS) GPU/0-89000 (7/10.0/SYS) GPU/0-b3000 (7/10.0/SYS) GPU/0-ad000 (7/10.0/SYS) CPU/0-0 (3/12.5/PHB) CPU/0-1 (4/10.0/SYS) NET/0-5 (5/12.5/PHB) NET/0-6 (6/12.5/PHB) NET/0-7 (0/5000.0/LOC) NET/0-8 (7/10.0/SYS) NET/0-9 (7/10.0/SYS) 
x08j03290:58223:60225 [7] NCCL INFO NET/0-8 :GPU/0-13000 (7/10.0/SYS) GPU/0-19000 (7/10.0/SYS) GPU/0-4d000 (7/10.0/SYS) GPU/0-48000 (7/10.0/SYS) GPU/0-8e000 (4/12.5/PXB) GPU/0-89000 (4/12.5/PXB) GPU/0-b3000 (6/12.5/PHB) GPU/0-ad000 (6/12.5/PHB) CPU/0-0 (4/10.0/SYS) CPU/0-1 (3/12.5/PHB) NET/0-5 (6/10.0/SYS) NET/0-6 (7/10.0/SYS) NET/0-7 (7/10.0/SYS) NET/0-8 (0/5000.0/LOC) NET/0-9 (6/12.5/PHB) 
x08j03290:58223:60225 [7] NCCL INFO NET/0-9 :GPU/0-13000 (7/10.0/SYS) GPU/0-18j03290:58219:60306 [6] NCCL INFO                             + NET[12.5] - NET/0-6 (0/d05eb00003fd7010/1/12.500000)
x08j03290:58219:60306 [6] NCCL INFO               + PCI[24.0] - PCI/0-17000 (1000c01010de13b8)
x08j03290:58219:60306 [6] NCCL INFO                             + PCI[24.0] - GPU/0-19000 (9)
x08j03290:58219:60306 [6] NCCL INFO                                           + NVL[240.0] - NVS/0-0
x08j03290:58219:60306 [6] NCCL INFO + PCI[24.0] - PCI/0-41000 (1000c0101000ffff)
x08j03290:58219:60306 [6] NCCL INFO               + PCI[24.0] - NIC/0-4f000
x08j03290:58219:60306 [6] NCCL INFO                             + NET[12.5] - NET/0-7 (0/3c5fb00003fd7010/1/12.500000)
x08j03290:58219:60306 [6] NCCL INFO               + PCI[24.0] - PCI/0-4b000 (1000c01010de13b8)
x08j03290:58219:60306 [6] NCCL INFO                             + PCI[24.0] - GPU/0-4d000 (11)
x08j03290:58219:60306 [6] NCCL INFO                                           + NVL[240.0] - NVS/0-0
x08j03290:58219:60306 [6] NCCL INFO               + PCI[24.0] - PCI/0-46000 (1000c01010de13b8)
x08j03290:58219:60306 [6] NCCL INFO                             + PCI[24.0] - GPU/0-48000 (10)
x08j03290:58219:60306 [6] NCCL INFO                                           + NVL[240.0] - NVS/0-0
x08j03290:58219:60306 [6] NCCL INFO + SYS[10.0] - CPU/0-1
x08j03290:58219:60306 [6] NCCL INFO CPU/0-1 (1/1/2)
x08j03290:58219:60306 [6] NCCL INFO + PCI[24.0] - PCI/0-82000 (1000c0101000ffff)
x08j03290:58219:60306 [6] NCCL INFO               + PCI[24.0] - NIC/0-90000
x08j03290:58219:60306 [6] NCCL INFO                             + NET[12.5] - NET/0-8 (0/f85eb00003fd7010/1/12.500000)
x08j03290:58219:60306 [6] NCCL INFO               + PCI[24.0] - PCI/0-8c000 (1000c01010de13b8)
x08j03290:58219:60306 [6] NCCL INFO                             + PCI[24.0] - GPU/0-8e000 (13)
x08j03290:58219:60306 [6] NCCL INFO                                           + NVL[240.0] - NVS/0-0
x08j03290:58219:60306 [6] NCCL INFO               + PCI[24.0] - PCI/0-87000 (1000c01010de13b8)
x08j03290:58219:60306 [6] NCCL INFO                             + PCI[24.0] - GPU/0-89000 (12)
x08j03290:58219:60306 [6] NCCL INFO                                           + NVL[240.0] - NVS/0-0
x08j03290:58219:60306 [6] NCCL INFO + PCI[24.0] - PCI/0-a6000 (1000c0101000ffff)
x08j03290:58219:60306 [6] NCCL INFO               + PCI[24.0] - NIC/0-b4000
x08j03290:58219:60306 [6] NCCL INFO                             + NET[12.5] - NET/0-9 (0/5026b00003fd7010/1/12.500000)
x08j03290:58219:60306 [6] NCCL INFO               + PCI[24.0] - PCI/0-b1000 (1000c01010de13b8)
x08j03290:58219:60306 [6] NCCL INFO                             + PCI[24.0] - GPU/0-b3000 (15)
x08j03290:58219:60306 [6] NCCL INFO                                           + NVL[240.0] - NVS/0-0
x08j03290:58219:60306 [6] NCCL INFO               + PCI[24.0] - PCI/0-ab000 (1000c01010de13b8)
x08j03290:58219:60306 [6] NCCL INFO                             + PCI[24.0] - GPU/0-ad000 (14)
x08j03290:58219:60306 [6] NCCL INFO                                           + NVL[240.0] - NVS/0-0
x08j03290:58219:60306 [6] NCCL INFO + SYS[10.0] - CPU/0-0
x08j03290:58219:60306 [6] NCCL INFO ==========================================
x08j03290:58219:60306 [6] NCCL INFO GPU/0-13000 :GPU/0-13000 (0/5000.0/LOC) GPU/0-19000 (2/240.0/NVL) GPU/0-4d000 (2/240.0/NVL) GPU/0-48000 (2/240.0/NVL) GPU/0-8e000 (2/240.0/NVL) GPU/0-89000 (2/240.0/NVL) GPU/0-b3000 (2/240.0/NVL) GPU/0-ad000 (2/240.0/NVL) NVS/0-0 (1/240.0/NVL) CPU/0-0 (3/24.0/PHB) CPU/0-1 (4/10.0/SYS) NET/0-5 (5/12.5/PHB) NET/0-6 (4/12.5/PXB) NET/0-7 (6/12.5/PXN) NET/0-8 (6/12.5/PXN) NET/0-9 (6/12.5/PXN) 
x08j03290:58209:60217 [0] NCCL INFO CPU/0-1 (1/1/2)
x08j03290:58209:60217 [0] NCCL INFO + PCI[24.0] - PCI/0-82000 (1000c0101000ffff)
x08j03290:58209:60217 [0] NCCL INFO               + PCI[24.0] - NIC/0-90000
x08j03290:58209:60217 [0] NCCL INFO                             + NET[12.5] - NET/0-8 (0/f85eb00003fd7010/1/12.500000)
x08j03290:58209:60217 [0] NCCL INFO               + PCI[24.0] - PCI/0-8c000 (1000c01010de13b8)
x08j03290:58209:60217 [0] NCCL INFO                             + PCI[24.0] - GPU/0-8e000 (13)
x08j03290:58209:60217 [0] NCCL INFO                                           + NVL[240.0] - NVS/0-0
x08j03290:58209:60217 [0] NCCL INFO               + PCI[24.0] - PCI/0-87000 (1000c01010de13b8)
x08j03290:58209:60217 [0] NCCL INFO                             + PCI[24.0] - GPU/0-89000 (12)
x08j03290:58209:60217 [0] NCCL INFO                                           + NVL[240.0] - NVS/0-0
x08j03290:58209:60217 [0] NCCL INFO + PCI[24.0] - PCI/0-a6000 (1000c0101000ffff)
x08j03290:58209:60217 [0] NCCL INFO               + PCI[24.0] - NIC/0-b4000
x08j03290:58209:60217 [0] NCCL INFO                             + NET[12.5] - NET/0-9 (0/5026b00003fd7010/1/12.500000)
x08j03290:58209:60217 [0] NCCL INFO               + PCI[24.0] - PCI/0-b1000 (1000c01010de13b8)
x08j03290:58209:60217 [0] NCCL INFO                             + PCI[24.0] - GPU/0-b3000 (15)
x08j03290:58209:60217 [0] NCCL INFO                                           + NVL[240.0] - NVS/0-0
x08j03290:58209:60217 [0] NCCL INFO               + PCI[24.0] - PCI/0-ab000 (1000c01010de13b8)
x08j03290:58209:60217 [0] NCCL INFO                             + PCI[24.0] - GPU/0-ad000 (14)
x08j03290:58209:60217 [0] NCCL INFO                                           + NVL[240.0] - NVS/0-0
x08j03290:58209:60217 [0] NCCL INFO + SYS[10.0] - CPU/0-0
x08j03290:58209:60217 [0] NCCL INFO ==========================================
x08j03290:58209:60217 [0] NCCL INFO GPU/0-13000 :GPU/0-13000 (0/5000.0/LOC) GPU/0-19000 (2/240.0/NVL) GPU/0-4d000 (2/240.0/NVL) GPU/0-48000 (2/240.0/NVL) GPU/0-8e000 (2/240.0/NVL) GPU/0-89000 (2/240.0/NVL) GPU/0-b3000 (2/240.0/NVL) GPU/0-ad000 (2/240.0/NVL) NVS/0-0 (1/240.0/NVL) CPU/0-0 (3/24.0/PHB) CPU/0-1 (4/10.0/SYS) NET/0-5 (5/12.5/PHB) NET/0-6 (4/12.5/PXB) NET/0-7 (6/12.5/PXN) NET/0-8 (6/12.5/PXN) NET/0-9 (6/12.5/PXN) 
x08j03290:58209:60217 [0] NCCL INFO GPU/0-19000 :GPU/0-13000 (2/240.0/NVL) GPU/0-19000 (0/5000.0/LOC) GPU/0-4d000 (2/240.0/NVL) GPU/0-48000 (2/240.0/NVL) GPU/0-8e000 (2/240.0/NVL) GPU/0-89000 (2/240.0/NVL) GPU/0-b3000 (2/240.0/NVL) GPU/0-ad000 (2/240.0/NVL) NVS/0-0 (1/240.0/NVL) CPU/0-0 (3/24.0/PHB) CPU/0-1 (4/10.0/SYS) NET/0-5 (5/12.5/PHB) NET/0-6 (4/12.5/PXB) NET/0-7 (6/12.5/PXN) NET/0-8 (6/12.5/PXN) NET/0-9 (6/12.5/PXN) 
x08j03290:58209:60217 [0] NCCL INFO GPU/0-4d000 :GPU/0-13000 (2/240.0/NVL) GPU/0-19000 (2/240.0/NVL) GPU/0-4d000 (0/5000.0/LOC) GPU/0-48000 (2/240.0/NVL) GPU/0-8e000 (2/240.0/NVL) GPU/0-89000 (2/240.0/NVL) GPU/0-b3000 (2/240.0/NVL) GPU/0-ad000 (2/240.0/NVL) NVS/0-0 (1/240.0/NVL) CPU/0-0 (3/24.0/PHB) CPU/0-1 (4/10.0/SYS) NET/0-5 (5/12.5/PHB) NET/0-6 (6/12.5/PXN) NET/0-7 (4/12.5/PXB) NET/0-8 (6/12.5/PXN) NET/0-9 (6/12.5/PXN) 
x08j03290:58219:60306 [6] NCCL INFO GPU/0-19000 :GPU/0-13000 (2/240.0/NVL) GPU/0-19000 (0/5000.0/LOC) GPU/0-4d000 (2/240.0/NVL) GPU/0-48000 (2/240.0/NVL) GPU/0-8e000 (2/240.0/NVL) GPU/0-89000 (2/240.0/NVL) GPU/0-b3000 (2/240.0/NVL) GPU/0-ad000 (2/240.0/NVL) NVS/0-0 (1/240.0/NVL) CPU/0-0 (3/24.0/PHB) CPU/0-1 (4/10.0/SYS) NET/0-5 (5/12.5/PHB) NET/0-6 (4/12.5/PXB) NET/0-7 (6/12.5/PXN) NET/0-8 (6/12.5/PXN) NET/0-9 (6/12.5/PXN) 
x08j03290:58219:60306 [6] NCCL INFO GPU/0-4d000 :GPU/0-13000 (2/240.0/NVL) GPU/0-19000 (2/240.0/NVL) GPU/0-4d000 (0/5000.0/LOC) GPU/0-48000 (2/240.0/NVL) GPU/0-8e000 (2/240.0/NVL) GPU/0-89000 (2/240.0/NVL) GPU/0-b3000 (2/240.0/NVL) GPU/0-ad000 (2/240.0/NVL) NVS/0-0 (1/240.0/NVL) CPU/0-0 (3/24.0/PHB) CPU/0-1 (4/10.0/SYS) NET/0-5 (5/12.5/PHB) NET/0-6 (6/12.5/PXN) NET/0-7 (4/12.5/PXB) NET/0-8 (6/12.5/PXN) NET/0-9 (6/12.5/PXN) 
x08j03290:58219:60306 [6] NCCL INFO GPU/0-48000 :GPU/0-13000 (2/240.0/NVL) GPU/0-19000 (2/240.0/NVL) GPU/0-4d000 (2/240.0/NVL) GPU/0-48000 (0/5000.0/LOC) GPU/0-8e000 (2/240.0/NVL) GPU/0-89000 (2/240.0/NVL) GPU/0-b3000 (2/240.0/NVL) GPU/0-ad000 (2/240.0/NVL) NVS/0-0 (1/240.0/NVL) CPU/0-0 (3/24.0/PHB) CPU/0-1 (4/10.0/SYS) NET/0-5 (5/12.5/PHB) NET/0-6 (6/12.5/PXN) NET/0-7 (4/12.5/PXB) NET/0-8 (6/12.5/PXN) NET/0-9 (6/12.5/PXN) 
x08j03290:58219:60306 [6] NCCL INFO GPU/0-8e000 :GPU/0-13000 (2/240.0/NVL) GPU/0-19000 (2/240.0/NVL) GPU/0-4d000 (2/240.0/NVL) GPU/0-48000 (2/240.0/NVL) GPU/0-8e000 (0/5000.0/LOC) GPU/0-89000 (2/240.0/NVL) GPU/0-b3000 (2/240.0/NVL) GPU/0-ad000 (2/240.0/NVL) NVS/0-0 (1/240.0/NVL) CPU/0-0 (4/10.0/SYS) CPU/0-1 (3/24.0/PHB) NET/0-5 (6/10.0/SYS) NET/0-6 (6/12.5/PXN) NET/0-7 (6/12.5/PXN) NET/0-8 (4/12.5/PXB) NET/0-9 (6/12.5/PXN) 
x08j03290:58219:60306 [6] NCCL INFO GPU/0-89000 :GPU/0-13000 (2/240.0/NVL) GPU/0-19000 (2/240.0/NVL) GPU/0-4d000 (2/240.0/NVL) GPU/0-48000 (2/240.0/NVL) GPU/0-8e000 (2/240.0/NVL) GPU/0-89000 (0/5000.0/LOC) GPU/0-b3000 (2/240.0/NVL) GPU/0-ad000 (2/240.0/NVL) NVS/0-0 (1/240.0/NVL) CPU/0-0 (4/10.0/SYS) CPU/0-1 (3/24.0/PHB) NET/0-5 (6/10.0/SYS) NET/0-6 (6/12.5/PXN) NET/0-7 (6/12.5/PXN) NET/0-8 (4/12.5/PXB) NET/0-9 (6/12.5/PXN) 
x08j03290:58219:60306 [6] NCCL INFO GPU/0-b3000 :GPU/0-13000 (2/240.0/NVL) GPU/0-19000 (2/240.0/NVL) GPU/0-4d000 (2/240.0/NVL) GPU/0-48000 (2/240.0/NVL) GPU/0-8e000 (2/240.0/NVL) GPU/0-89000 (2/240.0/NVL) GPU/0-b3000 (0/5000.0/LOC) GPU/0-ad000 (2/240.0/NVL) NVS/0-0 (1/240.0/NVL) CPU/0-0 (4/10.0/SYS) CPU/0-1 (3/24.0/PHB) NET/0-5 (6/10.0/SYS) NET/0-6 (6/12.5/PXN) NET/0-7 (6/12.5/PXN) NET/0-8 (6/12.5/PXN) NET/0-9 (4/12.5/PXB) 
x08j03290:58213:60304 [2] NCCL INFO               + PCI[24.0] - PCI/0-17000 (1000c01010de13b8)
x08j03290:58213:60304 [2] NCCL INFO                             + PCI[24.0] - GPU/0-19000 (9)
x08j03290:58213:60304 [2] NCCL INFO                                           + NVL[240.0] - NVS/0-0
x08j03290:58213:60304 [2] NCCL INFO + PCI[24.0] - PCI/0-41000 (1000c0101000ffff)
x08j03290:58213:60304 [2] NCCL INFO               + PCI[24.0] - NIC/0-4f000
x08j03290:58213:60304 [2] NCCL INFO                             + NET[12.5] - NET/0-7 (0/3c5fb00003fd7010/1/12.500000)
x08j03290:58213:60304 [2] NCCL INFO               + PCI[24.0] - PCI/0-4b000 (1000c01010de13b8)
x08j03290:58213:60304 [2] NCCL INFO                             + PCI[24.0] - GPU/0-4d000 (11)
x08j03290:58213:60304 [2] NCCL INFO                                           + NVL[240.0] - NVS/0-0
x08j03290:58213:60304 [2] NCCL INFO               + PCI[24.0] - PCI/0-46000 (1000c01010de13b8)
x08j03290:58213:60304 [2] NCCL INFO                             + PCI[24.0] - GPU/0-48000 (10)
x08j03290:58213:60304 [2] NCCL INFO                                           + NVL[240.0] - NVS/0-0
x08j03290:58213:60304 [2] NCCL INFO + SYS[10.0] - CPU/0-1
x08j03290:58213:60304 [2] NCCL INFO CPU/0-1 (1/1/2)
x08j03290:58213:60304 [2] NCCL INFO + PCI[24.0] - PCI/0-82000 (1000c0101000ffff)
x08j03290:58213:60304 [2] NCCL INFO               + PCI[24.0] - NIC/0-90000
x08j03290:58213:60304 [2] NCCL INFO                             + NET[12.5] - NET/0-8 (0/f85eb00003fd7010/1/12.500000)
x08j03290:58213:60304 [2] NCCL INFO               + PCI[24.0] - PCI/0-8c000 (1000c01010de13b8)
x08j03290:58213:60304 [2] NCCL INFO                             + PCI[24.0] - GPU/0-8e000 (13)
x08j03290:58213:60304 [2] NCCL INFO                                           + NVL[240.0] - NVS/0-0
x08j03290:58213:60304 [2] NCCL INFO               + PCI[24.0] - PCI/0-87000 (1000c01010de13b8)
x08j03290:58213:60304 [2] NCCL INFO                             + PCI[24.0] - GPU/0-89000 (12)
x08j03290:58213:60304 [2] NCCL INFO                                           + NVL[240.0] - NVS/0-0
x08j03290:58213:60304 [2] NCCL INFO + PCI[24.0] - PCI/0-a6000 (1000c0101000ffff)
x08j03290:58213:60304 [2] NCCL INFO               + PCI[24.0] - NIC/0-b4000
x08j03290:58213:60304 [2] NCCL INFO                             + NET[12.5] - NET/0-9 (0/5026b00003fd7010/1/12.500000)
x08j03290:58213:60304 [2] NCCL INFO               + PCI[24.0] - PCI/0-b1000 (1000c01010de13b8)
x08j03290:58213:60304 [2] NCCL INFO                             + PCI[24.0] - GPU/0-b3000 (15)
x08j03290:58213:60304 [2] NCCL INFO                                           + NVL[240.0] - NVS/0-0
x08j03290:58213:60304 [2] NCCL INFO               + PCI[24.0] - PCI/0-ab000 (1000c01010de13b8)
x08j03290:58213:60304 [2] NCCL INFO                             + PCI[24.0] - GPU/0-ad000 (14)
x08j03290:58213:60304 [2] NCCL INFO                                           + NVL[240.0] - NVS/0-0
x08j03290:58213:60304 [2] NCCL INFO + SYS[10.0] - CPU/0-0
x08j03290:58213:60304 [2] NCCL INFO ==========================================
9000 (7/10.0/SYS) GPU/0-4d000 (7/10.0/SYS) GPU/0-48000 (7/10.0/SYS) GPU/0-8e000 (6/12.5/PHB) GPU/0-89000 (6/12.5/PHB) GPU/0-b3000 (4/12.5/PXB) GPU/0-ad000 (4/12.5/PXB) CPU/0-0 (4/10.0/SYS) CPU/0-1 (3/12.5/PHB) NET/0-5 (6/10.0/SYS) NET/0-6 (7/10.0/SYS) NET/0-7 (7/10.0/SYS) NET/0-8 (6/12.5/PHB) NET/0-9 (0/5000.0/LOC) 
x08j03290:58223:60225 [7] NCCL INFO Setting affinity for GPU 7 to ffffffff,00000000,ffffffff,00000000
x08j03290:58223:60225 [7] NCCL INFO NVLS multicast support is not available on dev 7
x08j03290:58209:60217 [0] NCCL INFO GPU/0-48000 :GPU/0-13000 (2/240.0/NVL) GPU/0-19000 (2/240.0/NVL) GPU/0-4d000 (2/240.0/NVL) GPU/0-48000 (0/5000.0/LOC) GPU/0-8e000 (2/240.0/NVL) GPU/0-89000 (2/240.0/NVL) GPU/0-b3000 (2/240.0/NVL) GPU/0-ad000 (2/240.0/NVL) NVS/0-0 (1/240.0/NVL) CPU/0-0 (3/24.0/PHB) CPU/0-1 (4/10.0/SYS) NET/0-5 (5/12.5/PHB) NET/0-6 (6/12.5/PXN) NET/0-7 (4/12.5/PXB) NET/0-8 (6/12.5/PXN) NET/0-9 (6/12.5/PXN) 
x08j03290:58209:60217 [0] NCCL INFO GPU/0-8e000 :GPU/0-13000 (2/240.0/NVL) GPU/0-19000 (2/240.0/NVL) GPU/0-4d000 (2/240.0/NVL) GPU/0-48000 (2/240.0/NVL) GPU/0-8e000 (0/5000.0/LOC) GPU/0-89000 (2/240.0/NVL) GPU/0-b3000 (2/240.0/NVL) GPU/0-ad000 (2/240.0/NVL) NVS/0-0 (1/240.0/NVL) CPU/0-0 (4/10.0/SYS) CPU/0-1 (3/24.0/PHB) NET/0-5 (6/10.0/SYS) NET/0-6 (6/12.5/PXN) NET/0-7 (6/12.5/PXN) NET/0-8 (4/12.5/PXB) NET/0-9 (6/12.5/PXN) 
x08j03290:58209:60217 [0] NCCL INFO GPU/0-89000 :GPU/0-13000 (2/240.0/NVL) GPU/0-19000 (2/240.0/NVL) GPU/0-4d000 (2/240.0/NVL) GPU/0-48000 (2/240.0/NVL) GPU/0-8e000 (2/240.0/NVL) GPU/0-89000 (0/5000.0/LOC) GPU/0-b3000 (2/240.0/NVL) GPU/0-ad000 (2/240.0/NVL) NVS/0-0 (1/240.0/NVL) CPU/0-0 (4/10.0/SYS) CPU/0-1 (3/24.0/PHB) NET/0-5 (6/10.0/SYS) NET/0-6 (6/12.5/PXN) NET/0-7 (6/12.5/PXN) NET/0-8 (4/12.5/PXB) NET/0-9 (6/12.5/PXN) 
x08j03290:58209:60217 [0] NCCL INFO GPU/0-b3000 :GPU/0-13000 (2/240.0/NVL) GPU/0-19000 (2/240.0/NVL) GPU/0-4d000 (2/240.0/NVL) GPU/0-48000 (2/240.0/NVL) GPU/0-8e000 (2/240.0/NVL) GPU/0-89000 (2/240.0/NVL) GPU/0-b3000 (0/5000.0/LOC) GPU/0-ad000 (2/240.0/NVL) NVS/0-0 (1/240.0/NVL) CPU/0-0 (4/10.0/SYS) CPU/0-1 (3/24.0/PHB) NET/0-5 (6/10.0/SYS) NET/0-6 (6/12.5/PXN) NET/0-7 (6/12.5/PXN) NET/0-8 (6/12.5/PXN) NET/0-9 (4/12.5/PXB) 
x08j03290:58209:60217 [0] NCCL INFO GPU/0-ad000 :GPU/0-13000 (2/240.0/NVL) GPU/0-19000 (2/240.0/NVL) GPU/0-4d000 (2/240.0/NVL) GPU/0-48000 (2/240.0/NVL) GPU/0-8e000 (2/240.0/NVL) GPU/0-89000 (2/240.0/NVL) GPU/0-b3000 (2/240.0/NVL) GPU/0-ad000 (0/5000.0/LOC) NVS/0-0 (1/240.0/NVL) CPU/0-0 (4/10.0/SYS) CPU/0-1 (3/24.0/PHB) NET/0-5 (6/10.0/SYS) NET/0-6 (6/12.5/PXN) NET/0-7 (6/12.5/PXN) NET/0-8 (6/12.5/PXN) NET/0-9 (4/12.5/PXB) 
x08j03290:58209:60217 [0] NCCL INFO NET/0-5 :GPU/0-13000 (5/12.5/PHB) GPU/0-19000 (5/12.5/PHB) GPU/0-4d000 (5/12.5/PHB) GPU/0-48000 (5/12.5/PHB) GPU/0-8e000 (6/10.0/SYS) GPU/0-89000 (6/10.0/SYS) GPU/0-b3000 (6/10.0/SYS) GPU/0-ad000 (6/10.0/SYS) CPU/0-0 (2/12.5/PHB) CPU/0-1 (3/10.0/SYS) NET/0-5 (0/5000.0/LOC) NET/0-6 (5/12.5/PHB) NET/0-7 (5/12.5/PHB) NET/0-8 (6/10.0/SYS) NET/0-9 (6/10.0/SYS) 
x08j03290:58219:60306 [6] NCCL INFO GPU/0-ad000 :GPU/0-13000 (2/240.0/NVL) GPU/0-19000 (2/240.0/NVL) GPU/0-4d000 (2/240.0/NVL) GPU/0-48000 (2/240.0/NVL) GPU/0-8e000 (2/240.0/NVL) GPU/0-89000 (2/240.0/NVL) GPU/0-b3000 (2/240.0/NVL) GPU/0-ad000 (0/5000.0/LOC) NVS/0-0 (1/240.0/NVL) CPU/0-0 (4/10.0/SYS) CPU/0-1 (3/24.0/PHB) NET/0-5 (6/10.0/SYS) NET/0-6 (6/12.5/PXN) NET/0-7 (6/12.5/PXN) NET/0-8 (6/12.5/PXN) NET/0-9 (4/12.5/PXB) 
x08j03290:58219:60306 [6] NCCL INFO NET/0-5 :GPU/0-13000 (5/12.5/PHB) GPU/0-19000 (5/12.5/PHB) GPU/0-4d000 (5/12.5/PHB) GPU/0-48000 (5/12.5/PHB) GPU/0-8e000 (6/10.0/SYS) GPU/0-89000 (6/10.0/SYS) GPU/0-b3000 (6/10.0/SYS) GPU/0-ad000 (6/10.0/SYS) CPU/0-0 (2/12.5/PHB) CPU/0-1 (3/10.0/SYS) NET/0-5 (0/5000.0/LOC) NET/0-6 (5/12.5/PHB) NET/0-7 (5/12.5/PHB) NET/0-8 (6/10.0/SYS) NET/0-9 (6/10.0/SYS) 
x08j03290:58219:60306 [6] NCCL INFO NET/0-6 :GPU/0-13000 (4/12.5/PXB) GPU/0-19000 (4/12.5/PXB) GPU/0-4d000 (6/12.5/PHB) GPU/0-48000 (6/12.5/PHB) GPU/0-8e000 (7/10.0/SYS) GPU/0-89000 (7/10.0/SYS) GPU/0-b3000 (7/10.0/SYS) GPU/0-ad000 (7/10.0/SYS) CPU/0-0 (3/12.5/PHB) CPU/0-1 (4/10.0/SYS) NET/0-5 (5/12.5/PHB) NET/0-6 (0/5000.0/LOC) NET/0-7 (6/12.5/PHB) NET/0-8 (7/10.0/SYS) NET/0-9 (7/10.0/SYS) 
x08j03290:58219:60306 [6] NCCL INFO NET/0-7 :GPU/0-13000 (6/12.5/PHB) GPU/0-19000 (6/12.5/PHB) GPU/0-4d000 (4/12.5/PXB) GPU/0-48000 (4/12.5/PXB) GPU/0-8e000 (7/10.0/SYS) GPU/0-89000 (7/10.0/SYS) GPU/0-b3000 (7/10.0/SYS) GPU/0-ad000 (7/10.0/SYS) CPU/0-0 (3/12.5/PHB) CPU/0-1 (4/10.0/SYS) NET/0-5 (5/12.5/PHB) NET/0-6 (6/12.5/PHB) NET/0-7 (0/5000.0/LOC) NET/0-8 (7/10.0/SYS) NET/0-9 (7/10.0/SYS) 
x08j03290:58219:60306 [6] NCCL INFO NET/0-8 :GPU/0-13000 (7/10.0/SYS) GPU/0-19000 (7/10.0/SYS) GPU/0-4d000 (7/10.0/SYS) GPU/0-48000 (7/10.0/SYS) GPU/0-8e000 (4/12.5/PXB) GPU/0-89000 (4/12.5/PXB) GPU/0-b3000 (6/12.5/PHB) GPU/0-ad000 (6/12.5/PHB) CPU/0-0 (4/10.0/SYS) CPU/0-1 (3/12.5/PHB) NET/0-5 (6/10.0/SYS) NET/0-6 (7/10.0/SYS) NET/0-7 (7/10.0/SYS) NET/0-8 (0/5000.0/LOC) NET/0-9 (6/12.5/PHB) 
x08j03290:58219:60306 [6] NCCL INFO NET/0-9 :GPU/0-13000 (7/10.0/SYS) GPU/0-19000 (7/10.0/SYS) GPU/0-4d000 (7/10.0/SYS) GPU/0-48000 (7/10.0/SYS) GPU/0-8e000 (6/12.5/PHB) GPU/0-89000 (6/12.5/PHB) GPU/0-b3000 (4/12.5/PXB) GPU/0-ad000 (4/12.5/PXB) CPU/0-0 (4/10.0/SYS) CPU/0-1 (3/12.5/PHB) NET/0-5 (6/10.0/SYS) NET/0-6 (7/10.0/SYS) NET/0-7 (7/10.0/SYS) NET/0-8 (6/12.5/PHB) NET/0-9 (0/5000.0/LOC) 
x08j03290:58213:60304 [2] NCCL INFO GPU/0-13000 :GPU/0-13000 (0/5000.0/LOC) GPU/0-19000 (2/240.0/NVL) GPU/0-4d000 (2/240.0/NVL) GPU/0-48000 (2/240.0/NVL) GPU/0-8e000 (2/240.0/NVL) GPU/0-89000 (2/240.0/NVL) GPU/0-b3000 (2/240.0/NVL) GPU/0-ad000 (2/240.0/NVL) NVS/0-0 (1/240.0/NVL) CPU/0-0 (3/24.0/PHB) CPU/0-1 (4/10.0/SYS) NET/0-5 (5/12.5/PHB) NET/0-6 (4/12.5/PXB) NET/0-7 (6/12.5/PXN) NET/0-8 (6/12.5/PXN) NET/0-9 (6/12.5/PXN) 
x08j03290:58213:60304 [2] NCCL INFO GPU/0-19000 :GPU/0-13000 (2/240.0/NVL) GPU/0-19000 (0/5000.0/LOC) GPU/0-4d000 (2/240.0/NVL) GPU/0-48000 (2/240.0/NVL) GPU/0-8e000 (2/240.0/NVL) GPU/0-89000 (2/240.0/NVL) GPU/0-b3000 (2/240.0/NVL) GPU/0-ad000 (2/240.0/NVL) NVS/0-0 (1/240.0/NVL) CPU/0-0 (3/24.0/PHB) CPU/0-1 (4/10.0/SYS) NET/0-5 (5/12.5/PHB) NET/0-6 (4/12.5/PXB) NET/0-7 (6/12.5/PXN) NET/0-8 (6/12.5/PXN) NET/0-9 (6/12.5/PXN) 
x08j03290:58213:60304 [2] NCCL INFO GPU/0-4d000 :GPU/0-13000 (2/240.0/NVL) GPU/0-19000 (2/240.0/NVL) GPU/0-4d000 (0/5000.0/LOC) GPU/0-48000 (2/240.0/NVL) GPU/0-8e000 (2/240.0/NVL) GPU/0-89000 (2/240.0/NVL) GPU/0-b3000 (2/240.0/NVL) GPU/0-ad000 (2/240.0/NVL) NVS/0-0 (1/240.0/NVL) CPU/0-0 (3/24.0/PHB) CPU/0-1 (4/10.0/SYS) NET/0-5 (5/12.5/PHB) NET/0-6 (6/12.5/PXN) NET/0-7 (4/12.5/PXB) NET/0-8 (6/12.5/PXN) NET/0-9 (6/12.5/PXN) 
x08j03290:58213:60304 [2] NCCL INFO GPU/0-48000 :GPU/0-13000 (2/240.0/NVL) GPU/0-19000 (2/240.0/NVL) GPU/0-4d000 (2/240.0/NVL) GPU/0-48000 (0/5000.0/LOC) GPU/0-8e000 (2/240.0/NVL) GPU/0-89000 (2/240.0/NVL) GPU/0-b3000 (2/240.0/NVL) GPU/0-ad000 (2/240.0/NVL) NVS/0-0 (1/240.0/NVL) CPU/0-0 (3/24.0/PHB) CPU/0-1 (4/10.0/SYS) NET/0-5 (5/12.5/PHB) NET/0-6 (6/12.5/PXN) NET/0-7 (4/12.5/PXB) NET/0-8 (6/12.5/PXN) NET/0-9 (6/12.5/PXN) 
x08j03290:58213:60304 [2] NCCL INFO GPU/0-8e000 :GPU/0-13000 (2/240.0/NVL) GPU/0-19000 (2/240.0/NVL) GPU/0-4d000 (2/240.0/NVL) GPU/0-48000 (2/240.0/NVL) GPU/0-8e000 (0/5000.0/LOC) GPU/0-89000 (2/240.0/NVL) GPU/0-b3000 (2/240.0/NVL) GPU/0-ad000 (2/240.0/NVL) NVS/0-0 (1/240.0/NVL) CPU/0-0 (4/10.0/SYS) CPU/0-1 (3/24.0/PHB) NET/0-5 (6/10.0/SYS) NET/0-6 (6/12.5/PXN) NET/0-7 (6/12.5/PXN) NET/0-8 (4/12.5/PXB) NET/0-9 (6/12.5/PXN) 
x08j03290:58213:60304 [2] NCCL INFO GPU/0-89000 :GPU/0-13000 (2/240.0/NVL) GPU/0-19000 (2/240.0/NVL) GPU/0-4d000 (2/240.0/NVL) GPU/0-48000 (2/240.0/NVL) GPU/0-8e000 (2/240.0/NVL) GPU/0-89000 (0/5000.0/LOC) GPU/0-b3000 (2/240.0/NVL) GPU/0-ad000 (2/240.0/NVL) NVS/0-0 (1/240.0/NVL) CPU/0-0 (4/10.0/SYS) CPU/0-1 (3/24.0/PHB) NET/0-5 (6/10.0/SYS) NET/0-6 (6/12.5/PXN) NET/0-7 (6/12.5/PXN) NET/0-8 (4/12.5/PXB) NET/0-9 (6/12.5/PXN) 
x08j03290:58209:60217 [0] NCCL INFO NET/0-6 :GPU/0-13000 (4/12.5/PXB) GPU/0-19000 (4/12.5/PXB) GPU/0-4d000 (6/12.5/PHB) GPU/0-48000 (6/12.5/PHB) GPU/0-8e000 (7/10.0/SYS) GPU/0-89000 (7/10.0/SYS) GPU/0-b3000 (7/10.0/SYS) GPU/0-ad000 (7/10.0/SYS) CPU/0-0 (3/12.5/PHB) CPU/0-1 (4/10.0/SYS) NET/0-5 (5/12.5/PHB) NET/0-6 (0/5000.0/LOC) NET/0-7 (6/12.5/PHB) NET/0-8 (7/10.0/SYS) NET/0-9 (7/10.0/SYS) 
x08j03290:58209:60217 [0] NCCL INFO NET/0-7 :GPU/0-13000 (6/12.5/PHB) GPU/0-19000 (6/12.5/PHB) GPU/0-4d000 (4/12.5/PXB) GPU/0-48000 (4/12.5/PXB) GPU/0-8e000 (7/10.0/SYS) GPU/0-89000 (7/10.0/SYS) GPU/0-b3000 (7/10.0/SYS) GPU/0-ad000 (7/10.0/SYS) CPU/0-0 (3/12.5/PHB) CPU/0-1 (4/10.0/SYS) NET/0-5 (5/12.5/PHB) NET/0-6 (6/12.5/PHB) NET/0-7 (0/5000.0/LOC) NET/0-8 (7/10.0/SYS) NET/0-9 (7/10.0/SYS) 
x08j03290:58209:60217 [0] NCCL INFO NET/0-8 :GPU/0-13000 (7/10.0/SYS) GPU/0-19000 (7/10.0/SYS) GPU/0-4d000 (7/10.0/SYS) GPU/0-48000 (7/10.0/SYS) GPU/0-8e000 (4/12.5/PXB) GPU/0-89000 (4/12.5/PXB) GPU/0-b3000 (6/12.5/PHB) GPU/0-ad000 (6/12.5/PHB) CPU/0-0 (4/10.0/SYS) CPU/0-1 (3/12.5/PHB) NET/0-5 (6/10.0/SYS) NET/0-6 (7/10.0/SYS) NET/0-7 (7/10.0/SYS) NET/0-8 (0/5000.0/LOC) NET/0-9 (6/12.5/PHB) 
x08j03290:58209:60217 [0] NCCL INFO NET/0-9 :GPU/0-13000 (7/10.0/SYS) GPU/0-19000 (7/10.0/SYS) GPU/0-4d000 (7/10.0/SYS) GPU/0-48000 (7/10.0/SYS) GPU/0-8e000 (6/12.5/PHB) GPU/0-89000 (6/12.5/PHB) GPU/0-b3000 (4/12.5/PXB) GPU/0-ad000 (4/12.5/PXB) CPU/0-0 (4/10.0/SYS) CPU/0-1 (3/12.5/PHB) NET/0-5 (6/10.0/SYS) NET/0-6 (7/10.0/SYS) NET/0-7 (7/10.0/SYS) NET/0-8 (6/12.5/PHB) NET/0-9 (0/5000.0/LOC) 
x08j03290:58209:60217 [0] NCCL INFO Setting affinity for GPU 0 to ffffffff,00000000,ffffffff
x08j03290:58209:60217 [0] NCCL INFO NVLS multicast support is not available on dev 0
x08j03290:58213:60304 [2] NCCL INFO GPU/0-b3000 :GPU/0-13000 (2/240.0/NVL) GPU/0-19000 (2/240.0/NVL) GPU/0-4d000 (2/240.0/NVL) GPU/0-48000 (2/240.0/NVL) GPU/0-8e000 (2/240.0/NVL) GPU/0-89000 (2/240.0/NVL) GPU/0-b3000 (0/5000.0/LOC) GPU/0-ad000 (2/240.0/NVL) NVS/0-0 (1/240.0/NVL) CPU/0-0 (4/10.0/SYS) CPU/0-1 (3/24.0/PHB) NET/0-5 (6/10.0/SYS) NET/0-6 (6/12.5/PXN) NET/0-7 (6/12.5/PXN) NET/0-8 (6/12.5/PXN) NET/0-9 (4/12.5/PXB) 
x08j03290:58213:60304 [2] NCCL INFO GPU/0-ad000 :GPU/0-13000 (2/240.0/NVL) GPU/0-19000 (2/240.0/NVL) GPU/0-4d000 (2/240.0/NVL) GPU/0-48000 (2/240.0/NVL) GPU/0-8e000 (2/240.0/NVL) GPU/0-89000 (2/240.0/NVL) GPU/0-b3000 (2/240.0/NVL) GPU/0-ad000 (0/5000.0/LOC) NVS/0-0 (1/240.0/NVL) CPU/0-0 (4/10.0/SYS) CPU/0-1 (3/24.0/PHB) NET/0-5 (6/10.0/SYS) NET/0-6 (6/12.5/PXN) NET/0-7 (6/12.5/PXN) NET/0-8 (6/12.5/PXN) NET/0-9 (4/12.5/PXB) 
x08j03290:58213:60304 [2] NCCL INFO NET/0-5 :GPU/0-13000 (5/12.5/PHB) GPU/0-19000 (5/12.5/PHB) GPU/0-4d000 (5/12.5/PHB) GPU/0-48000 (5/12.5/PHB) GPU/0-8e000 (6/10.0/SYS) GPU/0-89000 (6/10.0/SYS) GPU/0-b3000 (6/10.0/SYS) GPU/0-ad000 (6/10.0/SYS) CPU/0-0 (2/12.5/PHB) CPU/0-1 (3/10.0/SYS) NET/0-5 (0/5000.0/LOC) NET/0-6 (5/12.5/PHB) NET/0-7 (5/12.5/PHB) NET/0-8 (6/10.0/SYS) NET/0-9 (6/10.0/SYS) 
x08j03290:58213:60304 [2] NCCL INFO NET/0-6 :GPU/0-13000 (4/12.5/PXB) GPU/0-19000 (4/12.5/PXB) GPU/0-4d000 (6/12.5/PHB) GPU/0-48000 (6/12.5/PHB) GPU/0-8e000 (7/10.0/SYS) GPU/0-89000 (7/10.0/SYS) GPU/0-b3000 (7/10.0/SYS) GPU/0-ad000 (7/10.0/SYS) CPU/0-0 (3/12.5/PHB) CPU/0-1 (4/10.0/SYS) NET/0-5 (5/12.5/PHB) NET/0-6 (0/5000.0/LOC) NET/0-7 (6/12.5/PHB) NET/0-8 (7/10.0/SYS) NET/0-9 (7/10.0/SYS) 
x08j03290:58219:60306 [6] NCCL INFO NVLS multicast support is not available on dev 6
x08j03290:58213:60304 [2] NCCL INFO NET/0-7 :GPU/0-13000 (6/12.5/PHB) GPU/0-19000 (6/12.5/PHB) GPU/0-4d000 (4/12.5/PXB) GPU/0-48000 (4/12.5/PXB) GPU/0-8e000 (7/10.0/SYS) GPU/0-89000 (7/10.0/SYS) GPU/0-b3000 (7/10.0/SYS) GPU/0-ad000 (7/10.0/SYS) CPU/0-0 (3/12.5/PHB) CPU/0-1 (4/10.0/SYS) NET/0-5 (5/12.5/PHB) NET/0-6 (6/12.5/PHB) NET/0-7 (0/5000.0/LOC) NET/0-8 (7/10.0/SYS) NET/0-9 (7/10.0/SYS) 
x08j03290:58213:60304 [2] NCCL INFO NET/0-8 :GPU/0-13000 (7/10.0/SYS) GPU/0-19000 (7/10.0/SYS) GPU/0-4d000 (7/10.0/SYS) GPU/0-48000 (7/10.0/SYS) GPU/0-8e000 (4/12.5/PXB) GPU/0-89000 (4/12.5/PXB) GPU/0-b3000 (6/12.5/PHB) GPU/0-ad000 (6/12.5/PHB) CPU/0-0 (4/10.0/SYS) CPU/0-1 (3/12.5/PHB) NET/0-5 (6/10.0/SYS) NET/0-6 (7/10.0/SYS) NET/0-7 (7/10.0/SYS) NET/0-8 (0/5000.0/LOC) NET/0-9 (6/12.5/PHB) 
x08j03290:58213:60304 [2] NCCL INFO NET/0-9 :GPU/0-13000 (7/10.0/SYS) GPU/0-19000 (7/10.0/SYS) GPU/0-4d000 (7/10.0/SYS) GPU/0-48000 (7/10.0/SYS) GPU/0-8e000 (6/12.5/PHB) GPU/0-89000 (6/12.5/PHB) GPU/0-b3000 (4/12.5/PXB) GPU/0-ad000 (4/12.5/PXB) CPU/0-0 (4/10.0/SYS) CPU/0-1 (3/12.5/PHB) NET/0-5 (6/10.0/SYS) NET/0-6 (7/10.0/SYS) NET/0-7 (7/10.0/SYS) NET/0-8 (6/12.5/PHB) NET/0-9 (0/5000.0/LOC) 
x08j03290:58213:60304 [2] NCCL INFO Setting affinity for GPU 2 to ffffffff,00000000,ffffffff
x08j03290:58213:60304 [2] NCCL INFO NVLS multicast support is not available on dev 2
x08j03289:87141:89163 [2] NCCL INFO GPU Direct RDMA Enabled for GPU 0 / HCA 6 (distance 4 <= 4), read 0
x08j03289:87141:89163 [2] NCCL INFO GPU Direct RDMA Enabled for GPU 1 / HCA 6 (distance 4 <= 4), read 0
x08j03289:87141:89163 [2] NCCL INFO GPU Direct RDMA Enabled for GPU 3 / HCA 6 (distance 4 <= 4), read 0
x08j03289:87141:89163 [2] NCCL INFO GPU Direct RDMA Enabled for GPU 2 / HCA 6 (distance 4 <= 4), read 0
x08j03289:87141:89163 [2] NCCL INFO GPU Direct RDMA Enabled for GPU 5 / HCA 6 (distance 4 <= 4), read 0
x08j03289:87141:89163 [2] NCCL INFO GPU Direct RDMA Enabled for GPU 4 / HCA 6 (distance 4 <= 4), read 0
x08j03289:87141:89163 [2] NCCL INFO GPU Direct RDMA Enabled for GPU 7 / HCA 6 (distance 4 <= 4), read 0
x08j03289:87139:89038 [0] NCCL INFO GPU Direct RDMA Enabled for GPU 0 / HCA 6 (distance 4 <= 4), read 0
x08j03289:87139:89038 [0] NCCL INFO GPU Direct RDMA Enabled for GPU 1 / HCA 6 (distance 4 <= 4), read 0
x08j03289:87139:89038 [0] NCCL INFO GPU Direct RDMA Enabled for GPU 3 / HCA 6 (distance 4 <= 4), read 0
x08j03289:87139:89038 [0] NCCL INFO GPU Direct RDMA Enabled for GPU 2 / HCA 6 (distance 4 <= 4), read 0
x08j03289:87139:89038 [0] NCCL INFO GPU Direct RDMA Enabled for GPU 5 / HCA 6 (distance 4 <= 4), read 0
x08j03289:87139:89038 [0] NCCL INFO GPU Direct RDMA Enabled for GPU 4 / HCA 6 (distance 4 <= 4), read 0
x08j03289:87139:89038 [0] NCCL INFO GPU Direct RDMA Enabled for GPU 7 / HCA 6 (distance 4 <= 4), read 0
x08j03289:87141:89163 [2] NCCL INFO GPU Direct RDMA Enabled for GPU 6 / HCA 6 (distance 4 <= 4), read 0
x08j03289:87141:89163 [2] NCCL INFO GPU Direct RDMA Enabled for GPU 0 / HCA 7 (distance 4 <= 4), read 0
x08j03289:87141:89163 [2] NCCL INFO GPU Direct RDMA Enabled for GPU 1 / HCA 7 (distance 4 <= 4), read 0
x08j03289:87141:89163 [2] NCCL INFO GPU Direct RDMA Enabled for GPU 3 / HCA 7 (distance 4 <= 4), read 0
x08j03289:87141:89163 [2] NCCL INFO GPU Direct RDMA Enabled for GPU 2 / HCA 7 (distance 4 <= 4), read 0
x08j03289:87141:89163 [2] NCCL INFO GPU Direct RDMA Enabled for GPU 5 / HCA 7 (distance 4 <= 4), read 0
x08j03289:87141:89163 [2] NCCL INFO GPU Direct RDMA Enabled for GPU 4 / HCA 7 (distance 4 <= 4), read 0
x08j03289:87141:89163 [2] NCCL INFO GPU Direct RDMA Enabled for GPU 7 / HCA 7 (distance 4 <= 4), read 0
x08j03289:87139:89038 [0] NCCL INFO GPU Direct RDMA Enabled for GPU 6 / HCA 6 (distance 4 <= 4), read 0
x08j03289:87139:89038 [0] NCCL INFO GPU Direct RDMA Enabled for GPU 0 / HCA 7 (distance 4 <= 4), read 0
x08j03289:87139:89038 [0] NCCL INFO GPU Direct RDMA Enabled for GPU 1 / HCA 7 (distance 4 <= 4), read 0
x08j03289:87139:89038 [0] NCCL INFO GPU Direct RDMA Enabled for GPU 3 / HCA 7 (distance 4 <= 4), read 0
x08j03289:87139:89038 [0] NCCL INFO GPU Direct RDMA Enabled for GPU 2 / HCA 7 (distance 4 <= 4), read 0
x08j03289:87139:89038 [0] NCCL INFO GPU Direct RDMA Enabled for GPU 5 / HCA 7 (distance 4 <= 4), read 0
x08j03289:87139:89038 [0] NCCL INFO GPU Direct RDMA Enabled for GPU 4 / HCA 7 (distance 4 <= 4), read 0
x08j03289:87139:89038 [0] NCCL INFO GPU Direct RDMA Enabled for GPU 7 / HCA 7 (distance 4 <= 4), read 0
x08j03289:87141:89163 [2] NCCL INFO GPU Direct RDMA Enabled for GPU 6 / HCA 7 (distance 4 <= 4), read 0
x08j03289:87141:89163 [2] NCCL INFO GPU Direct RDMA Enabled for GPU 0 / HCA 8 (distance 4 <= 4), read 0
x08j03289:87141:89163 [2] NCCL INFO GPU Direct RDMA Enabled for GPU 1 / HCA 8 (distance 4 <= 4), read 0
x08j03289:87141:89163 [2] NCCL INFO GPU Direct RDMA Enabled for GPU 3 / HCA 8 (distance 4 <= 4), read 0
x08j03289:87141:89163 [2] NCCL INFO GPU Direct RDMA Enabled for GPU 2 / HCA 8 (distance 4 <= 4), read 0
x08j03289:87141:89163 [2] NCCL INFO GPU Direct RDMA Enabled for GPU 5 / HCA 8 (distance 4 <= 4), read 0
x08j03289:87141:89163 [2] NCCL INFO GPU Direct RDMA Enabled for GPU 4 / HCA 8 (distance 4 <= 4), read 0
x08j03289:87141:89163 [2] NCCL INFO GPU Direct RDMA Enabled for GPU 7 / HCA 8 (distance 4 <= 4), read 0
x08j03289:87141:89163 [2] NCCL INFO GPU Direct RDMA Enabled for GPU 6 / HCA 8 (distance 4 <= 4), read 0
x08j03289:87146:89012 [6] NCCL INFO GPU Direct RDMA Enabled for GPU 0 / HCA 6 (distance 4 <= 4), read 0
x08j03289:87146:89012 [6] NCCL INFO GPU Direct RDMA Enabled for GPU 1 / HCA 6 (distance 4 <= 4), read 0
x08j03289:87146:89012 [6] NCCL INFO GPU Direct RDMA Enabled for GPU 3 / HCA 6 (distance 4 <= 4), read 0
x08j03289:87146:89012 [6] NCCL INFO GPU Direct RDMA Enabled for GPU 2 / HCA 6 (distance 4 <= 4), read 0
x08j03289:87146:89012 [6] NCCL INFO GPU Direct RDMA Enabled for GPU 5 / HCA 6 (distance 4 <= 4), read 0
x08j03289:87146:89012 [6] NCCL INFO GPU Direct RDMA Enabled for GPU 4 / HCA 6 (distance 4 <= 4), read 0
x08j03289:87146:89012 [6] NCCL INFO GPU Direct RDMA Enabled for GPU 7 / HCA 6 (distance 4 <= 4), read 0
x08j03289:87146:89012 [6] NCCL INFO GPU Direct RDMA Enabled for GPU 6 / HCA 6 (distance 4 <= 4), read 0
x08j03289:87139:89038 [0] NCCL INFO GPU Direct RDMA Enabled for GPU 6 / HCA 7 (distance 4 <= 4), read 0
x08j03289:87139:89038 [0] NCCL INFO GPU Direct RDMA Enabled for GPU 0 / HCA 8 (distance 4 <= 4), read 0
x08j03289:87139:89038 [0] NCCL INFO GPU Direct RDMA Enabled for GPU 1 / HCA 8 (distance 4 <= 4), read 0
x08j03289:87139:89038 [0] NCCL INFO GPU Direct RDMA Enabled for GPU 3 / HCA 8 (distance 4 <= 4), read 0
x08j03289:87139:89038 [0] NCCL INFO GPU Direct RDMA Enabled for GPU 2 / HCA 8 (distance 4 <= 4), read 0
x08j03289:87139:89038 [0] NCCL INFO GPU Direct RDMA Enabled for GPU 5 / HCA 8 (distance 4 <= 4), read 0
x08j03289:87139:89038 [0] NCCL INFO GPU Direct RDMA Enabled for GPU 4 / HCA 8 (distance 4 <= 4), read 0
x08j03289:87139:89038 [0] NCCL INFO GPU Direct RDMA Enabled for GPU 7 / HCA 8 (distance 4 <= 4), read 0
x08j03289:87139:89038 [0] NCCL INFO GPU Direct RDMA Enabled for GPU 6 / HCA 8 (distance 4 <= 4), read 0
x08j03289:87141:89163 [2] NCCL INFO GPU Direct RDMA Enabled for GPU 0 / HCA 9 (distance 4 <= 4), read 0
x08j03289:87141:89163 [2] NCCL INFO GPU Direct RDMA Enabled for GPU 1 / HCA 9 (distance 4 <= 4), read 0
x08j03289:87141:89163 [2] NCCL INFO GPU Direct RDMA Enabled for GPU 3 / HCA 9 (distance 4 <= 4), read 0
x08j03289:87141:89163 [2] NCCL INFO GPU Direct RDMA Enabled for GPU 2 / HCA 9 (distance 4 <= 4), read 0
x08j03289:87141:89163 [2] NCCL INFO GPU Direct RDMA Enabled for GPU 5 / HCA 9 (distance 4 <= 4), read 0
x08j03289:87141:89163 [2] NCCL INFO GPU Direct RDMA Enabled for GPU 4 / HCA 9 (distance 4 <= 4), read 0
x08j03289:87141:89163 [2] NCCL INFO GPU Direct RDMA Enabled for GPU 7 / HCA 9 (distance 4 <= 4), read 0
x08j03289:87141:89163 [2] NCCL INFO GPU Direct RDMA Enabled for GPU 6 / HCA 9 (distance 4 <= 4), read 0
x08j03289:87139:89038 [0] NCCL INFO GPU Direct RDMA Enabled for GPU 0 / HCA 9 (distance 4 <= 4), read 0
x08j03289:87139:89038 [0] NCCL INFO GPU Direct RDMA Enabled for GPU 1 / HCA 9 (distance 4 <= 4), read 0
x08j03289:87139:89038 [0] NCCL INFO GPU Direct RDMA Enabled for GPU 3 / HCA 9 (distance 4 <= 4), read 0
x08j03289:87139:89038 [0] NCCL INFO GPU Direct RDMA Enabled for GPU 2 / HCA 9 (distance 4 <= 4), read 0
x08j03289:87139:89038 [0] NCCL INFO GPU Direct RDMA Enabled for GPU 5 / HCA 9 (distance 4 <= 4), read 0
x08j03289:87143:89046 [4] NCCL INFO GPU Direct RDMA Enabled for GPU 0 / HCA 6 (distance 4 <= 4), read 0
x08j03289:87143:89046 [4] NCCL INFO GPU Direct RDMA Enabled for GPU 1 / HCA 6 (distance 4 <= 4), read 0
x08j03289:87143:89046 [4] NCCL INFO GPU Direct RDMA Enabled for GPU 3 / HCA 6 (distance 4 <= 4), read 0
x08j03289:87143:89046 [4] NCCL INFO GPU Direct RDMA Enabled for GPU 2 / HCA 6 (distance 4 <= 4), read 0
x08j03289:87143:89046 [4] NCCL INFO GPU Direct RDMA Enabled for GPU 5 / HCA 6 (distance 4 <= 4), read 0
x08j03289:87143:89046 [4] NCCL INFO GPU Direct RDMA Enabled for GPU 4 / HCA 6 (distance 4 <= 4), read 0
x08j03289:87143:89046 [4] NCCL INFO GPU Direct RDMA Enabled for GPU 7 / HCA 6 (distance 4 <= 4), read 0
x08j03289:87143:89046 [4] NCCL INFO GPU Direct RDMA Enabled for GPU 6 / HCA 6 (distance 4 <= 4), read 0
x08j03289:87146:89012 [6] NCCL INFO GPU Direct RDMA Enabled for GPU 0 / HCA 7 (distance 4 <= 4), read 0
x08j03289:87146:89012 [6] NCCL INFO GPU Direct RDMA Enabled for GPU 1 / HCA 7 (distance 4 <= 4), read 0
x08j03289:87146:89012 [6] NCCL INFO GPU Direct RDMA Enabled for GPU 3 / HCA 7 (distance 4 <= 4), read 0
x08j03289:87146:89012 [6] NCCL INFO GPU Direct RDMA Enabled for GPU 2 / HCA 7 (distance 4 <= 4), read 0
x08j03289:87146:89012 [6] NCCL INFO GPU Direct RDMA Enabled for GPU 5 / HCA 7 (distance 4 <= 4), read 0
x08j03289:87146:89012 [6] NCCL INFO GPU Direct RDMA Enabled for GPU 4 / HCA 7 (distance 4 <= 4), read 0
x08j03289:87146:89012 [6] NCCL INFO GPU Direct RDMA Enabled for GPU 7 / HCA 7 (distance 4 <= 4), read 0
x08j03289:87146:89012 [6] NCCL INFO GPU Direct RDMA Enabled for GPU 6 / HCA 7 (distance 4 <= 4), read 0
x08j03289:87146:89012 [6] NCCL INFO GPU Direct RDMA Enabled for GPU 0 / HCA 8 (distance 4 <= 4), read 0
x08j03289:87146:89012 [6] NCCL INFO GPU Direct RDMA Enabled for GPU 1 / HCA 8 (distance 4 <= 4), read 0
x08j03289:87146:89012 [6] NCCL INFO GPU Direct RDMA Enabled for GPU 3 / HCA 8 (distance 4 <= 4), read 0
x08j03289:87146:89012 [6] NCCL INFO GPU Direct RDMA Enabled for GPU 2 / HCA 8 (distance 4 <= 4), read 0
x08j03289:87139:89038 [0] NCCL INFO GPU Direct RDMA Enabled for GPU 4 / HCA 9 (distance 4 <= 4), read 0
x08j03289:87139:89038 [0] NCCL INFO GPU Direct RDMA Enabled for GPU 7 / HCA 9 (distance 4 <= 4), read 0
x08j03289:87139:89038 [0] NCCL INFO GPU Direct RDMA Enabled for GPU 6 / HCA 9 (distance 4 <= 4), read 0
x08j03289:87143:89046 [4] NCCL INFO GPU Direct RDMA Enabled for GPU 0 / HCA 7 (distance 4 <= 4), read 0
x08j03289:87143:89046 [4] NCCL INFO GPU Direct RDMA Enabled for GPU 1 / HCA 7 (distance 4 <= 4), read 0
x08j03289:87143:89046 [4] NCCL INFO GPU Direct RDMA Enabled for GPU 3 / HCA 7 (distance 4 <= 4), read 0
x08j03289:87143:89046 [4] NCCL INFO GPU Direct RDMA Enabled for GPU 2 / HCA 7 (distance 4 <= 4), read 0
x08j03289:87143:89046 [4] NCCL INFO GPU Direct RDMA Enabled for GPU 5 / HCA 7 (distance 4 <= 4), read 0
x08j03289:87143:89046 [4] NCCL INFO GPU Direct RDMA Enabled for GPU 4 / HCA 7 (distance 4 <= 4), read 0
x08j03289:87143:89046 [4] NCCL INFO GPU Direct RDMA Enabled for GPU 7 / HCA 7 (distance 4 <= 4), read 0
x08j03289:87143:89046 [4] NCCL INFO GPU Direct RDMA Enabled for GPU 6 / HCA 7 (distance 4 <= 4), read 0
x08j03289:87143:89046 [4] NCCL INFO GPU Direct RDMA Enabled for GPU 0 / HCA 8 (distance 4 <= 4), read 0
x08j03289:87146:89012 [6] NCCL INFO GPU Direct RDMA Enabled for GPU 5 / HCA 8 (distance 4 <= 4), read 0
x08j03289:87146:89012 [6] NCCL INFO GPU Direct RDMA Enabled for GPU 4 / HCA 8 (distance 4 <= 4), read 0
x08j03289:87146:89012 [6] NCCL INFO GPU Direct RDMA Enabled for GPU 7 / HCA 8 (distance 4 <= 4), read 0
x08j03289:87146:89012 [6] NCCL INFO GPU Direct RDMA Enabled for GPU 6 / HCA 8 (distance 4 <= 4), read 0
x08j03289:87146:89012 [6] NCCL INFO GPU Direct RDMA Enabled for GPU 0 / HCA 9 (distance 4 <= 4), read 0
x08j03289:87146:89012 [6] NCCL INFO GPU Direct RDMA Enabled for GPU 1 / HCA 9 (distance 4 <= 4), read 0
x08j03289:87146:89012 [6] NCCL INFO GPU Direct RDMA Enabled for GPU 3 / HCA 9 (distance 4 <= 4), read 0
x08j03289:87146:89012 [6] NCCL INFO GPU Direct RDMA Enabled for GPU 2 / HCA 9 (distance 4 <= 4), read 0
x08j03289:87146:89012 [6] NCCL INFO GPU Direct RDMA Enabled for GPU 5 / HCA 9 (distance 4 <= 4), read 0
x08j03289:87146:89012 [6] NCCL INFO GPU Direct RDMA Enabled for GPU 4 / HCA 9 (distance 4 <= 4), read 0
x08j03289:87146:89012 [6] NCCL INFO GPU Direct RDMA Enabled for GPU 7 / HCA 9 (distance 4 <= 4), read 0
x08j03289:87148:89061 [7] NCCL INFO GPU Direct RDMA Enabled for GPU 0 / HCA 6 (distance 4 <= 4), read 0
x08j03289:87148:89061 [7] NCCL INFO GPU Direct RDMA Enabled for GPU 1 / HCA 6 (distance 4 <= 4), read 0
x08j03289:87148:89061 [7] NCCL INFO GPU Direct RDMA Enabled for GPU 3 / HCA 6 (distance 4 <= 4), read 0
x08j03289:87148:89061 [7] NCCL INFO GPU Direct RDMA Enabled for GPU 2 / HCA 6 (distance 4 <= 4), read 0
x08j03289:87148:89061 [7] NCCL INFO GPU Direct RDMA Enabled for GPU 5 / HCA 6 (distance 4 <= 4), read 0
x08j03289:87148:89061 [7] NCCL INFO GPU Direct RDMA Enabled for GPU 4 / HCA 6 (distance 4 <= 4), read 0
x08j03289:87148:89061 [7] NCCL INFO GPU Direct RDMA Enabled for GPU 7 / HCA 6 (distance 4 <= 4), read 0
x08j03289:87148:89061 [7] NCCL INFO GPU Direct RDMA Enabled for GPU 6 / HCA 6 (distance 4 <= 4), read 0
x08j03289:87148:89061 [7] NCCL INFO GPU Direct RDMA Enabled for GPU 0 / HCA 7 (distance 4 <= 4), read 0
x08j03289:87148:89061 [7] NCCL INFO GPU Direct RDMA Enabled for GPU 1 / HCA 7 (distance 4 <= 4), read 0
x08j03289:87148:89061 [7] NCCL INFO GPU Direct RDMA Enabled for GPU 3 / HCA 7 (distance 4 <= 4), read 0
x08j03289:87140:89008 [1] NCCL INFO GPU Direct RDMA Enabled for GPU 0 / HCA 6 (distance 4 <= 4), read 0
x08j03289:87140:89008 [1] NCCL INFO GPU Direct RDMA Enabled for GPU 1 / HCA 6 (distance 4 <= 4), read 0
x08j03289:87140:89008 [1] NCCL INFO GPU Direct RDMA Enabled for GPU 3 / HCA 6 (distance 4 <= 4), read 0
x08j03289:87140:89008 [1] NCCL INFO GPU Direct RDMA Enabled for GPU 2 / HCA 6 (distance 4 <= 4), read 0
x08j03289:87143:89046 [4] NCCL INFO GPU Direct RDMA Enabled for GPU 1 / HCA 8 (distance 4 <= 4), read 0
x08j03289:87143:89046 [4] NCCL INFO GPU Direct RDMA Enabled for GPU 3 / HCA 8 (distance 4 <= 4), read 0
x08j03289:87143:89046 [4] NCCL INFO GPU Direct RDMA Enabled for GPU 2 / HCA 8 (distance 4 <= 4), read 0
x08j03289:87143:89046 [4] NCCL INFO GPU Direct RDMA Enabled for GPU 5 / HCA 8 (distance 4 <= 4), read 0
x08j03289:87143:89046 [4] NCCL INFO GPU Direct RDMA Enabled for GPU 4 / HCA 8 (distance 4 <= 4), read 0
x08j03289:87143:89046 [4] NCCL INFO GPU Direct RDMA Enabled for GPU 7 / HCA 8 (distance 4 <= 4), read 0
x08j03289:87143:89046 [4] NCCL INFO GPU Direct RDMA Enabled for GPU 6 / HCA 8 (distance 4 <= 4), read 0
x08j03289:87143:89046 [4] NCCL INFO GPU Direct RDMA Enabled for GPU 0 / HCA 9 (distance 4 <= 4), read 0
x08j03289:87143:89046 [4] NCCL INFO GPU Direct RDMA Enabled for GPU 1 / HCA 9 (distance 4 <= 4), read 0
x08j03289:87144:89164 [5] NCCL INFO GPU Direct RDMA Enabled for GPU 0 / HCA 6 (distance 4 <= 4), read 0
x08j03289:87144:89164 [5] NCCL INFO GPU Direct RDMA Enabled for GPU 1 / HCA 6 (distance 4 <= 4), read 0
x08j03289:87144:89164 [5] NCCL INFO GPU Direct RDMA Enabled for GPU 3 / HCA 6 (distance 4 <= 4), read 0
x08j03289:87144:89164 [5] NCCL INFO GPU Direct RDMA Enabled for GPU 2 / HCA 6 (distance 4 <= 4), read 0
x08j03289:87144:89164 [5] NCCL INFO GPU Direct RDMA Enabled for GPU 5 / HCA 6 (distance 4 <= 4), read 0
x08j03289:87144:89164 [5] NCCL INFO GPU Direct RDMA Enabled for GPU 4 / HCA 6 (distance 4 <= 4), read 0
x08j03289:87144:89164 [5] NCCL INFO GPU Direct RDMA Enabled for GPU 7 / HCA 6 (distance 4 <= 4), read 0
x08j03289:87144:89164 [5] NCCL INFO GPU Direct RDMA Enabled for GPU 6 / HCA 6 (distance 4 <= 4), read 0
x08j03289:87144:89164 [5] NCCL INFO GPU Direct RDMA Enabled for GPU 0 / HCA 7 (distance 4 <= 4), read 0
x08j03289:87144:89164 [5] NCCL INFO GPU Direct RDMA Enabled for GPU 1 / HCA 7 (distance 4 <= 4), read 0
x08j03289:87144:89164 [5] NCCL INFO GPU Direct RDMA Enabled for GPU 3 / HCA 7 (distance 4 <= 4), read 0
x08j03289:87144:89164 [5] NCCL INFO GPU Direct RDMA Enabled for GPU 2 / HCA 7 (distance 4 <= 4), read 0
x08j03289:87144:89164 [5] NCCL INFO GPU Direct RDMA Enabled for GPU 5 / HCA 7 (distance 4 <= 4), read 0
x08j03289:87146:89012 [6] NCCL INFO GPU Direct RDMA Enabled for GPU 6 / HCA 9 (distance 4 <= 4), read 0
x08j03289:87144:89164 [5] NCCL INFO GPU Direct RDMA Enabled for GPU 4 / HCA 7 (distance 4 <= 4), read 0
x08j03289:87144:89164 [5] NCCL INFO GPU Direct RDMA Enabled for GPU 7 / HCA 7 (distance 4 <= 4), read 0
x08j03289:87142:89027 [3] NCCL INFO GPU Direct RDMA Enabled for GPU 0 / HCA 6 (distance 4 <= 4), read 0
x08j03289:87142:89027 [3] NCCL INFO GPU Direct RDMA Enabled for GPU 1 / HCA 6 (distance 4 <= 4), read 0
x08j03289:87142:89027 [3] NCCL INFO GPU Direct RDMA Enabled for GPU 3 / HCA 6 (distance 4 <= 4), read 0
x08j03289:87142:89027 [3] NCCL INFO GPU Direct RDMA Enabled for GPU 2 / HCA 6 (distance 4 <= 4), read 0
x08j03289:87142:89027 [3] NCCL INFO GPU Direct RDMA Enabled for GPU 5 / HCA 6 (distance 4 <= 4), read 0
x08j03289:87142:89027 [3] NCCL INFO GPU Direct RDMA Enabled for GPU 4 / HCA 6 (distance 4 <= 4), read 0
x08j03289:87142:89027 [3] NCCL INFO GPU Direct RDMA Enabled for GPU 7 / HCA 6 (distance 4 <= 4), read 0
x08j03289:87148:89061 [7] NCCL INFO GPU Direct RDMA Enabled for GPU 2 / HCA 7 (distance 4 <= 4), read 0
x08j03289:87148:89061 [7] NCCL INFO GPU Direct RDMA Enabled for GPU 5 / HCA 7 (distance 4 <= 4), read 0
x08j03289:87148:89061 [7] NCCL INFO GPU Direct RDMA Enabled for GPU 4 / HCA 7 (distance 4 <= 4), read 0
x08j03289:87148:89061 [7] NCCL INFO GPU Direct RDMA Enabled for GPU 7 / HCA 7 (distance 4 <= 4), read 0
x08j03289:87148:89061 [7] NCCL INFO GPU Direct RDMA Enabled for GPU 6 / HCA 7 (distance 4 <= 4), read 0
x08j03289:87148:89061 [7] NCCL INFO GPU Direct RDMA Enabled for GPU 0 / HCA 8 (distance 4 <= 4), read 0
x08j03289:87148:89061 [7] NCCL INFO GPU Direct RDMA Enabled for GPU 1 / HCA 8 (distance 4 <= 4), read 0
x08j03289:87148:89061 [7] NCCL INFO GPU Direct RDMA Enabled for GPU 3 / HCA 8 (distance 4 <= 4), read 0
x08j03289:87140:89008 [1] NCCL INFO GPU Direct RDMA Enabled for GPU 5 / HCA 6 (distance 4 <= 4), read 0
x08j03289:87140:89008 [1] NCCL INFO GPU Direct RDMA Enabled for GPU 4 / HCA 6 (distance 4 <= 4), read 0
x08j03289:87140:89008 [1] NCCL INFO GPU Direct RDMA Enabled for GPU 7 / HCA 6 (distance 4 <= 4), read 0
x08j03289:87140:89008 [1] NCCL INFO GPU Direct RDMA Enabled for GPU 6 / HCA 6 (distance 4 <= 4), read 0
x08j03289:87140:89008 [1] NCCL INFO GPU Direct RDMA Enabled for GPU 0 / HCA 7 (distance 4 <= 4), read 0
x08j03289:87140:89008 [1] NCCL INFO GPU Direct RDMA Enabled for GPU 1 / HCA 7 (distance 4 <= 4), read 0
x08j03289:87140:89008 [1] NCCL INFO GPU Direct RDMA Enabled for GPU 3 / HCA 7 (distance 4 <= 4), read 0
x08j03289:87140:89008 [1] NCCL INFO GPU Direct RDMA Enabled for GPU 2 / HCA 7 (distance 4 <= 4), read 0
x08j03289:87140:89008 [1] NCCL INFO GPU Direct RDMA Enabled for GPU 5 / HCA 7 (distance 4 <= 4), read 0
x08j03289:87143:89046 [4] NCCL INFO GPU Direct RDMA Enabled for GPU 3 / HCA 9 (distance 4 <= 4), read 0
x08j03289:87143:89046 [4] NCCL INFO GPU Direct RDMA Enabled for GPU 2 / HCA 9 (distance 4 <= 4), read 0
x08j03289:87143:89046 [4] NCCL INFO GPU Direct RDMA Enabled for GPU 5 / HCA 9 (distance 4 <= 4), read 0
x08j03289:87143:89046 [4] NCCL INFO GPU Direct RDMA Enabled for GPU 4 / HCA 9 (distance 4 <= 4), read 0
x08j03289:87143:89046 [4] NCCL INFO GPU Direct RDMA Enabled for GPU 7 / HCA 9 (distance 4 <= 4), read 0
x08j03289:87143:89046 [4] NCCL INFO GPU Direct RDMA Enabled for GPU 6 / HCA 9 (distance 4 <= 4), read 0
x08j03289:87144:89164 [5] NCCL INFO GPU Direct RDMA Enabled for GPU 6 / HCA 7 (distance 4 <= 4), read 0
x08j03289:87144:89164 [5] NCCL INFO GPU Direct RDMA Enabled for GPU 0 / HCA 8 (distance 4 <= 4), read 0
x08j03289:87144:89164 [5] NCCL INFO GPU Direct RDMA Enabled for GPU 1 / HCA 8 (distance 4 <= 4), read 0
x08j03289:87144:89164 [5] NCCL INFO GPU Direct RDMA Enabled for GPU 3 / HCA 8 (distance 4 <= 4), read 0
x08j03289:87144:89164 [5] NCCL INFO GPU Direct RDMA Enabled for GPU 2 / HCA 8 (distance 4 <= 4), read 0
x08j03289:87144:89164 [5] NCCL INFO GPU Direct RDMA Enabled for GPU 5 / HCA 8 (distance 4 <= 4), read 0
x08j03289:87142:89027 [3] NCCL INFO GPU Direct RDMA Enabled for GPU 6 / HCA 6 (distance 4 <= 4), read 0
x08j03289:87142:89027 [3] NCCL INFO GPU Direct RDMA Enabled for GPU 0 / HCA 7 (distance 4 <= 4), read 0
x08j03289:87142:89027 [3] NCCL INFO GPU Direct RDMA Enabled for GPU 1 / HCA 7 (distance 4 <= 4), read 0
x08j03289:87142:89027 [3] NCCL INFO GPU Direct RDMA Enabled for GPU 3 / HCA 7 (distance 4 <= 4), read 0
x08j03289:87142:89027 [3] NCCL INFO GPU Direct RDMA Enabled for GPU 2 / HCA 7 (distance 4 <= 4), read 0
x08j03289:87142:89027 [3] NCCL INFO GPU Direct RDMA Enabled for GPU 5 / HCA 7 (distance 4 <= 4), read 0
x08j03289:87148:89061 [7] NCCL INFO GPU Direct RDMA Enabled for GPU 2 / HCA 8 (distance 4 <= 4), read 0
x08j03289:87148:89061 [7] NCCL INFO GPU Direct RDMA Enabled for GPU 5 / HCA 8 (distance 4 <= 4), read 0
x08j03289:87148:89061 [7] NCCL INFO GPU Direct RDMA Enabled for GPU 4 / HCA 8 (distance 4 <= 4), read 0
x08j03289:87148:89061 [7] NCCL INFO GPU Direct RDMA Enabled for GPU 7 / HCA 8 (distance 4 <= 4), read 0
x08j03289:87148:89061 [7] NCCL INFO GPU Direct RDMA Enabled for GPU 6 / HCA 8 (distance 4 <= 4), read 0
x08j03289:87148:89061 [7] NCCL INFO GPU Direct RDMA Enabled for GPU 0 / HCA 9 (distance 4 <= 4), read 0
x08j03289:87148:89061 [7] NCCL INFO GPU Direct RDMA Enabled for GPU 1 / HCA 9 (distance 4 <= 4), read 0
x08j03289:87140:89008 [1] NCCL INFO GPU Direct RDMA Enabled for GPU 4 / HCA 7 (distance 4 <= 4), read 0
x08j03289:87140:89008 [1] NCCL INFO GPU Direct RDMA Enabled for GPU 7 / HCA 7 (distance 4 <= 4), read 0
x08j03289:87140:89008 [1] NCCL INFO GPU Direct RDMA Enabled for GPU 6 / HCA 7 (distance 4 <= 4), read 0
x08j03289:87140:89008 [1] NCCL INFO GPU Direct RDMA Enabled for GPU 0 / HCA 8 (distance 4 <= 4), read 0
x08j03289:87140:89008 [1] NCCL INFO GPU Direct RDMA Enabled for GPU 1 / HCA 8 (distance 4 <= 4), read 0
x08j03289:87140:89008 [1] NCCL INFO GPU Direct RDMA Enabled for GPU 3 / HCA 8 (distance 4 <= 4), read 0
x08j03289:87140:89008 [1] NCCL INFO GPU Direct RDMA Enabled for GPU 2 / HCA 8 (distance 4 <= 4), read 0
x08j03289:87144:89164 [5] NCCL INFO GPU Direct RDMA Enabled for GPU 4 / HCA 8 (distance 4 <= 4), read 0
x08j03289:87144:89164 [5] NCCL INFO GPU Direct RDMA Enabled for GPU 7 / HCA 8 (distance 4 <= 4), read 0
x08j03289:87144:89164 [5] NCCL INFO GPU Direct RDMA Enabled for GPU 6 / HCA 8 (distance 4 <= 4), read 0
x08j03289:87144:89164 [5] NCCL INFO GPU Direct RDMA Enabled for GPU 0 / HCA 9 (distance 4 <= 4), read 0
x08j03289:87144:89164 [5] NCCL INFO GPU Direct RDMA Enabled for GPU 1 / HCA 9 (distance 4 <= 4), read 0
x08j03289:87142:89027 [3] NCCL INFO GPU Direct RDMA Enabled for GPU 4 / HCA 7 (distance 4 <= 4), read 0
x08j03289:87142:89027 [3] NCCL INFO GPU Direct RDMA Enabled for GPU 7 / HCA 7 (distance 4 <= 4), read 0
x08j03289:87142:89027 [3] NCCL INFO GPU Direct RDMA Enabled for GPU 6 / HCA 7 (distance 4 <= 4), read 0
x08j03289:87142:89027 [3] NCCL INFO GPU Direct RDMA Enabled for GPU 0 / HCA 8 (distance 4 <= 4), read 0
x08j03289:87142:89027 [3] NCCL INFO GPU Direct RDMA Enabled for GPU 1 / HCA 8 (distance 4 <= 4), read 0
x08j03289:87148:89061 [7] NCCL INFO GPU Direct RDMA Enabled for GPU 3 / HCA 9 (distance 4 <= 4), read 0
x08j03289:87148:89061 [7] NCCL INFO GPU Direct RDMA Enabled for GPU 2 / HCA 9 (distance 4 <= 4), read 0
x08j03289:87148:89061 [7] NCCL INFO GPU Direct RDMA Enabled for GPU 5 / HCA 9 (distance 4 <= 4), read 0
x08j03289:87148:89061 [7] NCCL INFO GPU Direct RDMA Enabled for GPU 4 / HCA 9 (distance 4 <= 4), read 0
x08j03289:87148:89061 [7] NCCL INFO GPU Direct RDMA Enabled for GPU 7 / HCA 9 (distance 4 <= 4), read 0
x08j03289:87140:89008 [1] NCCL INFO GPU Direct RDMA Enabled for GPU 5 / HCA 8 (distance 4 <= 4), read 0
x08j03289:87140:89008 [1] NCCL INFO GPU Direct RDMA Enabled for GPU 4 / HCA 8 (distance 4 <= 4), read 0
x08j03289:87140:89008 [1] NCCL INFO GPU Direct RDMA Enabled for GPU 7 / HCA 8 (distance 4 <= 4), read 0
x08j03289:87140:89008 [1] NCCL INFO GPU Direct RDMA Enabled for GPU 6 / HCA 8 (distance 4 <= 4), read 0
x08j03289:87148:89061 [7] NCCL INFO GPU Direct RDMA Enabled for GPU 6 / HCA 9 (distance 4 <= 4), read 0
x08j03289:87144:89164 [5] NCCL INFO GPU Direct RDMA Enabled for GPU 3 / HCA 9 (distance 4 <= 4), read 0
x08j03289:87144:89164 [5] NCCL INFO GPU Direct RDMA Enabled for GPU 2 / HCA 9 (distance 4 <= 4), read 0
x08j03289:87144:89164 [5] NCCL INFO GPU Direct RDMA Enabled for GPU 5 / HCA 9 (distance 4 <= 4), read 0
x08j03289:87144:89164 [5] NCCL INFO GPU Direct RDMA Enabled for GPU 4 / HCA 9 (distance 4 <= 4), read 0
x08j03289:87142:89027 [3] NCCL INFO GPU Direct RDMA Enabled for GPU 3 / HCA 8 (distance 4 <= 4), read 0
x08j03289:87142:89027 [3] NCCL INFO GPU Direct RDMA Enabled for GPU 2 / HCA 8 (distance 4 <= 4), read 0
x08j03289:87142:89027 [3] NCCL INFO GPU Direct RDMA Enabled for GPU 5 / HCA 8 (distance 4 <= 4), read 0
x08j03289:87142:89027 [3] NCCL INFO GPU Direct RDMA Enabled for GPU 4 / HCA 8 (distance 4 <= 4), read 0
x08j03289:87142:89027 [3] NCCL INFO GPU Direct RDMA Enabled for GPU 7 / HCA 8 (distance 4 <= 4), read 0
x08j03289:87140:89008 [1] NCCL INFO GPU Direct RDMA Enabled for GPU 0 / HCA 9 (distance 4 <= 4), read 0
x08j03289:87140:89008 [1] NCCL INFO GPU Direct RDMA Enabled for GPU 1 / HCA 9 (distance 4 <= 4), read 0
x08j03289:87140:89008 [1] NCCL INFO GPU Direct RDMA Enabled for GPU 3 / HCA 9 (distance 4 <= 4), read 0
x08j03289:87140:89008 [1] NCCL INFO GPU Direct RDMA Enabled for GPU 2 / HCA 9 (distance 4 <= 4), read 0
x08j03289:87142:89027 [3] NCCL INFO GPU Direct RDMA Enabled for GPU 6 / HCA 8 (distance 4 <= 4), read 0
x08j03289:87142:89027 [3] NCCL INFO GPU Direct RDMA Enabled for GPU 0 / HCA 9 (distance 4 <= 4), read 0
x08j03289:87142:89027 [3] NCCL INFO GPU Direct RDMA Enabled for GPU 1 / HCA 9 (distance 4 <= 4), read 0
x08j03289:87144:89164 [5] NCCL INFO GPU Direct RDMA Enabled for GPU 7 / HCA 9 (distance 4 <= 4), read 0
x08j03289:87144:89164 [5] NCCL INFO GPU Direct RDMA Enabled for GPU 6 / HCA 9 (distance 4 <= 4), read 0
x08j03289:87140:89008 [1] NCCL INFO GPU Direct RDMA Enabled for GPU 5 / HCA 9 (distance 4 <= 4), read 0
x08j03289:87140:89008 [1] NCCL INFO GPU Direct RDMA Enabled for GPU 4 / HCA 9 (distance 4 <= 4), read 0
x08j03289:87140:89008 [1] NCCL INFO GPU Direct RDMA Enabled for GPU 7 / HCA 9 (distance 4 <= 4), read 0
x08j03289:87140:89008 [1] NCCL INFO GPU Direct RDMA Enabled for GPU 6 / HCA 9 (distance 4 <= 4), read 0
x08j03289:87142:89027 [3] NCCL INFO GPU Direct RDMA Enabled for GPU 3 / HCA 9 (distance 4 <= 4), read 0
x08j03289:87142:89027 [3] NCCL INFO GPU Direct RDMA Enabled for GPU 2 / HCA 9 (distance 4 <= 4), read 0
x08j03289:87142:89027 [3] NCCL INFO GPU Direct RDMA Enabled for GPU 5 / HCA 9 (distance 4 <= 4), read 0
x08j03289:87142:89027 [3] NCCL INFO GPU Direct RDMA Enabled for GPU 4 / HCA 9 (distance 4 <= 4), read 0
x08j03289:87142:89027 [3] NCCL INFO GPU Direct RDMA Enabled for GPU 7 / HCA 9 (distance 4 <= 4), read 0
x08j03289:87142:89027 [3] NCCL INFO GPU Direct RDMA Enabled for GPU 6 / HCA 9 (distance 4 <= 4), read 0
x08j03289:87141:89163 [2] NCCL INFO GPU Direct RDMA Enabled for GPU 0 / HCA 6 (distance 4 <= 4), read 0
x08j03289:87141:89163 [2] NCCL INFO GPU Direct RDMA Enabled for GPU 1 / HCA 6 (distance 4 <= 4), read 0
x08j03289:87141:89163 [2] NCCL INFO GPU Direct RDMA Enabled for GPU 3 / HCA 6 (distance 4 <= 4), read 0
x08j03289:87141:89163 [2] NCCL INFO GPU Direct RDMA Enabled for GPU 2 / HCA 6 (distance 4 <= 4), read 0
x08j03289:87141:89163 [2] NCCL INFO GPU Direct RDMA Enabled for GPU 5 / HCA 6 (distance 4 <= 4), read 0
x08j03289:87141:89163 [2] NCCL INFO GPU Direct RDMA Enabled for GPU 4 / HCA 6 (distance 4 <= 4), read 0
x08j03289:87141:89163 [2] NCCL INFO GPU Direct RDMA Enabled for GPU 7 / HCA 6 (distance 4 <= 4), read 0
x08j03289:87141:89163 [2] NCCL INFO GPU Direct RDMA Enabled for GPU 6 / HCA 6 (distance 4 <= 4), read 0
x08j03289:87139:89038 [0] NCCL INFO GPU Direct RDMA Enabled for GPU 0 / HCA 6 (distance 4 <= 4), read 0
x08j03289:87139:89038 [0] NCCL INFO GPU Direct RDMA Enabled for GPU 1 / HCA 6 (distance 4 <= 4), read 0
x08j03289:87139:89038 [0] NCCL INFO GPU Direct RDMA Enabled for GPU 3 / HCA 6 (distance 4 <= 4), read 0
x08j03289:87139:89038 [0] NCCL INFO GPU Direct RDMA Enabled for GPU 2 / HCA 6 (distance 4 <= 4), read 0
x08j03289:87139:89038 [0] NCCL INFO GPU Direct RDMA Enabled for GPU 5 / HCA 6 (distance 4 <= 4), read 0
x08j03289:87139:89038 [0] NCCL INFO GPU Direct RDMA Enabled for GPU 4 / HCA 6 (distance 4 <= 4), read 0
x08j03289:87139:89038 [0] NCCL INFO GPU Direct RDMA Enabled for GPU 7 / HCA 6 (distance 4 <= 4), read 0
x08j03289:87141:89163 [2] NCCL INFO GPU Direct RDMA Enabled for GPU 0 / HCA 7 (distance 4 <= 4), read 0
x08j03289:87141:89163 [2] NCCL INFO GPU Direct RDMA Enabled for GPU 1 / HCA 7 (distance 4 <= 4), read 0
x08j03289:87141:89163 [2] NCCL INFO GPU Direct RDMA Enabled for GPU 3 / HCA 7 (distance 4 <= 4), read 0
x08j03289:87141:89163 [2] NCCL INFO GPU Direct RDMA Enabled for GPU 2 / HCA 7 (distance 4 <= 4), read 0
x08j03289:87141:89163 [2] NCCL INFO GPU Direct RDMA Enabled for GPU 5 / HCA 7 (distance 4 <= 4), read 0
x08j03289:87141:89163 [2] NCCL INFO GPU Direct RDMA Enabled for GPU 4 / HCA 7 (distance 4 <= 4), read 0
x08j03289:87141:89163 [2] NCCL INFO GPU Direct RDMA Enabled for GPU 7 / HCA 7 (distance 4 <= 4), read 0
x08j03289:87146:89012 [6] NCCL INFO GPU Direct RDMA Enabled for GPU 0 / HCA 6 (distance 4 <= 4), read 0
x08j03289:87146:89012 [6] NCCL INFO GPU Direct RDMA Enabled for GPU 1 / HCA 6 (distance 4 <= 4), read 0
x08j03289:87146:89012 [6] NCCL INFO GPU Direct RDMA Enabled for GPU 3 / HCA 6 (distance 4 <= 4), read 0
x08j03289:87139:89038 [0] NCCL INFO GPU Direct RDMA Enabled for GPU 6 / HCA 6 (distance 4 <= 4), read 0
x08j03289:87139:89038 [0] NCCL INFO GPU Direct RDMA Enabled for GPU 0 / HCA 7 (distance 4 <= 4), read 0
x08j03289:87139:89038 [0] NCCL INFO GPU Direct RDMA Enabled for GPU 1 / HCA 7 (distance 4 <= 4), read 0
x08j03289:87139:89038 [0] NCCL INFO GPU Direct RDMA Enabled for GPU 3 / HCA 7 (distance 4 <= 4), read 0
x08j03289:87139:89038 [0] NCCL INFO GPU Direct RDMA Enabled for GPU 2 / HCA 7 (distance 4 <= 4), read 0
x08j03289:87139:89038 [0] NCCL INFO GPU Direct RDMA Enabled for GPU 5 / HCA 7 (distance 4 <= 4), read 0
x08j03289:87139:89038 [0] NCCL INFO GPU Direct RDMA Enabled for GPU 4 / HCA 7 (distance 4 <= 4), read 0
x08j03289:87139:89038 [0] NCCL INFO GPU Direct RDMA Enabled for GPU 7 / HCA 7 (distance 4 <= 4), read 0
x08j03289:87141:89163 [2] NCCL INFO GPU Direct RDMA Enabled for GPU 6 / HCA 7 (distance 4 <= 4), read 0
x08j03289:87141:89163 [2] NCCL INFO GPU Direct RDMA Enabled for GPU 0 / HCA 8 (distance 4 <= 4), read 0
x08j03289:87141:89163 [2] NCCL INFO GPU Direct RDMA Enabled for GPU 1 / HCA 8 (distance 4 <= 4), read 0
x08j03289:87141:89163 [2] NCCL INFO GPU Direct RDMA Enabled for GPU 3 / HCA 8 (distance 4 <= 4), read 0
x08j03289:87141:89163 [2] NCCL INFO GPU Direct RDMA Enabled for GPU 2 / HCA 8 (distance 4 <= 4), read 0
x08j03289:87141:89163 [2] NCCL INFO GPU Direct RDMA Enabled for GPU 5 / HCA 8 (distance 4 <= 4), read 0
x08j03289:87141:89163 [2] NCCL INFO GPU Direct RDMA Enabled for GPU 4 / HCA 8 (distance 4 <= 4), read 0
x08j03289:87139:89038 [0] NCCL INFO GPU Direct RDMA Enabled for GPU 6 / HCA 7 (distance 4 <= 4), read 0
x08j03289:87139:89038 [0] NCCL INFO GPU Direct RDMA Enabled for GPU 0 / HCA 8 (distance 4 <= 4), read 0
x08j03289:87139:89038 [0] NCCL INFO GPU Direct RDMA Enabled for GPU 1 / HCA 8 (distance 4 <= 4), read 0
x08j03289:87139:89038 [0] NCCL INFO GPU Direct RDMA Enabled for GPU 3 / HCA 8 (distance 4 <= 4), read 0
x08j03289:87139:89038 [0] NCCL INFO GPU Direct RDMA Enabled for GPU 2 / HCA 8 (distance 4 <= 4), read 0
x08j03289:87146:89012 [6] NCCL INFO GPU Direct RDMA Enabled for GPU 2 / HCA 6 (distance 4 <= 4), read 0
x08j03289:87146:89012 [6] NCCL INFO GPU Direct RDMA Enabled for GPU 5 / HCA 6 (distance 4 <= 4), read 0
x08j03289:87146:89012 [6] NCCL INFO GPU Direct RDMA Enabled for GPU 4 / HCA 6 (distance 4 <= 4), read 0
x08j03289:87146:89012 [6] NCCL INFO GPU Direct RDMA Enabled for GPU 7 / HCA 6 (distance 4 <= 4), read 0
x08j03289:87146:89012 [6] NCCL INFO GPU Direct RDMA Enabled for GPU 6 / HCA 6 (distance 4 <= 4), read 0
x08j03289:87146:89012 [6] NCCL INFO GPU Direct RDMA Enabled for GPU 0 / HCA 7 (distance 4 <= 4), read 0
x08j03289:87146:89012 [6] NCCL INFO GPU Direct RDMA Enabled for GPU 1 / HCA 7 (distance 4 <= 4), read 0
x08j03289:87146:89012 [6] NCCL INFO GPU Direct RDMA Enabled for GPU 3 / HCA 7 (distance 4 <= 4), read 0
x08j03289:87141:89163 [2] NCCL INFO GPU Direct RDMA Enabled for GPU 7 / HCA 8 (distance 4 <= 4), read 0
x08j03289:87141:89163 [2] NCCL INFO GPU Direct RDMA Enabled for GPU 6 / HCA 8 (distance 4 <= 4), read 0
x08j03289:87141:89163 [2] NCCL INFO GPU Direct RDMA Enabled for GPU 0 / HCA 9 (distance 4 <= 4), read 0
x08j03289:87141:89163 [2] NCCL INFO GPU Direct RDMA Enabled for GPU 1 / HCA 9 (distance 4 <= 4), read 0
x08j03289:87141:89163 [2] NCCL INFO GPU Direct RDMA Enabled for GPU 3 / HCA 9 (distance 4 <= 4), read 0
x08j03289:87146:89012 [6] NCCL INFO GPU Direct RDMA Enabled for GPU 2 / HCA 7 (distance 4 <= 4), read 0
x08j03289:87146:89012 [6] NCCL INFO GPU Direct RDMA Enabled for GPU 5 / HCA 7 (distance 4 <= 4), read 0
x08j03289:87146:89012 [6] NCCL INFO GPU Direct RDMA Enabled for GPU 4 / HCA 7 (distance 4 <= 4), read 0
x08j03289:87146:89012 [6] NCCL INFO GPU Direct RDMA Enabled for GPU 7 / HCA 7 (distance 4 <= 4), read 0
x08j03289:87146:89012 [6] NCCL INFO GPU Direct RDMA Enabled for GPU 6 / HCA 7 (distance 4 <= 4), read 0
x08j03289:87146:89012 [6] NCCL INFO GPU Direct RDMA Enabled for GPU 0 / HCA 8 (distance 4 <= 4), read 0
x08j03289:87146:89012 [6] NCCL INFO GPU Direct RDMA Enabled for GPU 1 / HCA 8 (distance 4 <= 4), read 0
x08j03289:87146:89012 [6] NCCL INFO GPU Direct RDMA Enabled for GPU 3 / HCA 8 (distance 4 <= 4), read 0
x08j03289:87146:89012 [6] NCCL INFO GPU Direct RDMA Enabled for GPU 2 / HCA 8 (distance 4 <= 4), read 0
x08j03289:87139:89038 [0] NCCL INFO GPU Direct RDMA Enabled for GPU 5 / HCA 8 (distance 4 <= 4), read 0
x08j03289:87139:89038 [0] NCCL INFO GPU Direct RDMA Enabled for GPU 4 / HCA 8 (distance 4 <= 4), read 0
x08j03289:87139:89038 [0] NCCL INFO GPU Direct RDMA Enabled for GPU 7 / HCA 8 (distance 4 <= 4), read 0
x08j03289:87139:89038 [0] NCCL INFO GPU Direct RDMA Enabled for GPU 6 / HCA 8 (distance 4 <= 4), read 0
x08j03289:87139:89038 [0] NCCL INFO GPU Direct RDMA Enabled for GPU 0 / HCA 9 (distance 4 <= 4), read 0
x08j03289:87139:89038 [0] NCCL INFO GPU Direct RDMA Enabled for GPU 1 / HCA 9 (distance 4 <= 4), read 0
x08j03289:87139:89038 [0] NCCL INFO GPU Direct RDMA Enabled for GPU 3 / HCA 9 (distance 4 <= 4), read 0
x08j03289:87139:89038 [0] NCCL INFO GPU Direct RDMA Enabled for GPU 2 / HCA 9 (distance 4 <= 4), read 0
x08j03289:87139:89038 [0] NCCL INFO GPU Direct RDMA Enabled for GPU 5 / HCA 9 (distance 4 <= 4), read 0
x08j03289:87139:89038 [0] NCCL INFO GPU Direct RDMA Enabled for GPU 4 / HCA 9 (distance 4 <= 4), read 0
x08j03289:87139:89038 [0] NCCL INFO GPU Direct RDMA Enabled for GPU 7 / HCA 9 (distance 4 <= 4), read 0
x08j03289:87139:89038 [0] NCCL INFO GPU Direct RDMA Enabled for GPU 6 / HCA 9 (distance 4 <= 4), read 0
x08j03289:87141:89163 [2] NCCL INFO GPU Direct RDMA Enabled for GPU 2 / HCA 9 (distance 4 <= 4), read 0
x08j03289:87141:89163 [2] NCCL INFO GPU Direct RDMA Enabled for GPU 5 / HCA 9 (distance 4 <= 4), read 0
x08j03289:87141:89163 [2] NCCL INFO GPU Direct RDMA Enabled for GPU 4 / HCA 9 (distance 4 <= 4), read 0
x08j03289:87141:89163 [2] NCCL INFO GPU Direct RDMA Enabled for GPU 7 / HCA 9 (distance 4 <= 4), read 0
x08j03289:87141:89163 [2] NCCL INFO GPU Direct RDMA Enabled for GPU 6 / HCA 9 (distance 4 <= 4), read 0
x08j03289:87141:89163 [2] NCCL INFO === System : maxBw 12.5 totalBw 240.0 ===
x08j03289:87141:89163 [2] NCCL INFO CPU/0-0 (1/1/2)
x08j03289:87141:89163 [2] NCCL INFO + PCI[24.0] - NIC/0-6000
x08j03289:87141:89163 [2] NCCL INFO               + NET[12.5] - NET/0-5 (0/b83dd30003fd7010/1/12.500000)
x08j03289:87141:89163 [2] NCCL INFO + PCI[24.0] - PCI/0-c000 (1000c0101000ffff)
x08j03289:87141:89163 [2] NCCL INFO               + PCI[24.0] - PCI/0-11000 (1000c01010de13b8)
x08j03289:87139:89038 [0] NCCL INFO === System : maxBw 12.5 totalBw 240.0 ===
x08j03289:87139:89038 [0] NCCL INFO CPU/0-0 (1/1/2)
x08j03289:87139:89038 [0] NCCL INFO + PCI[24.0] - NIC/0-6000
x08j03289:87143:89046 [4] NCCL INFO GPU Direct RDMA Enabled for GPU 0 / HCA 6 (distance 4 <= 4), read 0
x08j03289:87143:89046 [4] NCCL INFO GPU Direct RDMA Enabled for GPU 1 / HCA 6 (distance 4 <= 4), read 0
x08j03289:87143:89046 [4] NCCL INFO GPU Direct RDMA Enabled for GPU 3 / HCA 6 (distance 4 <= 4), read 0
x08j03289:87143:89046 [4] NCCL INFO GPU Direct RDMA Enabled for GPU 2 / HCA 6 (distance 4 <= 4), read 0
x08j03289:87143:89046 [4] NCCL INFO GPU Direct RDMA Enabled for GPU 5 / HCA 6 (distance 4 <= 4), read 0
x08j03289:87143:89046 [4] NCCL INFO GPU Direct RDMA Enabled for GPU 4 / HCA 6 (distance 4 <= 4), read 0
x08j03289:87143:89046 [4] NCCL INFO GPU Direct RDMA Enabled for GPU 7 / HCA 6 (distance 4 <= 4), read 0
x08j03289:87143:89046 [4] NCCL INFO GPU Direct RDMA Enabled for GPU 6 / HCA 6 (distance 4 <= 4), read 0
x08j03289:87143:89046 [4] NCCL INFO GPU Direct RDMA Enabled for GPU 0 / HCA 7 (distance 4 <= 4), read 0
x08j03289:87143:89046 [4] NCCL INFO GPU Direct RDMA Enabled for GPU 1 / HCA 7 (distance 4 <= 4), read 0
x08j03289:87143:89046 [4] NCCL INFO GPU Direct RDMA Enabled for GPU 3 / HCA 7 (distance 4 <= 4), read 0
x08j03289:87143:89046 [4] NCCL INFO GPU Direct RDMA Enabled for GPU 2 / HCA 7 (distance 4 <= 4), read 0
x08j03289:87146:89012 [6] NCCL INFO GPU Direct RDMA Enabled for GPU 5 / HCA 8 (distance 4 <= 4), read 0
x08j03289:87146:89012 [6] NCCL INFO GPU Direct RDMA Enabled for GPU 4 / HCA 8 (distance 4 <= 4), read 0
x08j03289:87146:89012 [6] NCCL INFO GPU Direct RDMA Enabled for GPU 7 / HCA 8 (distance 4 <= 4), read 0
x08j03289:87146:89012 [6] NCCL INFO GPU Direct RDMA Enabled for GPU 6 / HCA 8 (distance 4 <= 4), read 0
x08j03289:87146:89012 [6] NCCL INFO GPU Direct RDMA Enabled for GPU 0 / HCA 9 (distance 4 <= 4), read 0
x08j03289:87146:89012 [6] NCCL INFO GPU Direct RDMA Enabled for GPU 1 / HCA 9 (distance 4 <= 4), read 0
x08j03289:87146:89012 [6] NCCL INFO GPU Direct RDMA Enabled for GPU 3 / HCA 9 (distance 4 <= 4), read 0
x08j03289:87146:89012 [6] NCCL INFO GPU Direct RDMA Enabled for GPU 2 / HCA 9 (distance 4 <= 4), read 0
x08j03289:87146:89012 [6] NCCL INFO GPU Direct RDMA Enabled for GPU 5 / HCA 9 (distance 4 <= 4), read 0
x08j03289:87146:89012 [6] NCCL INFO GPU Direct RDMA Enabled for GPU 4 / HCA 9 (distance 4 <= 4), read 0
x08j03289:87146:89012 [6] NCCL INFO GPU Direct RDMA Enabled for GPU 7 / HCA 9 (distance 4 <= 4), read 0
x08j03289:87141:89163 [2] NCCL INFO                             + PCI[24.0] - GPU/0-13000 (0)
x08j03289:87141:89163 [2] NCCL INFO                                           + NVL[240.0] - NVS/0-0
x08j03289:87141:89163 [2] NCCL INFO               + PCI[24.0] - NIC/0-1a000
x08j03289:87141:89163 [2] NCCL INFO                             + NET[12.5] - NET/0-6 (0/421e9f0003fd7010/1/12.500000)
x08j03289:87141:89163 [2] NCCL INFO               + PCI[24.0] - PCI/0-17000 (1000c01010de13b8)
x08j03289:87141:89163 [2] NCCL INFO                             + PCI[24.0] - GPU/0-19000 (1)
x08j03289:87141:89163 [2] NCCL INFO                                           + NVL[240.0] - NVS/0-0
x08j03289:87141:89163 [2] NCCL INFO + PCI[24.0] - PCI/0-41000 (1000c0101000ffff)
x08j03289:87141:89163 [2] NCCL INFO               + PCI[24.0] - NIC/0-4f000
x08j03289:87146:89012 [6] NCCL INFO GPU Direct RDMA Enabled for GPU 6 / HCA 9 (distance 4 <= 4), read 0
x08j03289:87146:89012 [6] NCCL INFO === System : maxBw 12.5 totalBw 240.0 ===
x08j03289:87146:89012 [6] NCCL INFO CPU/0-0 (1/1/2)
x08j03289:87139:89038 [0] NCCL INFO               + NET[12.5] - NET/0-5 (0/b83dd30003fd7010/1/12.500000)
x08j03289:87139:89038 [0] NCCL INFO + PCI[24.0] - PCI/0-c000 (1000c0101000ffff)
x08j03289:87139:89038 [0] NCCL INFO               + PCI[24.0] - PCI/0-11000 (1000c01010de13b8)
x08j03289:87139:89038 [0] NCCL INFO                             + PCI[24.0] - GPU/0-13000 (0)
x08j03289:87139:89038 [0] NCCL INFO                                           + NVL[240.0] - NVS/0-0
x08j03289:87139:89038 [0] NCCL INFO               + PCI[24.0] - NIC/0-1a000
x08j03289:87139:89038 [0] NCCL INFO                             + NET[12.5] - NET/0-6 (0/421e9f0003fd7010/1/12.500000)
x08j03289:87139:89038 [0] NCCL INFO               + PCI[24.0] - PCI/0-17000 (1000c01010de13b8)
x08j03289:87139:89038 [0] NCCL INFO                             + PCI[24.0] - GPU/0-19000 (1)
x08j03289:87139:89038 [0] NCCL INFO                                           + NVL[240.0] - NVS/0-0
x08j03289:87139:89038 [0] NCCL INFO + PCI[24.0] - PCI/0-41000 (1000c0101000ffff)
x08j03289:87139:89038 [0] NCCL INFO               + PCI[24.0] - NIC/0-4f000
x08j03289:87139:89038 [0] NCCL INFO                             + NET[12.5] - NET/0-7 (0/e09eb00003fd7010/1/12.500000)
x08j03289:87143:89046 [4] NCCL INFO GPU Direct RDMA Enabled for GPU 5 / HCA 7 (distance 4 <= 4), read 0
x08j03289:87143:89046 [4] NCCL INFO GPU Direct RDMA Enabled for GPU 4 / HCA 7 (distance 4 <= 4), read 0
x08j03289:87143:89046 [4] NCCL INFO GPU Direct RDMA Enabled for GPU 7 / HCA 7 (distance 4 <= 4), read 0
x08j03289:87143:89046 [4] NCCL INFO GPU Direct RDMA Enabled for GPU 6 / HCA 7 (distance 4 <= 4), read 0
x08j03289:87143:89046 [4] NCCL INFO GPU Direct RDMA Enabled for GPU 0 / HCA 8 (distance 4 <= 4), read 0
x08j03289:87143:89046 [4] NCCL INFO GPU Direct RDMA Enabled for GPU 1 / HCA 8 (distance 4 <= 4), read 0
x08j03289:87143:89046 [4] NCCL INFO GPU Direct RDMA Enabled for GPU 3 / HCA 8 (distance 4 <= 4), read 0
x08j03289:87143:89046 [4] NCCL INFO GPU Direct RDMA Enabled for GPU 2 / HCA 8 (distance 4 <= 4), read 0
x08j03289:87143:89046 [4] NCCL INFO GPU Direct RDMA Enabled for GPU 5 / HCA 8 (distance 4 <= 4), read 0
x08j03289:87143:89046 [4] NCCL INFO GPU Direct RDMA Enabled for GPU 4 / HCA 8 (distance 4 <= 4), read 0
x08j03289:87143:89046 [4] NCCL INFO GPU Direct RDMA Enabled for GPU 7 / HCA 8 (distance 4 <= 4), read 0
x08j03289:87143:89046 [4] NCCL INFO GPU Direct RDMA Enabled for GPU 6 / HCA 8 (distance 4 <= 4), read 0
x08j03289:87143:89046 [4] NCCL INFO GPU Direct RDMA Enabled for GPU 0 / HCA 9 (distance 4 <= 4), read 0
x08j03289:87141:89163 [2] NCCL INFO                             + NET[12.5] - NET/0-7 (0/e09eb00003fd7010/1/12.500000)
x08j03289:87141:89163 [2] NCCL INFO               + PCI[24.0] - PCI/0-4b000 (1000c01010de13b8)
x08j03289:87141:89163 [2] NCCL INFO                             + PCI[24.0] - GPU/0-4d000 (3)
x08j03289:87141:89163 [2] NCCL INFO                                           + NVL[240.0] - NVS/0-0
x08j03289:87141:89163 [2] NCCL INFO               + PCI[24.0] - PCI/0-46000 (1000c01010de13b8)
x08j03289:87141:89163 [2] NCCL INFO                             + PCI[24.0] - GPU/0-48000 (2)
x08j03289:87141:89163 [2] NCCL INFO                                           + NVL[240.0] - NVS/0-0
x08j03289:87141:89163 [2] NCCL INFO + SYS[10.0] - CPU/0-1
x08j03289:87141:89163 [2] NCCL INFO CPU/0-1 (1/1/2)
x08j03289:87141:89163 [2] NCCL INFO + PCI[24.0] - PCI/0-82000 (1000c0101000ffff)
x08j03289:87141:89163 [2] NCCL INFO               + PCI[24.0] - NIC/0-90000
x08j03289:87141:89163 [2] NCCL INFO                             + NET[12.5] - NET/0-8 (0/461e9f0003fd7010/1/12.500000)
x08j03289:87141:89163 [2] NCCL INFO               + PCI[24.0] - PCI/0-8c000 (1000c01010de13b8)
x08j03289:87143:89046 [4] NCCL INFO GPU Direct RDMA Enabled for GPU 1 / HCA 9 (distance 4 <= 4), read 0
x08j03289:87143:89046 [4] NCCL INFO GPU Direct RDMA Enabled for GPU 3 / HCA 9 (distance 4 <= 4), read 0
x08j03289:87143:89046 [4] NCCL INFO GPU Direct RDMA Enabled for GPU 2 / HCA 9 (distance 4 <= 4), read 0
x08j03289:87143:89046 [4] NCCL INFO GPU Direct RDMA Enabled for GPU 5 / HCA 9 (distance 4 <= 4), read 0
x08j03289:87143:89046 [4] NCCL INFO GPU Direct RDMA Enabled for GPU 4 / HCA 9 (distance 4 <= 4), read 0
x08j03289:87146:89012 [6] NCCL INFO + PCI[24.0] - NIC/0-6000
x08j03289:87146:89012 [6] NCCL INFO               + NET[12.5] - NET/0-5 (0/b83dd30003fd7010/1/12.500000)
x08j03289:87146:89012 [6] NCCL INFO + PCI[24.0] - PCI/0-c000 (1000c0101000ffff)
x08j03289:87146:89012 [6] NCCL INFO               + PCI[24.0] - PCI/0-11000 (1000c01010de13b8)
x08j03289:87146:89012 [6] NCCL INFO                             + PCI[24.0] - GPU/0-13000 (0)
x08j03289:87146:89012 [6] NCCL INFO                                           + NVL[240.0] - NVS/0-0
x08j03289:87146:89012 [6] NCCL INFO               + PCI[24.0] - NIC/0-1a000
x08j03289:87146:89012 [6] NCCL INFO                             + NET[12.5] - NET/0-6 (0/421e9f0003fd7010/1/12.500000)
x08j03289:87142:89027 [3] NCCL INFO GPU Direct RDMA Enabled for GPU 0 / HCA 6 (distance 4 <= 4), read 0
x08j03289:87142:89027 [3] NCCL INFO GPU Direct RDMA Enabled for GPU 1 / HCA 6 (distance 4 <= 4), read 0
x08j03289:87142:89027 [3] NCCL INFO GPU Direct RDMA Enabled for GPU 3 / HCA 6 (distance 4 <= 4), read 0
x08j03289:87142:89027 [3] NCCL INFO GPU Direct RDMA Enabled for GPU 2 / HCA 6 (distance 4 <= 4), read 0
x08j03289:87142:89027 [3] NCCL INFO GPU Direct RDMA Enabled for GPU 5 / HCA 6 (distance 4 <= 4), read 0
x08j03289:87142:89027 [3] NCCL INFO GPU Direct RDMA Enabled for GPU 4 / HCA 6 (distance 4 <= 4), read 0
x08j03289:87144:89164 [5] NCCL INFO GPU Direct RDMA Enabled for GPU 0 / HCA 6 (distance 4 <= 4), read 0
x08j03289:87144:89164 [5] NCCL INFO GPU Direct RDMA Enabled for GPU 1 / HCA 6 (distance 4 <= 4), read 0
x08j03289:87144:89164 [5] NCCL INFO GPU Direct RDMA Enabled for GPU 3 / HCA 6 (distance 4 <= 4), read 0
x08j03289:87144:89164 [5] NCCL INFO GPU Direct RDMA Enabled for GPU 2 / HCA 6 (distance 4 <= 4), read 0
x08j03289:87144:89164 [5] NCCL INFO GPU Direct RDMA Enabled for GPU 5 / HCA 6 (distance 4 <= 4), read 0
x08j03289:87144:89164 [5] NCCL INFO GPU Direct RDMA Enabled for GPU 4 / HCA 6 (distance 4 <= 4), read 0
x08j03289:87144:89164 [5] NCCL INFO GPU Direct RDMA Enabled for GPU 7 / HCA 6 (distance 4 <= 4), read 0
x08j03289:87144:89164 [5] NCCL INFO GPU Direct RDMA Enabled for GPU 6 / HCA 6 (distance 4 <= 4), read 0
x08j03289:87144:89164 [5] NCCL INFO GPU Direct RDMA Enabled for GPU 0 / HCA 7 (distance 4 <= 4), read 0
x08j03289:87144:89164 [5] NCCL INFO GPU Direct RDMA Enabled for GPU 1 / HCA 7 (distance 4 <= 4), read 0
x08j03289:87144:89164 [5] NCCL INFO GPU Direct RDMA Enabled for GPU 3 / HCA 7 (distance 4 <= 4), read 0
x08j03289:87144:89164 [5] NCCL INFO GPU Direct RDMA Enabled for GPU 2 / HCA 7 (distance 4 <= 4), read 0
x08j03289:87144:89164 [5] NCCL INFO GPU Direct RDMA Enabled for GPU 5 / HCA 7 (distance 4 <= 4), read 0
x08j03289:87144:89164 [5] NCCL INFO GPU Direct RDMA Enabled for GPU 4 / HCA 7 (distance 4 <= 4), read 0
x08j03289:87144:89164 [5] NCCL INFO GPU Direct RDMA Enabled for GPU 7 / HCA 7 (distance 4 <= 4), read 0
x08j03289:87144:89164 [5] NCCL INFO GPU Direct RDMA Enabled for GPU 6 / HCA 7 (distance 4 <= 4), read 0
x08j03289:87148:89061 [7] NCCL INFO GPU Direct RDMA Enabled for GPU 0 / HCA 6 (distance 4 <= 4), read 0
x08j03289:87148:89061 [7] NCCL INFO GPU Direct RDMA Enabled for GPU 1 / HCA 6 (distance 4 <= 4), read 0
x08j03289:87148:89061 [7] NCCL INFO GPU Direct RDMA Enabled for GPU 3 / HCA 6 (distance 4 <= 4), read 0
x08j03289:87148:89061 [7] NCCL INFO GPU Direct RDMA Enabled for GPU 2 / HCA 6 (distance 4 <= 4), read 0
x08j03289:87148:89061 [7] NCCL INFO GPU Direct RDMA Enabled for GPU 5 / HCA 6 (distance 4 <= 4), read 0
x08j03289:87148:89061 [7] NCCL INFO GPU Direct RDMA Enabled for GPU 4 / HCA 6 (distance 4 <= 4), read 0
x08j03289:87148:89061 [7] NCCL INFO GPU Direct RDMA Enabled for GPU 7 / HCA 6 (distance 4 <= 4), read 0
x08j03289:87148:89061 [7] NCCL INFO GPU Direct RDMA Enabled for GPU 6 / HCA 6 (distance 4 <= 4), read 0
x08j03289:87148:89061 [7] NCCL INFO GPU Direct RDMA Enabled for GPU 0 / HCA 7 (distance 4 <= 4), read 0
x08j03289:87140:89008 [1] NCCL INFO GPU Direct RDMA Enabled for GPU 0 / HCA 6 (distance 4 <= 4), read 0
x08j03289:87140:89008 [1] NCCL INFO GPU Direct RDMA Enabled for GPU 1 / HCA 6 (distance 4 <= 4), read 0
x08j03289:87140:89008 [1] NCCL INFO GPU Direct RDMA Enabled for GPU 3 / HCA 6 (distance 4 <= 4), read 0
x08j03289:87140:89008 [1] NCCL INFO GPU Direct RDMA Enabled for GPU 2 / HCA 6 (distance 4 <= 4), read 0
x08j03289:87140:89008 [1] NCCL INFO GPU Direct RDMA Enabled for GPU 5 / HCA 6 (distance 4 <= 4), read 0
x08j03289:87140:89008 [1] NCCL INFO GPU Direct RDMA Enabled for GPU 4 / HCA 6 (distance 4 <= 4), read 0
x08j03289:87140:89008 [1] NCCL INFO GPU Direct RDMA Enabled for GPU 7 / HCA 6 (distance 4 <= 4), read 0
x08j03289:87140:89008 [1] NCCL INFO GPU Direct RDMA Enabled for GPU 6 / HCA 6 (distance 4 <= 4), read 0
x08j03289:87140:89008 [1] NCCL INFO GPU Direct RDMA Enabled for GPU 0 / HCA 7 (distance 4 <= 4), read 0
x08j03289:87140:89008 [1] NCCL INFO GPU Direct RDMA Enabled for GPU 1 / HCA 7 (distance 4 <= 4), read 0
x08j03289:87140:89008 [1] NCCL INFO GPU Direct RDMA Enabled for GPU 3 / HCA 7 (distance 4 <= 4), read 0
x08j03289:87140:89008 [1] NCCL INFO GPU Direct RDMA Enabled for GPU 2 / HCA 7 (distance 4 <= 4), read 0
x08j03289:87140:89008 [1] NCCL INFO GPU Direct RDMA Enabled for GPU 5 / HCA 7 (distance 4 <= 4), read 0
x08j03289:87140:89008 [1] NCCL INFO GPU Direct RDMA Enabled for GPU 4 / HCA 7 (distance 4 <= 4), read 0
x08j03289:87140:89008 [1] NCCL INFO GPU Direct RDMA Enabled for GPU 7 / HCA 7 (distance 4 <= 4), read 0
x08j03289:87140:89008 [1] NCCL INFO GPU Direct RDMA Enabled for GPU 6 / HCA 7 (distance 4 <= 4), read 0
x08j03289:87140:89008 [1] NCCL INFO GPU Direct RDMA Enabled for GPU 0 / HCA 8 (distance 4 <= 4), read 0
x08j03289:87140:89008 [1] NCCL INFO GPU Direct RDMA Enabled for GPU 1 / HCA 8 (distance 4 <= 4), read 0
x08j03289:87139:89038 [0] NCCL INFO               + PCI[24.0] - PCI/0-4b000 (1000c01010de13b8)
x08j03289:87139:89038 [0] NCCL INFO                             + PCI[24.0] - GPU/0-4d000 (3)
x08j03289:87139:89038 [0] NCCL INFO                                           + NVL[240.0] - NVS/0-0
x08j03289:87139:89038 [0] NCCL INFO               + PCI[24.0] - PCI/0-46000 (1000c01010de13b8)
x08j03289:87139:89038 [0] NCCL INFO                             + PCI[24.0] - GPU/0-48000 (2)
x08j03289:87139:89038 [0] NCCL INFO                                           + NVL[240.0] - NVS/0-0
x08j03289:87139:89038 [0] NCCL INFO + SYS[10.0] - CPU/0-1
x08j03289:87139:89038 [0] NCCL INFO CPU/0-1 (1/1/2)
x08j03289:87139:89038 [0] NCCL INFO + PCI[24.0] - PCI/0-82000 (1000c0101000ffff)
x08j03289:87139:89038 [0] NCCL INFO               + PCI[24.0] - NIC/0-90000
x08j03289:87139:89038 [0] NCCL INFO                             + NET[12.5] - NET/0-8 (0/461e9f0003fd7010/1/12.500000)
x08j03289:87139:89038 [0] NCCL INFO               + PCI[24.0] - PCI/0-8c000 (1000c01010de13b8)
x08j03289:87139:89038 [0] NCCL INFO                             + PCI[24.0] - GPU/0-8e000 (5)
x08j03289:87139:89038 [0] NCCL INFO                                           + NVL[240.0] - NVS/0-0
x08j03289:87139:89038 [0] NCCL INFO               + PCI[24.0] - PCI/0-87000 (1000c01010de13b8)
x08j03289:87139:89038 [0] NCCL INFO                             + PCI[24.0] - GPU/0-89000 (4)
x08j03289:87139:89038 [0] NCCL INFO                                           + NVL[240.0] - NVS/0-0
x08j03289:87139:89038 [0] NCCL INFO + PCI[24.0] - PCI/0-a6000 (1000c0101000ffff)
x08j03289:87141:89163 [2] NCCL INFO                             + PCI[24.0] - GPU/0-8e000 (5)
x08j03289:87141:89163 [2] NCCL INFO                                           + NVL[240.0] - NVS/0-0
x08j03289:87141:89163 [2] NCCL INFO               + PCI[24.0] - PCI/0-87000 (1000c01010de13b8)
x08j03289:87141:89163 [2] NCCL INFO                             + PCI[24.0] - GPU/0-89000 (4)
x08j03289:87141:89163 [2] NCCL INFO                                           + NVL[240.0] - NVS/0-0
x08j03289:87141:89163 [2] NCCL INFO + PCI[24.0] - PCI/0-a6000 (1000c0101000ffff)
x08j03289:87141:89163 [2] NCCL INFO               + PCI[24.0] - NIC/0-b4000
x08j03289:87141:89163 [2] NCCL INFO                             + NET[12.5] - NET/0-9 (0/49db00003fd7010/1/12.500000)
x08j03289:87141:89163 [2] NCCL INFO               + PCI[24.0] - PCI/0-b1000 (1000c01010de13b8)
x08j03289:87141:89163 [2] NCCL INFO                             + PCI[24.0] - GPU/0-b3000 (7)
x08j03289:87141:89163 [2] NCCL INFO                                           + NVL[240.0] - NVS/0-0
x08j03289:87141:89163 [2] NCCL INFO               + PCI[24.0] - PCI/0-ab000 (1000c01010de13b8)
x08j03289:87141:89163 [2] NCCL INFO                             + PCI[24.0] - GPU/0-ad000 (6)
x08j03289:87139:89038 [0] NCCL INFO               + PCI[24.0] - NIC/0-b4000
x08j03289:87139:89038 [0] NCCL INFO                             + NET[12.5] - NET/0-9 (0/49db00003fd7010/1/12.500000)
x08j03289:87139:89038 [0] NCCL INFO               + PCI[24.0] - PCI/0-b1000 (1000c01010de13b8)
x08j03289:87139:89038 [0] NCCL INFO                             + PCI[24.0] - GPU/0-b3000 (7)
x08j03289:87143:89046 [4] NCCL INFO GPU Direct RDMA Enabled for GPU 7 / HCA 9 (distance 4 <= 4), read 0
x08j03289:87143:89046 [4] NCCL INFO GPU Direct RDMA Enabled for GPU 6 / HCA 9 (distance 4 <= 4), read 0
x08j03289:87143:89046 [4] NCCL INFO === System : maxBw 12.5 totalBw 240.0 ===
x08j03289:87143:89046 [4] NCCL INFO CPU/0-0 (1/1/2)
x08j03289:87143:89046 [4] NCCL INFO + PCI[24.0] - NIC/0-6000
x08j03289:87143:89046 [4] NCCL INFO               + NET[12.5] - NET/0-5 (0/b83dd30003fd7010/1/12.500000)
x08j03289:87143:89046 [4] NCCL INFO + PCI[24.0] - PCI/0-c000 (1000c0101000ffff)
x08j03289:87143:89046 [4] NCCL INFO               + PCI[24.0] - PCI/0-11000 (1000c01010de13b8)
x08j03289:87143:89046 [4] NCCL INFO                             + PCI[24.0] - GPU/0-13000 (0)
x08j03289:87143:89046 [4] NCCL INFO                                           + NVL[240.0] - NVS/0-0
x08j03289:87143:89046 [4] NCCL INFO               + PCI[24.0] - NIC/0-1a000
x08j03289:87143:89046 [4] NCCL INFO                             + NET[12.5] - NET/0-6 (0/421e9f0003fd7010/1/12.500000)
x08j03289:87143:89046 [4] NCCL INFO               + PCI[24.0] - PCI/0-17000 (1000c01010de13b8)
x08j03289:87143:89046 [4] NCCL INFO                             + PCI[24.0] - GPU/0-19000 (1)
x08j03289:87146:89012 [6] NCCL INFO               + PCI[24.0] - PCI/0-17000 (1000c01010de13b8)
x08j03289:87146:89012 [6] NCCL INFO                             + PCI[24.0] - GPU/0-19000 (1)
x08j03289:87146:89012 [6] NCCL INFO                                           + NVL[240.0] - NVS/0-0
x08j03289:87146:89012 [6] NCCL INFO + PCI[24.0] - PCI/0-41000 (1000c0101000ffff)
x08j03289:87146:89012 [6] NCCL INFO               + PCI[24.0] - NIC/0-4f000
x08j03289:87146:89012 [6] NCCL INFO                             + NET[12.5] - NET/0-7 (0/e09eb00003fd7010/1/12.500000)
x08j03289:87146:89012 [6] NCCL INFO               + PCI[24.0] - PCI/0-4b000 (1000c01010de13b8)
x08j03289:87146:89012 [6] NCCL INFO                             + PCI[24.0] - GPU/0-4d000 (3)
x08j03289:87146:89012 [6] NCCL INFO                                           + NVL[240.0] - NVS/0-0
x08j03289:87146:89012 [6] NCCL INFO               + PCI[24.0] - PCI/0-46000 (1000c01010de13b8)
x08j03289:87146:89012 [6] NCCL INFO                             + PCI[24.0] - GPU/0-48000 (2)
x08j03289:87146:89012 [6] NCCL INFO                                           + NVL[240.0] - NVS/0-0
x08j03289:87146:89012 [6] NCCL INFO + SYS[10.0] - CPU/0-1
x08j03289:87146:89012 [6] NCCL INFO CPU/0-1 (1/1/2)
x08j03289:87146:89012 [6] NCCL INFO + PCI[24.0] - PCI/0-82000 (1000c0101000ffff)
x08j03289:87146:89012 [6] NCCL INFO               + PCI[24.0] - NIC/0-90000
x08j03289:87146:89012 [6] NCCL INFO                             + NET[12.5] - NET/0-8 (0/461e9f0003fd7010/1/12.500000)
x08j03289:87146:89012 [6] NCCL INFO               + PCI[24.0] - PCI/0-8c000 (1000c01010de13b8)
x08j03289:87142:89027 [3] NCCL INFO GPU Direct RDMA Enabled for GPU 7 / HCA 6 (distance 4 <= 4), read 0
x08j03289:87142:89027 [3] NCCL INFO GPU Direct RDMA Enabled for GPU 6 / HCA 6 (distance 4 <= 4), read 0
x08j03289:87142:89027 [3] NCCL INFO GPU Direct RDMA Enabled for GPU 0 / HCA 7 (distance 4 <= 4), read 0
x08j03289:87142:89027 [3] NCCL INFO GPU Direct RDMA Enabled for GPU 1 / HCA 7 (distance 4 <= 4), read 0
x08j03289:87142:89027 [3] NCCL INFO GPU Direct RDMA Enabled for GPU 3 / HCA 7 (distance 4 <= 4), read 0
x08j03289:87142:89027 [3] NCCL INFO GPU Direct RDMA Enabled for GPU 2 / HCA 7 (distance 4 <= 4), read 0
x08j03289:87142:89027 [3] NCCL INFO GPU Direct RDMA Enabled for GPU 5 / HCA 7 (distance 4 <= 4), read 0
x08j03289:87142:89027 [3] NCCL INFO GPU Direct RDMA Enabled for GPU 4 / HCA 7 (distance 4 <= 4), read 0
x08j03289:87142:89027 [3] NCCL INFO GPU Direct RDMA Enabled for GPU 7 / HCA 7 (distance 4 <= 4), read 0
x08j03289:87142:89027 [3] NCCL INFO GPU Direct RDMA Enabled for GPU 6 / HCA 7 (distance 4 <= 4), read 0
x08j03289:87142:89027 [3] NCCL INFO GPU Direct RDMA Enabled for GPU 0 / HCA 8 (distance 4 <= 4), read 0
x08j03289:87142:89027 [3] NCCL INFO GPU Direct RDMA Enabled for GPU 1 / HCA 8 (distance 4 <= 4), read 0
x08j03289:87142:89027 [3] NCCL INFO GPU Direct RDMA Enabled for GPU 3 / HCA 8 (distance 4 <= 4), read 0
x08j03289:87142:89027 [3] NCCL INFO GPU Direct RDMA Enabled for GPU 2 / HCA 8 (distance 4 <= 4), read 0
x08j03289:87142:89027 [3] NCCL INFO GPU Direct RDMA Enabled for GPU 5 / HCA 8 (distance 4 <= 4), read 0
x08j03289:87142:89027 [3] NCCL INFO GPU Direct RDMA Enabled for GPU 4 / HCA 8 (distance 4 <= 4), read 0
x08j03289:87142:89027 [3] NCCL INFO GPU Direct RDMA Enabled for GPU 7 / HCA 8 (distance 4 <= 4), read 0
x08j03289:87142:89027 [3] NCCL INFO GPU Direct RDMA Enabled for GPU 6 / HCA 8 (distance 4 <= 4), read 0
x08j03289:87144:89164 [5] NCCL INFO GPU Direct RDMA Enabled for GPU 0 / HCA 8 (distance 4 <= 4), read 0
x08j03289:87144:89164 [5] NCCL INFO GPU Direct RDMA Enabled for GPU 1 / HCA 8 (distance 4 <= 4), read 0
x08j03289:87144:89164 [5] NCCL INFO GPU Direct RDMA Enabled for GPU 3 / HCA 8 (distance 4 <= 4), read 0
x08j03289:87144:89164 [5] NCCL INFO GPU Direct RDMA Enabled for GPU 2 / HCA 8 (distance 4 <= 4), read 0
x08j03289:87144:89164 [5] NCCL INFO GPU Direct RDMA Enabled for GPU 5 / HCA 8 (distance 4 <= 4), read 0
x08j03289:87144:89164 [5] NCCL INFO GPU Direct RDMA Enabled for GPU 4 / HCA 8 (distance 4 <= 4), read 0
x08j03289:87144:89164 [5] NCCL INFO GPU Direct RDMA Enabled for GPU 7 / HCA 8 (distance 4 <= 4), read 0
x08j03289:87144:89164 [5] NCCL INFO GPU Direct RDMA Enabled for GPU 6 / HCA 8 (distance 4 <= 4), read 0
x08j03289:87144:89164 [5] NCCL INFO GPU Direct RDMA Enabled for GPU 0 / HCA 9 (distance 4 <= 4), read 0
x08j03289:87144:89164 [5] NCCL INFO GPU Direct RDMA Enabled for GPU 1 / HCA 9 (distance 4 <= 4), read 0
x08j03289:87144:89164 [5] NCCL INFO GPU Direct RDMA Enabled for GPU 3 / HCA 9 (distance 4 <= 4), read 0
x08j03289:87144:89164 [5] NCCL INFO GPU Direct RDMA Enabled for GPU 2 / HCA 9 (distance 4 <= 4), read 0
x08j03289:87144:89164 [5] NCCL INFO GPU Direct RDMA Enabled for GPU 5 / HCA 9 (distance 4 <= 4), read 0
x08j03289:87144:89164 [5] NCCL INFO GPU Direct RDMA Enabled for GPU 4 / HCA 9 (distance 4 <= 4), read 0
x08j03289:87144:89164 [5] NCCL INFO GPU Direct RDMA Enabled for GPU 7 / HCA 9 (distance 4 <= 4), read 0
x08j03289:87148:89061 [7] NCCL INFO GPU Direct RDMA Enabled for GPU 1 / HCA 7 (distance 4 <= 4), read 0
x08j03289:87148:89061 [7] NCCL INFO GPU Direct RDMA Enabled for GPU 3 / HCA 7 (distance 4 <= 4), read 0
x08j03289:87148:89061 [7] NCCL INFO GPU Direct RDMA Enabled for GPU 2 / HCA 7 (distance 4 <= 4), read 0
x08j03289:87148:89061 [7] NCCL INFO GPU Direct RDMA Enabled for GPU 5 / HCA 7 (distance 4 <= 4), read 0
x08j03289:87148:89061 [7] NCCL INFO GPU Direct RDMA Enabled for GPU 4 / HCA 7 (distance 4 <= 4), read 0
x08j03289:87148:89061 [7] NCCL INFO GPU Direct RDMA Enabled for GPU 7 / HCA 7 (distance 4 <= 4), read 0
x08j03289:87148:89061 [7] NCCL INFO GPU Direct RDMA Enabled for GPU 6 / HCA 7 (distance 4 <= 4), read 0
x08j03289:87148:89061 [7] NCCL INFO GPU Direct RDMA Enabled for GPU 0 / HCA 8 (distance 4 <= 4), read 0
x08j03289:87148:89061 [7] NCCL INFO GPU Direct RDMA Enabled for GPU 1 / HCA 8 (distance 4 <= 4), read 0
x08j03289:87148:89061 [7] NCCL INFO GPU Direct RDMA Enabled for GPU 3 / HCA 8 (distance 4 <= 4), read 0
x08j03289:87148:89061 [7] NCCL INFO GPU Direct RDMA Enabled for GPU 2 / HCA 8 (distance 4 <= 4), read 0
x08j03289:87148:89061 [7] NCCL INFO GPU Direct RDMA Enabled for GPU 5 / HCA 8 (distance 4 <= 4), read 0
x08j03289:87148:89061 [7] NCCL INFO GPU Direct RDMA Enabled for GPU 4 / HCA 8 (distance 4 <= 4), read 0
x08j03289:87148:89061 [7] NCCL INFO GPU Direct RDMA Enabled for GPU 7 / HCA 8 (distance 4 <= 4), read 0
x08j03289:87148:89061 [7] NCCL INFO GPU Direct RDMA Enabled for GPU 6 / HCA 8 (distance 4 <= 4), read 0
x08j03289:87148:89061 [7] NCCL INFO GPU Direct RDMA Enabled for GPU 0 / HCA 9 (distance 4 <= 4), read 0
x08j03289:87148:89061 [7] NCCL INFO GPU Direct RDMA Enabled for GPU 1 / HCA 9 (distance 4 <= 4), read 0
x08j03289:87140:89008 [1] NCCL INFO GPU Direct RDMA Enabled for GPU 3 / HCA 8 (distance 4 <= 4), read 0
x08j03289:87140:89008 [1] NCCL INFO GPU Direct RDMA Enabled for GPU 2 / HCA 8 (distance 4 <= 4), read 0
x08j03289:87140:89008 [1] NCCL INFO GPU Direct RDMA Enabled for GPU 5 / HCA 8 (distance 4 <= 4), read 0
x08j03289:87140:89008 [1] NCCL INFO GPU Direct RDMA Enabled for GPU 4 / HCA 8 (distance 4 <= 4), read 0
x08j03289:87140:89008 [1] NCCL INFO GPU Direct RDMA Enabled for GPU 7 / HCA 8 (distance 4 <= 4), read 0
x08j03289:87140:89008 [1] NCCL INFO GPU Direct RDMA Enabled for GPU 6 / HCA 8 (distance 4 <= 4), read 0
x08j03289:87140:89008 [1] NCCL INFO GPU Direct RDMA Enabled for GPU 0 / HCA 9 (distance 4 <= 4), read 0
x08j03289:87140:89008 [1] NCCL INFO GPU Direct RDMA Enabled for GPU 1 / HCA 9 (distance 4 <= 4), read 0
x08j03289:87140:89008 [1] NCCL INFO GPU Direct RDMA Enabled for GPU 3 / HCA 9 (distance 4 <= 4), read 0
x08j03289:87140:89008 [1] NCCL INFO GPU Direct RDMA Enabled for GPU 2 / HCA 9 (distance 4 <= 4), read 0
x08j03289:87140:89008 [1] NCCL INFO GPU Direct RDMA Enabled for GPU 5 / HCA 9 (distance 4 <= 4), read 0
x08j03289:87140:89008 [1] NCCL INFO GPU Direct RDMA Enabled for GPU 4 / HCA 9 (distance 4 <= 4), read 0
x08j03289:87140:89008 [1] NCCL INFO GPU Direct RDMA Enabled for GPU 7 / HCA 9 (distance 4 <= 4), read 0
x08j03289:87140:89008 [1] NCCL INFO GPU Direct RDMA Enabled for GPU 6 / HCA 9 (distance 4 <= 4), read 0
x08j03289:87140:89008 [1] NCCL INFO === System : maxBw 12.5 totalBw 240.0 ===
x08j03289:87140:89008 [1] NCCL INFO CPU/0-0 (1/1/2)
x08j03289:87141:89163 [2] NCCL INFO                                           + NVL[240.0] - NVS/0-0
x08j03289:87141:89163 [2] NCCL INFO + SYS[10.0] - CPU/0-0
x08j03289:87141:89163 [2] NCCL INFO ==========================================
x08j03289:87141:89163 [2] NCCL INFO GPU/0-13000 :GPU/0-13000 (0/5000.0/LOC) GPU/0-19000 (2/240.0/NVL) GPU/0-4d000 (2/240.0/NVL) GPU/0-48000 (2/240.0/NVL) GPU/0-8e000 (2/240.0/NVL) GPU/0-89000 (2/240.0/NVL) GPU/0-b3000 (2/240.0/NVL) GPU/0-ad000 (2/240.0/NVL) NVS/0-0 (1/240.0/NVL) CPU/0-0 (3/24.0/PHB) CPU/0-1 (4/10.0/SYS) NET/0-5 (5/12.5/PHB) NET/0-6 (4/12.5/PXB) NET/0-7 (6/12.5/PXN) NET/0-8 (6/12.5/PXN) NET/0-9 (6/12.5/PXN) 
x08j03289:87141:89163 [2] NCCL INFO GPU/0-19000 :GPU/0-13000 (2/240.0/NVL) GPU/0-19000 (0/5000.0/LOC) GPU/0-4d000 (2/240.0/NVL) GPU/0-48000 (2/240.0/NVL) GPU/0-8e000 (2/240.0/NVL) GPU/0-89000 (2/240.0/NVL) GPU/0-b3000 (2/240.0/NVL) GPU/0-ad000 (2/240.0/NVL) NVS/0-0 (1/240.0/NVL) CPU/0-0 (3/24.0/PHB) CPU/0-1 (4/10.0/SYS) NET/0-5 (5/12.5/PHB) NET/0-6 (4/12.5/PXB) NET/0-7 (6/12.5/PXN) NET/0-8 (6/12.5/PXN) NET/0-9 (6/12.5/PXN) 
x08j03289:87141:89163 [2] NCCL INFO GPU/0-4d000 :GPU/0-13000 (2/240.0/NVL) GPU/0-19000 (2/240.0/NVL) GPU/0-4d000 (0/5000.0/LOC) GPU/0-48000 (2/240.0/NVL) GPU/0-8e000 (2/240.0/NVL) GPU/0-89000 (2/240.0/NVL) GPU/0-b3000 (2/240.0/NVL) GPU/0-ad000 (2/240.0/NVL) NVS/0-0 (1/240.0/NVL) CPU/0-0 (3/24.0/PHB) CPU/0-1 (4/10.0/SYS) NET/0-5 (5/12.5/PHB) NET/0-6 (6/12.5/PXN) NET/0-7 (4/12.5/PXB) NET/0-8 (6/12.5/PXN) NET/0-9 (6/12.5/PXN) 
x08j03289:87140:89008 [1] NCCL INFO + PCI[24.0] - NIC/0-6000
x08j03289:87140:89008 [1] NCCL INFO               + NET[12.5] - NET/0-5 (0/b83dd30003fd7010/1/12.500000)
x08j03289:87140:89008 [1] NCCL INFO + PCI[24.0] - PCI/0-c000 (1000c0101000ffff)
x08j03289:87139:89038 [0] NCCL INFO                                           + NVL[240.0] - NVS/0-0
x08j03289:87139:89038 [0] NCCL INFO               + PCI[24.0] - PCI/0-ab000 (1000c01010de13b8)
x08j03289:87139:89038 [0] NCCL INFO                             + PCI[24.0] - GPU/0-ad000 (6)
x08j03289:87139:89038 [0] NCCL INFO                                           + NVL[240.0] - NVS/0-0
x08j03289:87139:89038 [0] NCCL INFO + SYS[10.0] - CPU/0-0
x08j03289:87139:89038 [0] NCCL INFO ==========================================
x08j03289:87139:89038 [0] NCCL INFO GPU/0-13000 :GPU/0-13000 (0/5000.0/LOC) GPU/0-19000 (2/240.0/NVL) GPU/0-4d000 (2/240.0/NVL) GPU/0-48000 (2/240.0/NVL) GPU/0-8e000 (2/240.0/NVL) GPU/0-89000 (2/240.0/NVL) GPU/0-b3000 (2/240.0/NVL) GPU/0-ad000 (2/240.0/NVL) NVS/0-0 (1/240.0/NVL) CPU/0-0 (3/24.0/PHB) CPU/0-1 (4/10.0/SYS) NET/0-5 (5/12.5/PHB) NET/0-6 (4/12.5/PXB) NET/0-7 (6/12.5/PXN) NET/0-8 (6/12.5/PXN) NET/0-9 (6/12.5/PXN) 
x08j03289:87139:89038 [0] NCCL INFO GPU/0-19000 :GPU/0-13000 (2/240.0/NVL) GPU/0-19000 (0/5000.0/LOC) GPU/0-4d000 (2/240.0/NVL) GPU/0-48000 (2/240.0/NVL) GPU/0-8e000 (2/240.0/NVL) GPU/0-89000 (2/240.0/NVL) GPU/0-b3000 (2/240.0/NVL) GPU/0-ad000 (2/240.0/NVL) NVS/0-0 (1/240.0/NVL) CPU/0-0 (3/24.0/PHB) CPU/0-1 (4/10.0/SYS) NET/0-5 (5/12.5/PHB) NET/0-6 (4/12.5/PXB) NET/0-7 (6/12.5/PXN) NET/0-8 (6/12.5/PXN) NET/0-9 (6/12.5/PXN) 
x08j03289:87139:89038 [0] NCCL INFO GPU/0-4d000 :GPU/0-13000 (2/240.0/NVL) GPU/0-19000 (2/240.0/NVL) GPU/0-4d000 (0/5000.0/LOC) GPU/0-48000 (2/240.0/NVL) GPU/0-8e000 (2/240.0/NVL) GPU/0-89000 (2/240.0/NVL) GPU/0-b3000 (2/240.0/NVL) GPU/0-ad000 (2/240.0/NVL) NVS/0-0 (1/240.0/NVL) CPU/0-0 (3/24.0/PHB) CPU/0-1 (4/10.0/SYS) NET/0-5 (5/12.5/PHB) NET/0-6 (6/12.5/PXN) NET/0-7 (4/12.5/PXB) NET/0-8 (6/12.5/PXN) NET/0-9 (6/12.5/PXN) 
x08j03289:87143:89046 [4] NCCL INFO                                           + NVL[240.0] - NVS/0-0
x08j03289:87143:89046 [4] NCCL INFO + PCI[24.0] - PCI/0-41000 (1000c0101000ffff)
x08j03289:87143:89046 [4] NCCL INFO               + PCI[24.0] - NIC/0-4f000
x08j03289:87143:89046 [4] NCCL INFO                             + NET[12.5] - NET/0-7 (0/e09eb00003fd7010/1/12.500000)
x08j03289:87143:89046 [4] NCCL INFO               + PCI[24.0] - PCI/0-4b000 (1000c01010de13b8)
x08j03289:87143:89046 [4] NCCL INFO                             + PCI[24.0] - GPU/0-4d000 (3)
x08j03289:87143:89046 [4] NCCL INFO                                           + NVL[240.0] - NVS/0-0
x08j03289:87143:89046 [4] NCCL INFO               + PCI[24.0] - PCI/0-46000 (1000c01010de13b8)
x08j03289:87143:89046 [4] NCCL INFO                             + PCI[24.0] - GPU/0-48000 (2)
x08j03289:87143:89046 [4] NCCL INFO                                           + NVL[240.0] - NVS/0-0
x08j03289:87143:89046 [4] NCCL INFO + SYS[10.0] - CPU/0-1
x08j03289:87143:89046 [4] NCCL INFO CPU/0-1 (1/1/2)
x08j03289:87143:89046 [4] NCCL INFO + PCI[24.0] - PCI/0-82000 (1000c0101000ffff)
x08j03289:87143:89046 [4] NCCL INFO               + PCI[24.0] - NIC/0-90000
x08j03289:87143:89046 [4] NCCL INFO                             + NET[12.5] - NET/0-8 (0/461e9f0003fd7010/1/12.500000)
x08j03289:87143:89046 [4] NCCL INFO               + PCI[24.0] - PCI/0-8c000 (1000c01010de13b8)
x08j03289:87143:89046 [4] NCCL INFO                             + PCI[24.0] - GPU/0-8e000 (5)
x08j03289:87143:89046 [4] NCCL INFO                                           + NVL[240.0] - NVS/0-0
x08j03289:87146:89012 [6] NCCL INFO                             + PCI[24.0] - GPU/0-8e000 (5)
x08j03289:87146:89012 [6] NCCL INFO                                           + NVL[240.0] - NVS/0-0
x08j03289:87146:89012 [6] NCCL INFO               + PCI[24.0] - PCI/0-87000 (1000c01010de13b8)
x08j03289:87146:89012 [6] NCCL INFO                             + PCI[24.0] - GPU/0-89000 (4)
x08j03289:87146:89012 [6] NCCL INFO                                           + NVL[240.0] - NVS/0-0
x08j03289:87146:89012 [6] NCCL INFO + PCI[24.0] - PCI/0-a6000 (1000c0101000ffff)
x08j03289:87146:89012 [6] NCCL INFO               + PCI[24.0] - NIC/0-b4000
x08j03289:87146:89012 [6] NCCL INFO                             + NET[12.5] - NET/0-9 (0/49db00003fd7010/1/12.500000)
x08j03289:87146:89012 [6] NCCL INFO               + PCI[24.0] - PCI/0-b1000 (1000c01010de13b8)
x08j03289:87146:89012 [6] NCCL INFO                             + PCI[24.0] - GPU/0-b3000 (7)
x08j03289:87146:89012 [6] NCCL INFO                                           + NVL[240.0] - NVS/0-0
x08j03289:87146:89012 [6] NCCL INFO               + PCI[24.0] - PCI/0-ab000 (1000c01010de13b8)
x08j03289:87146:89012 [6] NCCL INFO                             + PCI[24.0] - GPU/0-ad000 (6)
x08j03289:87146:89012 [6] NCCL INFO                                           + NVL[240.0] - NVS/0-0
x08j03289:87146:89012 [6] NCCL INFO + SYS[10.0] - CPU/0-0
x08j03289:87146:89012 [6] NCCL INFO ==========================================
x08j03289:87142:89027 [3] NCCL INFO GPU Direct RDMA Enabled for GPU 0 / HCA 9 (distance 4 <= 4), read 0
x08j03289:87142:89027 [3] NCCL INFO GPU Direct RDMA Enabled for GPU 1 / HCA 9 (distance 4 <= 4), read 0
x08j03289:87142:89027 [3] NCCL INFO GPU Direct RDMA Enabled for GPU 3 / HCA 9 (distance 4 <= 4), read 0
x08j03289:87142:89027 [3] NCCL INFO GPU Direct RDMA Enabled for GPU 2 / HCA 9 (distance 4 <= 4), read 0
x08j03289:87142:89027 [3] NCCL INFO GPU Direct RDMA Enabled for GPU 5 / HCA 9 (distance 4 <= 4), read 0
x08j03289:87142:89027 [3] NCCL INFO GPU Direct RDMA Enabled for GPU 4 / HCA 9 (distance 4 <= 4), read 0
x08j03289:87142:89027 [3] NCCL INFO GPU Direct RDMA Enabled for GPU 7 / HCA 9 (distance 4 <= 4), read 0
x08j03289:87142:89027 [3] NCCL INFO GPU Direct RDMA Enabled for GPU 6 / HCA 9 (distance 4 <= 4), read 0
x08j03289:87142:89027 [3] NCCL INFO === System : maxBw 12.5 totalBw 240.0 ===
x08j03289:87142:89027 [3] NCCL INFO CPU/0-0 (1/1/2)
x08j03289:87142:89027 [3] NCCL INFO + PCI[24.0] - NIC/0-6000
x08j03289:87144:89164 [5] NCCL INFO GPU Direct RDMA Enabled for GPU 6 / HCA 9 (distance 4 <= 4), read 0
x08j03289:87144:89164 [5] NCCL INFO === System : maxBw 12.5 totalBw 240.0 ===
x08j03289:87144:89164 [5] NCCL INFO CPU/0-0 (1/1/2)
x08j03289:87144:89164 [5] NCCL INFO + PCI[24.0] - NIC/0-6000
x08j03289:87144:89164 [5] NCCL INFO               + NET[12.5] - NET/0-5 (0/b83dd30003fd7010/1/12.500000)
x08j03289:87144:89164 [5] NCCL INFO + PCI[24.0] - PCI/0-c000 (1000c0101000ffff)
x08j03289:87144:89164 [5] NCCL INFO               + PCI[24.0] - PCI/0-11000 (1000c01010de13b8)
x08j03289:87144:89164 [5] NCCL INFO                             + PCI[24.0] - GPU/0-13000 (0)
x08j03289:87144:89164 [5] NCCL INFO                                           + NVL[240.0] - NVS/0-0
x08j03289:87144:89164 [5] NCCL INFO               + PCI[24.0] - NIC/0-1a000
x08j03289:87144:89164 [5] NCCL INFO                             + NET[12.5] - NET/0-6 (0/421e9f0003fd7010/1/12.500000)
x08j03289:87148:89061 [7] NCCL INFO GPU Direct RDMA Enabled for GPU 3 / HCA 9 (distance 4 <= 4), read 0
x08j03289:87148:89061 [7] NCCL INFO GPU Direct RDMA Enabled for GPU 2 / HCA 9 (distance 4 <= 4), read 0
x08j03289:87148:89061 [7] NCCL INFO GPU Direct RDMA Enabled for GPU 5 / HCA 9 (distance 4 <= 4), read 0
x08j03289:87148:89061 [7] NCCL INFO GPU Direct RDMA Enabled for GPU 4 / HCA 9 (distance 4 <= 4), read 0
x08j03289:87148:89061 [7] NCCL INFO GPU Direct RDMA Enabled for GPU 7 / HCA 9 (distance 4 <= 4), read 0
x08j03289:87148:89061 [7] NCCL INFO GPU Direct RDMA Enabled for GPU 6 / HCA 9 (distance 4 <= 4), read 0
x08j03289:87148:89061 [7] NCCL INFO === System : maxBw 12.5 totalBw 240.0 ===
x08j03289:87148:89061 [7] NCCL INFO CPU/0-0 (1/1/2)
x08j03289:87148:89061 [7] NCCL INFO + PCI[24.0] - NIC/0-6000
x08j03289:87148:89061 [7] NCCL INFO               + NET[12.5] - NET/0-5 (0/b83dd30003fd7010/1/12.500000)
x08j03289:87148:89061 [7] NCCL INFO + PCI[24.0] - PCI/0-c000 (1000c0101000ffff)
x08j03289:87148:89061 [7] NCCL INFO               + PCI[24.0] - PCI/0-11000 (1000c01010de13b8)
x08j03289:87148:89061 [7] NCCL INFO                             + PCI[24.0] - GPU/0-13000 (0)
x08j03289:87148:89061 [7] NCCL INFO                                           + NVL[240.0] - NVS/0-0
x08j03289:87141:89163 [2] NCCL INFO GPU/0-48000 :GPU/0-13000 (2/240.0/NVL) GPU/0-19000 (2/240.0/NVL) GPU/0-4d000 (2/240.0/NVL) GPU/0-48000 (0/5000.0/LOC) GPU/0-8e000 (2/240.0/NVL) GPU/0-89000 (2/240.0/NVL) GPU/0-b3000 (2/240.0/NVL) GPU/0-ad000 (2/240.0/NVL) NVS/0-0 (1/240.0/NVL) CPU/0-0 (3/24.0/PHB) CPU/0-1 (4/10.0/SYS) NET/0-5 (5/12.5/PHB) NET/0-6 (6/12.5/PXN) NET/0-7 (4/12.5/PXB) NET/0-8 (6/12.5/PXN) NET/0-9 (6/12.5/PXN) 
x08j03289:87141:89163 [2] NCCL INFO GPU/0-8e000 :GPU/0-13000 (2/240.0/NVL) GPU/0-19000 (2/240.0/NVL) GPU/0-4d000 (2/240.0/NVL) GPU/0-48000 (2/240.0/NVL) GPU/0-8e000 (0/5000.0/LOC) GPU/0-89000 (2/240.0/NVL) GPU/0-b3000 (2/240.0/NVL) GPU/0-ad000 (2/240.0/NVL) NVS/0-0 (1/240.0/NVL) CPU/0-0 (4/10.0/SYS) CPU/0-1 (3/24.0/PHB) NET/0-5 (6/10.0/SYS) NET/0-6 (6/12.5/PXN) NET/0-7 (6/12.5/PXN) NET/0-8 (4/12.5/PXB) NET/0-9 (6/12.5/PXN) 
x08j03289:87141:89163 [2] NCCL INFO GPU/0-89000 :GPU/0-13000 (2/240.0/NVL) GPU/0-19000 (2/240.0/NVL) GPU/0-4d000 (2/240.0/NVL) GPU/0-48000 (2/240.0/NVL) GPU/0-8e000 (2/240.0/NVL) GPU/0-89000 (0/5000.0/LOC) GPU/0-b3000 (2/240.0/NVL) GPU/0-ad000 (2/240.0/NVL) NVS/0-0 (1/240.0/NVL) CPU/0-0 (4/10.0/SYS) CPU/0-1 (3/24.0/PHB) NET/0-5 (6/10.0/SYS) NET/0-6 (6/12.5/PXN) NET/0-7 (6/12.5/PXN) NET/0-8 (4/12.5/PXB) NET/0-9 (6/12.5/PXN) 
x08j03289:87141:89163 [2] NCCL INFO GPU/0-b3000 :GPU/0-13000 (2/240.0/NVL) GPU/0-19000 (2/240.0/NVL) GPU/0-4d000 (2/240.0/NVL) GPU/0-48000 (2/240.0/NVL) GPU/0-8e000 (2/240.0/NVL) GPU/0-89000 (2/240.0/NVL) GPU/0-b3000 (0/5000.0/LOC) GPU/0-ad000 (2/240.0/NVL) NVS/0-0 (1/240.0/NVL) CPU/0-0 (4/10.0/SYS) CPU/0-1 (3/24.0/PHB) NET/0-5 (6/10.0/SYS) NET/0-6 (6/12.5/PXN) NET/0-7 (6/12.5/PXN) NET/0-8 (6/12.5/PXN) NET/0-9 (4/12.5/PXB) 
x08j03289:87148:89061 [7] NCCL INFO               + PCI[24.0] - NIC/0-1a000
x08j03289:87148:89061 [7] NCCL INFO                             + NET[12.5] - NET/0-6 (0/421e9f0003fd7010/1/12.500000)
x08j03289:87148:89061 [7] NCCL INFO               + PCI[24.0] - PCI/0-17000 (1000c01010de13b8)
x08j03289:87148:89061 [7] NCCL INFO                             + PCI[24.0] - GPU/0-19000 (1)
x08j03289:87140:89008 [1] NCCL INFO               + PCI[24.0] - PCI/0-11000 (1000c01010de13b8)
x08j03289:87140:89008 [1] NCCL INFO                             + PCI[24.0] - GPU/0-13000 (0)
x08j03289:87140:89008 [1] NCCL INFO                                           + NVL[240.0] - NVS/0-0
x08j03289:87140:89008 [1] NCCL INFO               + PCI[24.0] - NIC/0-1a000
x08j03289:87140:89008 [1] NCCL INFO                             + NET[12.5] - NET/0-6 (0/421e9f0003fd7010/1/12.500000)
x08j03289:87140:89008 [1] NCCL INFO               + PCI[24.0] - PCI/0-17000 (1000c01010de13b8)
x08j03289:87140:89008 [1] NCCL INFO                             + PCI[24.0] - GPU/0-19000 (1)
x08j03289:87140:89008 [1] NCCL INFO                                           + NVL[240.0] - NVS/0-0
x08j03289:87140:89008 [1] NCCL INFO + PCI[24.0] - PCI/0-41000 (1000c0101000ffff)
x08j03289:87140:89008 [1] NCCL INFO               + PCI[24.0] - NIC/0-4f000
x08j03289:87140:89008 [1] NCCL INFO                             + NET[12.5] - NET/0-7 (0/e09eb00003fd7010/1/12.500000)
x08j03289:87140:89008 [1] NCCL INFO               + PCI[24.0] - PCI/0-4b000 (1000c01010de13b8)
x08j03289:87140:89008 [1] NCCL INFO                             + PCI[24.0] - GPU/0-4d000 (3)
x08j03289:87140:89008 [1] NCCL INFO                                           + NVL[240.0] - NVS/0-0
x08j03289:87140:89008 [1] NCCL INFO               + PCI[24.0] - PCI/0-46000 (1000c01010de13b8)
x08j03289:87140:89008 [1] NCCL INFO                             + PCI[24.0] - GPU/0-48000 (2)
x08j03289:87140:89008 [1] NCCL INFO                                           + NVL[240.0] - NVS/0-0
x08j03289:87139:89038 [0] NCCL INFO GPU/0-48000 :GPU/0-13000 (2/240.0/NVL) GPU/0-19000 (2/240.0/NVL) GPU/0-4d000 (2/240.0/NVL) GPU/0-48000 (0/5000.0/LOC) GPU/0-8e000 (2/240.0/NVL) GPU/0-89000 (2/240.0/NVL) GPU/0-b3000 (2/240.0/NVL) GPU/0-ad000 (2/240.0/NVL) NVS/0-0 (1/240.0/NVL) CPU/0-0 (3/24.0/PHB) CPU/0-1 (4/10.0/SYS) NET/0-5 (5/12.5/PHB) NET/0-6 (6/12.5/PXN) NET/0-7 (4/12.5/PXB) NET/0-8 (6/12.5/PXN) NET/0-9 (6/12.5/PXN) 
x08j03289:87139:89038 [0] NCCL INFO GPU/0-8e000 :GPU/0-13000 (2/240.0/NVL) GPU/0-19000 (2/240.0/NVL) GPU/0-4d000 (2/240.0/NVL) GPU/0-48000 (2/240.0/NVL) GPU/0-8e000 (0/5000.0/LOC) GPU/0-89000 (2/240.0/NVL) GPU/0-b3000 (2/240.0/NVL) GPU/0-ad000 (2/240.0/NVL) NVS/0-0 (1/240.0/NVL) CPU/0-0 (4/10.0/SYS) CPU/0-1 (3/24.0/PHB) NET/0-5 (6/10.0/SYS) NET/0-6 (6/12.5/PXN) NET/0-7 (6/12.5/PXN) NET/0-8 (4/12.5/PXB) NET/0-9 (6/12.5/PXN) 
x08j03289:87139:89038 [0] NCCL INFO GPU/0-89000 :GPU/0-13000 (2/240.0/NVL) GPU/0-19000 (2/240.0/NVL) GPU/0-4d000 (2/240.0/NVL) GPU/0-48000 (2/240.0/NVL) GPU/0-8e000 (2/240.0/NVL) GPU/0-89000 (0/5000.0/LOC) GPU/0-b3000 (2/240.0/NVL) GPU/0-ad000 (2/240.0/NVL) NVS/0-0 (1/240.0/NVL) CPU/0-0 (4/10.0/SYS) CPU/0-1 (3/24.0/PHB) NET/0-5 (6/10.0/SYS) NET/0-6 (6/12.5/PXN) NET/0-7 (6/12.5/PXN) NET/0-8 (4/12.5/PXB) NET/0-9 (6/12.5/PXN) 
x08j03289:87139:89038 [0] NCCL INFO GPU/0-b3000 :GPU/0-13000 (2/240.0/NVL) GPU/0-19000 (2/240.0/NVL) GPU/0-4d000 (2/240.0/NVL) GPU/0-48000 (2/240.0/NVL) GPU/0-8e000 (2/240.0/NVL) GPU/0-89000 (2/240.0/NVL) GPU/0-b3000 (0/5000.0/LOC) GPU/0-ad000 (2/240.0/NVL) NVS/0-0 (1/240.0/NVL) CPU/0-0 (4/10.0/SYS) CPU/0-1 (3/24.0/PHB) NET/0-5 (6/10.0/SYS) NET/0-6 (6/12.5/PXN) NET/0-7 (6/12.5/PXN) NET/0-8 (6/12.5/PXN) NET/0-9 (4/12.5/PXB) 
x08j03289:87139:89038 [0] NCCL INFO GPU/0-ad000 :GPU/0-13000 (2/240.0/NVL) GPU/0-19000 (2/240.0/NVL) GPU/0-4d000 (2/240.0/NVL) GPU/0-48000 (2/240.0/NVL) GPU/0-8e000 (2/240.0/NVL) GPU/0-89000 (2/240.0/NVL) GPU/0-b3000 (2/240.0/NVL) GPU/0-ad000 (0/5000.0/LOC) NVS/0-0 (1/240.0/NVL) CPU/0-0 (4/10.0/SYS) CPU/0-1 (3/24.0/PHB) NET/0-5 (6/10.0/SYS) NET/0-6 (6/12.5/PXN) NET/0-7 (6/12.5/PXN) NET/0-8 (6/12.5/PXN) NET/0-9 (4/12.5/PXB) 
x08j03289:87143:89046 [4] NCCL INFO               + PCI[24.0] - PCI/0-87000 (1000c01010de13b8)
x08j03289:87143:89046 [4] NCCL INFO                             + PCI[24.0] - GPU/0-89000 (4)
x08j03289:87143:89046 [4] NCCL INFO                                           + NVL[240.0] - NVS/0-0
x08j03289:87143:89046 [4] NCCL INFO + PCI[24.0] - PCI/0-a6000 (1000c0101000ffff)
x08j03289:87143:89046 [4] NCCL INFO               + PCI[24.0] - NIC/0-b4000
x08j03289:87143:89046 [4] NCCL INFO                             + NET[12.5] - NET/0-9 (0/49db00003fd7010/1/12.500000)
x08j03289:87143:89046 [4] NCCL INFO               + PCI[24.0] - PCI/0-b1000 (1000c01010de13b8)
x08j03289:87143:89046 [4] NCCL INFO                             + PCI[24.0] - GPU/0-b3000 (7)
x08j03289:87143:89046 [4] NCCL INFO                                           + NVL[240.0] - NVS/0-0
x08j03289:87143:89046 [4] NCCL INFO               + PCI[24.0] - PCI/0-ab000 (1000c01010de13b8)
x08j03289:87143:89046 [4] NCCL INFO                             + PCI[24.0] - GPU/0-ad000 (6)
x08j03289:87143:89046 [4] NCCL INFO                                           + NVL[240.0] - NVS/0-0
x08j03289:87143:89046 [4] NCCL INFO + SYS[10.0] - CPU/0-0
x08j03289:87143:89046 [4] NCCL INFO ==========================================
x08j03289:87146:89012 [6] NCCL INFO GPU/0-13000 :GPU/0-13000 (0/5000.0/LOC) GPU/0-19000 (2/240.0/NVL) GPU/0-4d000 (2/240.0/NVL) GPU/0-48000 (2/240.0/NVL) GPU/0-8e000 (2/240.0/NVL) GPU/0-89000 (2/240.0/NVL) GPU/0-b3000 (2/240.0/NVL) GPU/0-ad000 (2/240.0/NVL) NVS/0-0 (1/240.0/NVL) CPU/0-0 (3/24.0/PHB) CPU/0-1 (4/10.0/SYS) NET/0-5 (5/12.5/PHB) NET/0-6 (4/12.5/PXB) NET/0-7 (6/12.5/PXN) NET/0-8 (6/12.5/PXN) NET/0-9 (6/12.5/PXN) 
x08j03289:87146:89012 [6] NCCL INFO GPU/0-19000 :GPU/0-13000 (2/240.0/NVL) GPU/0-19000 (0/5000.0/LOC) GPU/0-4d000 (2/240.0/NVL) GPU/0-48000 (2/240.0/NVL) GPU/0-8e000 (2/240.0/NVL) GPU/0-89000 (2/240.0/NVL) GPU/0-b3000 (2/240.0/NVL) GPU/0-ad000 (2/240.0/NVL) NVS/0-0 (1/240.0/NVL) CPU/0-0 (3/24.0/PHB) CPU/0-1 (4/10.0/SYS) NET/0-5 (5/12.5/PHB) NET/0-6 (4/12.5/PXB) NET/0-7 (6/12.5/PXN) NET/0-8 (6/12.5/PXN) NET/0-9 (6/12.5/PXN) 
x08j03289:87146:89012 [6] NCCL INFO GPU/0-4d000 :GPU/0-13000 (2/240.0/NVL) GPU/0-19000 (2/240.0/NVL) GPU/0-4d000 (0/5000.0/LOC) GPU/0-48000 (2/240.0/NVL) GPU/0-8e000 (2/240.0/NVL) GPU/0-89000 (2/240.0/NVL) GPU/0-b3000 (2/240.0/NVL) GPU/0-ad000 (2/240.0/NVL) NVS/0-0 (1/240.0/NVL) CPU/0-0 (3/24.0/PHB) CPU/0-1 (4/10.0/SYS) NET/0-5 (5/12.5/PHB) NET/0-6 (6/12.5/PXN) NET/0-7 (4/12.5/PXB) NET/0-8 (6/12.5/PXN) NET/0-9 (6/12.5/PXN) 
x08j03289:87146:89012 [6] NCCL INFO GPU/0-48000 :GPU/0-13000 (2/240.0/NVL) GPU/0-19000 (2/240.0/NVL) GPU/0-4d000 (2/240.0/NVL) GPU/0-48000 (0/5000.0/LOC) GPU/0-8e000 (2/240.0/NVL) GPU/0-89000 (2/240.0/NVL) GPU/0-b3000 (2/240.0/NVL) GPU/0-ad000 (2/240.0/NVL) NVS/0-0 (1/240.0/NVL) CPU/0-0 (3/24.0/PHB) CPU/0-1 (4/10.0/SYS) NET/0-5 (5/12.5/PHB) NET/0-6 (6/12.5/PXN) NET/0-7 (4/12.5/PXB) NET/0-8 (6/12.5/PXN) NET/0-9 (6/12.5/PXN) 
x08j03289:87142:89027 [3] NCCL INFO               + NET[12.5] - NET/0-5 (0/b83dd30003fd7010/1/12.500000)
x08j03289:87142:89027 [3] NCCL INFO + PCI[24.0] - PCI/0-c000 (1000c0101000ffff)
x08j03289:87142:89027 [3] NCCL INFO               + PCI[24.0] - PCI/0-11000 (1000c01010de13b8)
x08j03289:87142:89027 [3] NCCL INFO                             + PCI[24.0] - GPU/0-13000 (0)
x08j03289:87142:89027 [3] NCCL INFO                                           + NVL[240.0] - NVS/0-0
x08j03289:87142:89027 [3] NCCL INFO               + PCI[24.0] - NIC/0-1a000
x08j03289:87142:89027 [3] NCCL INFO                             + NET[12.5] - NET/0-6 (0/421e9f0003fd7010/1/12.500000)
x08j03289:87142:89027 [3] NCCL INFO               + PCI[24.0] - PCI/0-17000 (1000c01010de13b8)
x08j03289:87142:89027 [3] NCCL INFO                             + PCI[24.0] - GPU/0-19000 (1)
x08j03289:87142:89027 [3] NCCL INFO                                           + NVL[240.0] - NVS/0-0
x08j03289:87142:89027 [3] NCCL INFO + PCI[24.0] - PCI/0-41000 (1000c0101000ffff)
x08j03289:87142:89027 [3] NCCL INFO               + PCI[24.0] - NIC/0-4f000
x08j03289:87142:89027 [3] NCCL INFO                             + NET[12.5] - NET/0-7 (0/e09eb00003fd7010/1/12.500000)
x08j03289:87142:89027 [3] NCCL INFO               + PCI[24.0] - PCI/0-4b000 (1000c01010de13b8)
x08j03289:87142:89027 [3] NCCL INFO                             + PCI[24.0] - GPU/0-4d000 (3)
x08j03289:87142:89027 [3] NCCL INFO                                           + NVL[240.0] - NVS/0-0
x08j03289:87144:89164 [5] NCCL INFO               + PCI[24.0] - PCI/0-17000 (1000c01010de13b8)
x08j03289:87144:89164 [5] NCCL INFO                             + PCI[24.0] - GPU/0-19000 (1)
x08j03289:87144:89164 [5] NCCL INFO                                           + NVL[240.0] - NVS/0-0
x08j03289:87144:89164 [5] NCCL INFO + PCI[24.0] - PCI/0-41000 (1000c0101000ffff)
x08j03289:87144:89164 [5] NCCL INFO               + PCI[24.0] - NIC/0-4f000
x08j03289:87144:89164 [5] NCCL INFO                             + NET[12.5] - NET/0-7 (0/e09eb00003fd7010/1/12.500000)
x08j03289:87144:89164 [5] NCCL INFO               + PCI[24.0] - PCI/0-4b000 (1000c01010de13b8)
x08j03289:87144:89164 [5] NCCL INFO                             + PCI[24.0] - GPU/0-4d000 (3)
x08j03289:87144:89164 [5] NCCL INFO                                           + NVL[240.0] - NVS/0-0
x08j03289:87144:89164 [5] NCCL INFO               + PCI[24.0] - PCI/0-46000 (1000c01010de13b8)
x08j03289:87144:89164 [5] NCCL INFO                             + PCI[24.0] - GPU/0-48000 (2)
x08j03289:87144:89164 [5] NCCL INFO                                           + NVL[240.0] - NVS/0-0
x08j03289:87144:89164 [5] NCCL INFO + SYS[10.0] - CPU/0-1
x08j03289:87144:89164 [5] NCCL INFO CPU/0-1 (1/1/2)
x08j03289:87144:89164 [5] NCCL INFO + PCI[24.0] - PCI/0-82000 (1000c0101000ffff)
x08j03289:87144:89164 [5] NCCL INFO               + PCI[24.0] - NIC/0-90000
x08j03289:87144:89164 [5] NCCL INFO                             + NET[12.5] - NET/0-8 (0/461e9f0003fd7010/1/12.500000)
x08j03289:87141:89163 [2] NCCL INFO GPU/0-ad000 :GPU/0-13000 (2/240.0/NVL) GPU/0-19000 (2/240.0/NVL) GPU/0-4d000 (2/240.0/NVL) GPU/0-48000 (2/240.0/NVL) GPU/0-8e000 (2/240.0/NVL) GPU/0-89000 (2/240.0/NVL) GPU/0-b3000 (2/240.0/NVL) GPU/0-ad000 (0/5000.0/LOC) NVS/0-0 (1/240.0/NVL) CPU/0-0 (4/10.0/SYS) CPU/0-1 (3/24.0/PHB) NET/0-5 (6/10.0/SYS) NET/0-6 (6/12.5/PXN) NET/0-7 (6/12.5/PXN) NET/0-8 (6/12.5/PXN) NET/0-9 (4/12.5/PXB) 
x08j03289:87141:89163 [2] NCCL INFO NET/0-5 :GPU/0-13000 (5/12.5/PHB) GPU/0-19000 (5/12.5/PHB) GPU/0-4d000 (5/12.5/PHB) GPU/0-48000 (5/12.5/PHB) GPU/0-8e000 (6/10.0/SYS) GPU/0-89000 (6/10.0/SYS) GPU/0-b3000 (6/10.0/SYS) GPU/0-ad000 (6/10.0/SYS) CPU/0-0 (2/12.5/PHB) CPU/0-1 (3/10.0/SYS) NET/0-5 (0/5000.0/LOC) NET/0-6 (5/12.5/PHB) NET/0-7 (5/12.5/PHB) NET/0-8 (6/10.0/SYS) NET/0-9 (6/10.0/SYS) 
x08j03289:87141:89163 [2] NCCL INFO NET/0-6 :GPU/0-13000 (4/12.5/PXB) GPU/0-19000 (4/12.5/PXB) GPU/0-4d000 (6/12.5/PHB) GPU/0-48000 (6/12.5/PHB) GPU/0-8e000 (7/10.0/SYS) GPU/0-89000 (7/10.0/SYS) GPU/0-b3000 (7/10.0/SYS) GPU/0-ad000 (7/10.0/SYS) CPU/0-0 (3/12.5/PHB) CPU/0-1 (4/10.0/SYS) NET/0-5 (5/12.5/PHB) NET/0-6 (0/5000.0/LOC) NET/0-7 (6/12.5/PHB) NET/0-8 (7/10.0/SYS) NET/0-9 (7/10.0/SYS) 
x08j03289:87141:89163 [2] NCCL INFO NET/0-7 :GPU/0-13000 (6/12.5/PHB) GPU/0-19000 (6/12.5/PHB) GPU/0-4d000 (4/12.5/PXB) GPU/0-48000 (4/12.5/PXB) GPU/0-8e000 (7/10.0/SYS) GPU/0-89000 (7/10.0/SYS) GPU/0-b3000 (7/10.0/SYS) GPU/0-ad000 (7/10.0/SYS) CPU/0-0 (3/12.5/PHB) CPU/0-1 (4/10.0/SYS) NET/0-5 (5/12.5/PHB) NET/0-6 (6/12.5/PHB) NET/0-7 (0/5000.0/LOC) NET/0-8 (7/10.0/SYS) NET/0-9 (7/10.0/SYS) 
x08j03289:87141:89163 [2] NCCL INFO NET/0-8 :GPU/0-13000 (7/10.0/SYS) GPU/0-19000 (7/10.0/SYS) GPU/0-4d000 (7/10.0/SYS) GPU/0-48000 (7/10.0/SYS) GPU/0-8e000 (4/12.5/PXB) GPU/0-89000 (4/12.5/PXB) GPU/0-b3000 (6/12.5/PHB) GPU/0-ad000 (6/12.5/PHB) CPU/0-0 (4/10.0/SYS) CPU/0-1 (3/12.5/PHB) NET/0-5 (6/10.0/SYS) NET/0-6 (7/10.0/SYS) NET/0-7 (7/10.0/SYS) NET/0-8 (0/5000.0/LOC) NET/0-9 (6/12.5/PHB) 
x08j03289:87144:89164 [5] NCCL INFO               + PCI[24.0] - PCI/0-8c000 (1000c01010de13b8)
x08j03289:87144:89164 [5] NCCL INFO                             + PCI[24.0] - GPU/0-8e000 (5)
x08j03289:87144:89164 [5] NCCL INFO                                           + NVL[240.0] - NVS/0-0
x08j03289:87148:89061 [7] NCCL INFO                                           + NVL[240.0] - NVS/0-0
x08j03289:87148:89061 [7] NCCL INFO + PCI[24.0] - PCI/0-41000 (1000c0101000ffff)
x08j03289:87148:89061 [7] NCCL INFO               + PCI[24.0] - NIC/0-4f000
x08j03289:87148:89061 [7] NCCL INFO                             + NET[12.5] - NET/0-7 (0/e09eb00003fd7010/1/12.500000)
x08j03289:87148:89061 [7] NCCL INFO               + PCI[24.0] - PCI/0-4b000 (1000c01010de13b8)
x08j03289:87148:89061 [7] NCCL INFO                             + PCI[24.0] - GPU/0-4d000 (3)
x08j03289:87148:89061 [7] NCCL INFO                                           + NVL[240.0] - NVS/0-0
x08j03289:87148:89061 [7] NCCL INFO               + PCI[24.0] - PCI/0-46000 (1000c01010de13b8)
x08j03289:87148:89061 [7] NCCL INFO                             + PCI[24.0] - GPU/0-48000 (2)
x08j03289:87148:89061 [7] NCCL INFO                                           + NVL[240.0] - NVS/0-0
x08j03289:87148:89061 [7] NCCL INFO + SYS[10.0] - CPU/0-1
x08j03289:87140:89008 [1] NCCL INFO + SYS[10.0] - CPU/0-1
x08j03289:87140:89008 [1] NCCL INFO CPU/0-1 (1/1/2)
x08j03289:87140:89008 [1] NCCL INFO + PCI[24.0] - PCI/0-82000 (1000c0101000ffff)
x08j03289:87140:89008 [1] NCCL INFO               + PCI[24.0] - NIC/0-90000
x08j03289:87140:89008 [1] NCCL INFO                             + NET[12.5] - NET/0-8 (0/461e9f0003fd7010/1/12.500000)
x08j03289:87140:89008 [1] NCCL INFO               + PCI[24.0] - PCI/0-8c000 (1000c01010de13b8)
x08j03289:87140:89008 [1] NCCL INFO                             + PCI[24.0] - GPU/0-8e000 (5)
x08j03289:87140:89008 [1] NCCL INFO                                           + NVL[240.0] - NVS/0-0
x08j03289:87140:89008 [1] NCCL INFO               + PCI[24.0] - PCI/0-87000 (1000c01010de13b8)
x08j03289:87140:89008 [1] NCCL INFO                             + PCI[24.0] - GPU/0-89000 (4)
x08j03289:87139:89038 [0] NCCL INFO NET/0-5 :GPU/0-13000 (5/12.5/PHB) GPU/0-19000 (5/12.5/PHB) GPU/0-4d000 (5/12.5/PHB) GPU/0-48000 (5/12.5/PHB) GPU/0-8e000 (6/10.0/SYS) GPU/0-89000 (6/10.0/SYS) GPU/0-b3000 (6/10.0/SYS) GPU/0-ad000 (6/10.0/SYS) CPU/0-0 (2/12.5/PHB) CPU/0-1 (3/10.0/SYS) NET/0-5 (0/5000.0/LOC) NET/0-6 (5/12.5/PHB) NET/0-7 (5/12.5/PHB) NET/0-8 (6/10.0/SYS) NET/0-9 (6/10.0/SYS) 
x08j03289:87139:89038 [0] NCCL INFO NET/0-6 :GPU/0-13000 (4/12.5/PXB) GPU/0-19000 (4/12.5/PXB) GPU/0-4d000 (6/12.5/PHB) GPU/0-48000 (6/12.5/PHB) GPU/0-8e000 (7/10.0/SYS) GPU/0-89000 (7/10.0/SYS) GPU/0-b3000 (7/10.0/SYS) GPU/0-ad000 (7/10.0/SYS) CPU/0-0 (3/12.5/PHB) CPU/0-1 (4/10.0/SYS) NET/0-5 (5/12.5/PHB) NET/0-6 (0/5000.0/LOC) NET/0-7 (6/12.5/PHB) NET/0-8 (7/10.0/SYS) NET/0-9 (7/10.0/SYS) 
x08j03289:87139:89038 [0] NCCL INFO NET/0-7 :GPU/0-13000 (6/12.5/PHB) GPU/0-19000 (6/12.5/PHB) GPU/0-4d000 (4/12.5/PXB) GPU/0-48000 (4/12.5/PXB) GPU/0-8e000 (7/10.0/SYS) GPU/0-89000 (7/10.0/SYS) GPU/0-b3000 (7/10.0/SYS) GPU/0-ad000 (7/10.0/SYS) CPU/0-0 (3/12.5/PHB) CPU/0-1 (4/10.0/SYS) NET/0-5 (5/12.5/PHB) NET/0-6 (6/12.5/PHB) NET/0-7 (0/5000.0/LOC) NET/0-8 (7/10.0/SYS) NET/0-9 (7/10.0/SYS) 
x08j03289:87139:89038 [0] NCCL INFO NET/0-8 :GPU/0-13000 (7/10.0/SYS) GPU/0-19000 (7/10.0/SYS) GPU/0-4d000 (7/10.0/SYS) GPU/0-48000 (7/10.0/SYS) GPU/0-8e000 (4/12.5/PXB) GPU/0-89000 (4/12.5/PXB) GPU/0-b3000 (6/12.5/PHB) GPU/0-ad000 (6/12.5/PHB) CPU/0-0 (4/10.0/SYS) CPU/0-1 (3/12.5/PHB) NET/0-5 (6/10.0/SYS) NET/0-6 (7/10.0/SYS) NET/0-7 (7/10.0/SYS) NET/0-8 (0/5000.0/LOC) NET/0-9 (6/12.5/PHB) 
x08j03289:87143:89046 [4] NCCL INFO GPU/0-13000 :GPU/0-13000 (0/5000.0/LOC) GPU/0-19000 (2/240.0/NVL) GPU/0-4d000 (2/240.0/NVL) GPU/0-48000 (2/240.0/NVL) GPU/0-8e000 (2/240.0/NVL) GPU/0-89000 (2/240.0/NVL) GPU/0-b3000 (2/240.0/NVL) GPU/0-ad000 (2/240.0/NVL) NVS/0-0 (1/240.0/NVL) CPU/0-0 (3/24.0/PHB) CPU/0-1 (4/10.0/SYS) NET/0-5 (5/12.5/PHB) NET/0-6 (4/12.5/PXB) NET/0-7 (6/12.5/PXN) NET/0-8 (6/12.5/PXN) NET/0-9 (6/12.5/PXN) 
x08j03289:87143:89046 [4] NCCL INFO GPU/0-19000 :GPU/0-13000 (2/240.0/NVL) GPU/0-19000 (0/5000.0/LOC) GPU/0-4d000 (2/240.0/NVL) GPU/0-48000 (2/240.0/NVL) GPU/0-8e000 (2/240.0/NVL) GPU/0-89000 (2/240.0/NVL) GPU/0-b3000 (2/240.0/NVL) GPU/0-ad000 (2/240.0/NVL) NVS/0-0 (1/240.0/NVL) CPU/0-0 (3/24.0/PHB) CPU/0-1 (4/10.0/SYS) NET/0-5 (5/12.5/PHB) NET/0-6 (4/12.5/PXB) NET/0-7 (6/12.5/PXN) NET/0-8 (6/12.5/PXN) NET/0-9 (6/12.5/PXN) 
x08j03289:87143:89046 [4] NCCL INFO GPU/0-4d000 :GPU/0-13000 (2/240.0/NVL) GPU/0-19000 (2/240.0/NVL) GPU/0-4d000 (0/5000.0/LOC) GPU/0-48000 (2/240.0/NVL) GPU/0-8e000 (2/240.0/NVL) GPU/0-89000 (2/240.0/NVL) GPU/0-b3000 (2/240.0/NVL) GPU/0-ad000 (2/240.0/NVL) NVS/0-0 (1/240.0/NVL) CPU/0-0 (3/24.0/PHB) CPU/0-1 (4/10.0/SYS) NET/0-5 (5/12.5/PHB) NET/0-6 (6/12.5/PXN) NET/0-7 (4/12.5/PXB) NET/0-8 (6/12.5/PXN) NET/0-9 (6/12.5/PXN) 
x08j03289:87143:89046 [4] NCCL INFO GPU/0-48000 :GPU/0-13000 (2/240.0/NVL) GPU/0-19000 (2/240.0/NVL) GPU/0-4d000 (2/240.0/NVL) GPU/0-48000 (0/5000.0/LOC) GPU/0-8e000 (2/240.0/NVL) GPU/0-89000 (2/240.0/NVL) GPU/0-b3000 (2/240.0/NVL) GPU/0-ad000 (2/240.0/NVL) NVS/0-0 (1/240.0/NVL) CPU/0-0 (3/24.0/PHB) CPU/0-1 (4/10.0/SYS) NET/0-5 (5/12.5/PHB) NET/0-6 (6/12.5/PXN) NET/0-7 (4/12.5/PXB) NET/0-8 (6/12.5/PXN) NET/0-9 (6/12.5/PXN) 
x08j03289:87143:89046 [4] NCCL INFO GPU/0-8e000 :GPU/0-13000 (2/240.0/NVL) GPU/0-19000 (2/240.0/NVL) GPU/0-4d000 (2/240.0/NVL) GPU/0-48000 (2/240.0/NVL) GPU/0-8e000 (0/5000.0/LOC) GPU/0-89000 (2/240.0/NVL) GPU/0-b3000 (2/240.0/NVL) GPU/0-ad000 (2/240.0/NVL) NVS/0-0 (1/240.0/NVL) CPU/0-0 (4/10.0/SYS) CPU/0-1 (3/24.0/PHB) NET/0-5 (6/10.0/SYS) NET/0-6 (6/12.5/PXN) NET/0-7 (6/12.5/PXN) NET/0-8 (4/12.5/PXB) NET/0-9 (6/12.5/PXN) 
x08j03289:87146:89012 [6] NCCL INFO GPU/0-8e000 :GPU/0-13000 (2/240.0/NVL) GPU/0-19000 (2/240.0/NVL) GPU/0-4d000 (2/240.0/NVL) GPU/0-48000 (2/240.0/NVL) GPU/0-8e000 (0/5000.0/LOC) GPU/0-89000 (2/240.0/NVL) GPU/0-b3000 (2/240.0/NVL) GPU/0-ad000 (2/240.0/NVL) NVS/0-0 (1/240.0/NVL) CPU/0-0 (4/10.0/SYS) CPU/0-1 (3/24.0/PHB) NET/0-5 (6/10.0/SYS) NET/0-6 (6/12.5/PXN) NET/0-7 (6/12.5/PXN) NET/0-8 (4/12.5/PXB) NET/0-9 (6/12.5/PXN) 
x08j03289:87146:89012 [6] NCCL INFO GPU/0-89000 :GPU/0-13000 (2/240.0/NVL) GPU/0-19000 (2/240.0/NVL) GPU/0-4d000 (2/240.0/NVL) GPU/0-48000 (2/240.0/NVL) GPU/0-8e000 (2/240.0/NVL) GPU/0-89000 (0/5000.0/LOC) GPU/0-b3000 (2/240.0/NVL) GPU/0-ad000 (2/240.0/NVL) NVS/0-0 (1/240.0/NVL) CPU/0-0 (4/10.0/SYS) CPU/0-1 (3/24.0/PHB) NET/0-5 (6/10.0/SYS) NET/0-6 (6/12.5/PXN) NET/0-7 (6/12.5/PXN) NET/0-8 (4/12.5/PXB) NET/0-9 (6/12.5/PXN) 
x08j03289:87146:89012 [6] NCCL INFO GPU/0-b3000 :GPU/0-13000 (2/240.0/NVL) GPU/0-19000 (2/240.0/NVL) GPU/0-4d000 (2/240.0/NVL) GPU/0-48000 (2/240.0/NVL) GPU/0-8e000 (2/240.0/NVL) GPU/0-89000 (2/240.0/NVL) GPU/0-b3000 (0/5000.0/LOC) GPU/0-ad000 (2/240.0/NVL) NVS/0-0 (1/240.0/NVL) CPU/0-0 (4/10.0/SYS) CPU/0-1 (3/24.0/PHB) NET/0-5 (6/10.0/SYS) NET/0-6 (6/12.5/PXN) NET/0-7 (6/12.5/PXN) NET/0-8 (6/12.5/PXN) NET/0-9 (4/12.5/PXB) 
x08j03289:87146:89012 [6] NCCL INFO GPU/0-ad000 :GPU/0-13000 (2/240.0/NVL) GPU/0-19000 (2/240.0/NVL) GPU/0-4d000 (2/240.0/NVL) GPU/0-48000 (2/240.0/NVL) GPU/0-8e000 (2/240.0/NVL) GPU/0-89000 (2/240.0/NVL) GPU/0-b3000 (2/240.0/NVL) GPU/0-ad000 (0/5000.0/LOC) NVS/0-0 (1/240.0/NVL) CPU/0-0 (4/10.0/SYS) CPU/0-1 (3/24.0/PHB) NET/0-5 (6/10.0/SYS) NET/0-6 (6/12.5/PXN) NET/0-7 (6/12.5/PXN) NET/0-8 (6/12.5/PXN) NET/0-9 (4/12.5/PXB) 
x08j03289:87146:89012 [6] NCCL INFO NET/0-5 :GPU/0-13000 (5/12.5/PHB) GPU/0-19000 (5/12.5/PHB) GPU/0-4d000 (5/12.5/PHB) GPU/0-48000 (5/12.5/PHB) GPU/0-8e000 (6/10.0/SYS) GPU/0-89000 (6/10.0/SYS) GPU/0-b3000 (6/10.0/SYS) GPU/0-ad000 (6/10.0/SYS) CPU/0-0 (2/12.5/PHB) CPU/0-1 (3/10.0/SYS) NET/0-5 (0/5000.0/LOC) NET/0-6 (5/12.5/PHB) NET/0-7 (5/12.5/PHB) NET/0-8 (6/10.0/SYS) NET/0-9 (6/10.0/SYS) 
x08j03289:87142:89027 [3] NCCL INFO               + PCI[24.0] - PCI/0-46000 (1000c01010de13b8)
x08j03289:87142:89027 [3] NCCL INFO                             + PCI[24.0] - GPU/0-48000 (2)
x08j03289:87142:89027 [3] NCCL INFO                                           + NVL[240.0] - NVS/0-0
x08j03289:87142:89027 [3] NCCL INFO + SYS[10.0] - CPU/0-1
x08j03289:87142:89027 [3] NCCL INFO CPU/0-1 (1/1/2)
x08j03289:87142:89027 [3] NCCL INFO + PCI[24.0] - PCI/0-82000 (1000c0101000ffff)
x08j03289:87142:89027 [3] NCCL INFO               + PCI[24.0] - NIC/0-90000
x08j03289:87142:89027 [3] NCCL INFO                             + NET[12.5] - NET/0-8 (0/461e9f0003fd7010/1/12.500000)
x08j03289:87142:89027 [3] NCCL INFO               + PCI[24.0] - PCI/0-8c000 (1000c01010de13b8)
x08j03289:87142:89027 [3] NCCL INFO                             + PCI[24.0] - GPU/0-8e000 (5)
x08j03289:87142:89027 [3] NCCL INFO                                           + NVL[240.0] - NVS/0-0
x08j03289:87141:89163 [2] NCCL INFO NET/0-9 :GPU/0-13000 (7/10.0/SYS) GPU/0-19000 (7/10.0/SYS) GPU/0-4d000 (7/10.0/SYS) GPU/0-48000 (7/10.0/SYS) GPU/0-8e000 (6/12.5/PHB) GPU/0-89000 (6/12.5/PHB) GPU/0-b3000 (4/12.5/PXB) GPU/0-ad000 (4/12.5/PXB) CPU/0-0 (4/10.0/SYS) CPU/0-1 (3/12.5/PHB) NET/0-5 (6/10.0/SYS) NET/0-6 (7/10.0/SYS) NET/0-7 (7/10.0/SYS) NET/0-8 (6/12.5/PHB) NET/0-9 (0/5000.0/LOC) 
x08j03289:87141:89163 [2] NCCL INFO Setting affinity for GPU 2 to ffffffff,00000000,ffffffff
x08j03289:87141:89163 [2] NCCL INFO NVLS multicast support is not available on dev 2
x08j03289:87142:89027 [3] NCCL INFO               + PCI[24.0] - PCI/0-87000 (1000c01010de13b8)
x08j03289:87142:89027 [3] NCCL INFO                             + PCI[24.0] - GPU/0-89000 (4)
x08j03289:87142:89027 [3] NCCL INFO                                           + NVL[240.0] - NVS/0-0
x08j03289:87142:89027 [3] NCCL INFO + PCI[24.0] - PCI/0-a6000 (1000c0101000ffff)
x08j03289:87144:89164 [5] NCCL INFO               + PCI[24.0] - PCI/0-87000 (1000c01010de13b8)
x08j03289:87144:89164 [5] NCCL INFO                             + PCI[24.0] - GPU/0-89000 (4)
x08j03289:87144:89164 [5] NCCL INFO                                           + NVL[240.0] - NVS/0-0
x08j03289:87144:89164 [5] NCCL INFO + PCI[24.0] - PCI/0-a6000 (1000c0101000ffff)
x08j03289:87144:89164 [5] NCCL INFO               + PCI[24.0] - NIC/0-b4000
x08j03289:87144:89164 [5] NCCL INFO                             + NET[12.5] - NET/0-9 (0/49db00003fd7010/1/12.500000)
x08j03289:87144:89164 [5] NCCL INFO               + PCI[24.0] - PCI/0-b1000 (1000c01010de13b8)
x08j03289:87144:89164 [5] NCCL INFO                             + PCI[24.0] - GPU/0-b3000 (7)
x08j03289:87144:89164 [5] NCCL INFO                                           + NVL[240.0] - NVS/0-0
x08j03289:87144:89164 [5] NCCL INFO               + PCI[24.0] - PCI/0-ab000 (1000c01010de13b8)
x08j03289:87144:89164 [5] NCCL INFO                             + PCI[24.0] - GPU/0-ad000 (6)
x08j03289:87144:89164 [5] NCCL INFO                                           + NVL[240.0] - NVS/0-0
x08j03289:87148:89061 [7] NCCL INFO CPU/0-1 (1/1/2)
x08j03289:87148:89061 [7] NCCL INFO + PCI[24.0] - PCI/0-82000 (1000c0101000ffff)
x08j03289:87148:89061 [7] NCCL INFO               + PCI[24.0] - NIC/0-90000
x08j03289:87148:89061 [7] NCCL INFO                             + NET[12.5] - NET/0-8 (0/461e9f0003fd7010/1/12.500000)
x08j03289:87148:89061 [7] NCCL INFO               + PCI[24.0] - PCI/0-8c000 (1000c01010de13b8)
x08j03289:87148:89061 [7] NCCL INFO                             + PCI[24.0] - GPU/0-8e000 (5)
x08j03289:87148:89061 [7] NCCL INFO                                           + NVL[240.0] - NVS/0-0
x08j03289:87148:89061 [7] NCCL INFO               + PCI[24.0] - PCI/0-87000 (1000c01010de13b8)
x08j03289:87148:89061 [7] NCCL INFO                             + PCI[24.0] - GPU/0-89000 (4)
x08j03289:87148:89061 [7] NCCL INFO                                           + NVL[240.0] - NVS/0-0
x08j03289:87148:89061 [7] NCCL INFO + PCI[24.0] - PCI/0-a6000 (1000c0101000ffff)
x08j03289:87140:89008 [1] NCCL INFO                                           + NVL[240.0] - NVS/0-0
x08j03289:87140:89008 [1] NCCL INFO + PCI[24.0] - PCI/0-a6000 (1000c0101000ffff)
x08j03289:87140:89008 [1] NCCL INFO               + PCI[24.0] - NIC/0-b4000
x08j03289:87140:89008 [1] NCCL INFO                             + NET[12.5] - NET/0-9 (0/49db00003fd7010/1/12.500000)
x08j03289:87140:89008 [1] NCCL INFO               + PCI[24.0] - PCI/0-b1000 (1000c01010de13b8)
x08j03289:87140:89008 [1] NCCL INFO                             + PCI[24.0] - GPU/0-b3000 (7)
x08j03289:87140:89008 [1] NCCL INFO                                           + NVL[240.0] - NVS/0-0
x08j03289:87140:89008 [1] NCCL INFO               + PCI[24.0] - PCI/0-ab000 (1000c01010de13b8)
x08j03289:87140:89008 [1] NCCL INFO                             + PCI[24.0] - GPU/0-ad000 (6)
x08j03289:87140:89008 [1] NCCL INFO                                           + NVL[240.0] - NVS/0-0
x08j03289:87140:89008 [1] NCCL INFO + SYS[10.0] - CPU/0-0
x08j03289:87140:89008 [1] NCCL INFO ==========================================
x08j03289:87139:89038 [0] NCCL INFO NET/0-9 :GPU/0-13000 (7/10.0/SYS) GPU/0-19000 (7/10.0/SYS) GPU/0-4d000 (7/10.0/SYS) GPU/0-48000 (7/10.0/SYS) GPU/0-8e000 (6/12.5/PHB) GPU/0-89000 (6/12.5/PHB) GPU/0-b3000 (4/12.5/PXB) GPU/0-ad000 (4/12.5/PXB) CPU/0-0 (4/10.0/SYS) CPU/0-1 (3/12.5/PHB) NET/0-5 (6/10.0/SYS) NET/0-6 (7/10.0/SYS) NET/0-7 (7/10.0/SYS) NET/0-8 (6/12.5/PHB) NET/0-9 (0/5000.0/LOC) 
x08j03289:87139:89038 [0] NCCL INFO Setting affinity for GPU 0 to ffffffff,00000000,ffffffff
x08j03289:87139:89038 [0] NCCL INFO NVLS multicast support is not available on dev 0
x08j03289:87143:89046 [4] NCCL INFO GPU/0-89000 :GPU/0-13000 (2/240.0/NVL) GPU/0-19000 (2/240.0/NVL) GPU/0-4d000 (2/240.0/NVL) GPU/0-48000 (2/240.0/NVL) GPU/0-8e000 (2/240.0/NVL) GPU/0-89000 (0/5000.0/LOC) GPU/0-b3000 (2/240.0/NVL) GPU/0-ad000 (2/240.0/NVL) NVS/0-0 (1/240.0/NVL) CPU/0-0 (4/10.0/SYS) CPU/0-1 (3/24.0/PHB) NET/0-5 (6/10.0/SYS) NET/0-6 (6/12.5/PXN) NET/0-7 (6/12.5/PXN) NET/0-8 (4/12.5/PXB) NET/0-9 (6/12.5/PXN) 
x08j03289:87143:89046 [4] NCCL INFO GPU/0-b3000 :GPU/0-13000 (2/240.0/NVL) GPU/0-19000 (2/240.0/NVL) GPU/0-4d000 (2/240.0/NVL) GPU/0-48000 (2/240.0/NVL) GPU/0-8e000 (2/240.0/NVL) GPU/0-89000 (2/240.0/NVL) GPU/0-b3000 (0/5000.0/LOC) GPU/0-ad000 (2/240.0/NVL) NVS/0-0 (1/240.0/NVL) CPU/0-0 (4/10.0/SYS) CPU/0-1 (3/24.0/PHB) NET/0-5 (6/10.0/SYS) NET/0-6 (6/12.5/PXN) NET/0-7 (6/12.5/PXN) NET/0-8 (6/12.5/PXN) NET/0-9 (4/12.5/PXB) 
x08j03289:87143:89046 [4] NCCL INFO GPU/0-ad000 :GPU/0-13000 (2/240.0/NVL) GPU/0-19000 (2/240.0/NVL) GPU/0-4d000 (2/240.0/NVL) GPU/0-48000 (2/240.0/NVL) GPU/0-8e000 (2/240.0/NVL) GPU/0-89000 (2/240.0/NVL) GPU/0-b3000 (2/240.0/NVL) GPU/0-ad000 (0/5000.0/LOC) NVS/0-0 (1/240.0/NVL) CPU/0-0 (4/10.0/SYS) CPU/0-1 (3/24.0/PHB) NET/0-5 (6/10.0/SYS) NET/0-6 (6/12.5/PXN) NET/0-7 (6/12.5/PXN) NET/0-8 (6/12.5/PXN) NET/0-9 (4/12.5/PXB) 
x08j03289:87143:89046 [4] NCCL INFO NET/0-5 :GPU/0-13000 (5/12.5/PHB) GPU/0-19000 (5/12.5/PHB) GPU/0-4d000 (5/12.5/PHB) GPU/0-48000 (5/12.5/PHB) GPU/0-8e000 (6/10.0/SYS) GPU/0-89000 (6/10.0/SYS) GPU/0-b3000 (6/10.0/SYS) GPU/0-ad000 (6/10.0/SYS) CPU/0-0 (2/12.5/PHB) CPU/0-1 (3/10.0/SYS) NET/0-5 (0/5000.0/LOC) NET/0-6 (5/12.5/PHB) NET/0-7 (5/12.5/PHB) NET/0-8 (6/10.0/SYS) NET/0-9 (6/10.0/SYS) 
x08j03289:87143:89046 [4] NCCL INFO NET/0-6 :GPU/0-13000 (4/12.5/PXB) GPU/0-19000 (4/12.5/PXB) GPU/0-4d000 (6/12.5/PHB) GPU/0-48000 (6/12.5/PHB) GPU/0-8e000 (7/10.0/SYS) GPU/0-89000 (7/10.0/SYS) GPU/0-b3000 (7/10.0/SYS) GPU/0-ad000 (7/10.0/SYS) CPU/0-0 (3/12.5/PHB) CPU/0-1 (4/10.0/SYS) NET/0-5 (5/12.5/PHB) NET/0-6 (0/5000.0/LOC) NET/0-7 (6/12.5/PHB) NET/0-8 (7/10.0/SYS) NET/0-9 (7/10.0/SYS) 
x08j03289:87146:89012 [6] NCCL INFO NET/0-6 :GPU/0-13000 (4/12.5/PXB) GPU/0-19000 (4/12.5/PXB) GPU/0-4d000 (6/12.5/PHB) GPU/0-48000 (6/12.5/PHB) GPU/0-8e000 (7/10.0/SYS) GPU/0-89000 (7/10.0/SYS) GPU/0-b3000 (7/10.0/SYS) GPU/0-ad000 (7/10.0/SYS) CPU/0-0 (3/12.5/PHB) CPU/0-1 (4/10.0/SYS) NET/0-5 (5/12.5/PHB) NET/0-6 (0/5000.0/LOC) NET/0-7 (6/12.5/PHB) NET/0-8 (7/10.0/SYS) NET/0-9 (7/10.0/SYS) 
x08j03289:87146:89012 [6] NCCL INFO NET/0-7 :GPU/0-13000 (6/12.5/PHB) GPU/0-19000 (6/12.5/PHB) GPU/0-4d000 (4/12.5/PXB) GPU/0-48000 (4/12.5/PXB) GPU/0-8e000 (7/10.0/SYS) GPU/0-89000 (7/10.0/SYS) GPU/0-b3000 (7/10.0/SYS) GPU/0-ad000 (7/10.0/SYS) CPU/0-0 (3/12.5/PHB) CPU/0-1 (4/10.0/SYS) NET/0-5 (5/12.5/PHB) NET/0-6 (6/12.5/PHB) NET/0-7 (0/5000.0/LOC) NET/0-8 (7/10.0/SYS) NET/0-9 (7/10.0/SYS) 
x08j03289:87146:89012 [6] NCCL INFO NET/0-8 :GPU/0-13000 (7/10.0/SYS) GPU/0-19000 (7/10.0/SYS) GPU/0-4d000 (7/10.0/SYS) GPU/0-48000 (7/10.0/SYS) GPU/0-8e000 (4/12.5/PXB) GPU/0-89000 (4/12.5/PXB) GPU/0-b3000 (6/12.5/PHB) GPU/0-ad000 (6/12.5/PHB) CPU/0-0 (4/10.0/SYS) CPU/0-1 (3/12.5/PHB) NET/0-5 (6/10.0/SYS) NET/0-6 (7/10.0/SYS) NET/0-7 (7/10.0/SYS) NET/0-8 (0/5000.0/LOC) NET/0-9 (6/12.5/PHB) 
x08j03289:87146:89012 [6] NCCL INFO NET/0-9 :GPU/0-13000 (7/10.0/SYS) GPU/0-19000 (7/10.0/SYS) GPU/0-4d000 (7/10.0/SYS) GPU/0-48000 (7/10.0/SYS) GPU/0-8e000 (6/12.5/PHB) GPU/0-89000 (6/12.5/PHB) GPU/0-b3000 (4/12.5/PXB) GPU/0-ad000 (4/12.5/PXB) CPU/0-0 (4/10.0/SYS) CPU/0-1 (3/12.5/PHB) NET/0-5 (6/10.0/SYS) NET/0-6 (7/10.0/SYS) NET/0-7 (7/10.0/SYS) NET/0-8 (6/12.5/PHB) NET/0-9 (0/5000.0/LOC) 
x08j03289:87146:89012 [6] NCCL INFO NVLS multicast support is not available on dev 6
x08j03289:87142:89027 [3] NCCL INFO               + PCI[24.0] - NIC/0-b4000
x08j03289:87142:89027 [3] NCCL INFO                             + NET[12.5] - NET/0-9 (0/49db00003fd7010/1/12.500000)
x08j03289:87142:89027 [3] NCCL INFO               + PCI[24.0] - PCI/0-b1000 (1000c01010de13b8)
x08j03289:87142:89027 [3] NCCL INFO                             + PCI[24.0] - GPU/0-b3000 (7)
x08j03289:87142:89027 [3] NCCL INFO                                           + NVL[240.0] - NVS/0-0
x08j03289:87142:89027 [3] NCCL INFO               + PCI[24.0] - PCI/0-ab000 (1000c01010de13b8)
x08j03289:87142:89027 [3] NCCL INFO                             + PCI[24.0] - GPU/0-ad000 (6)
x08j03289:87142:89027 [3] NCCL INFO                                           + NVL[240.0] - NVS/0-0
x08j03289:87142:89027 [3] NCCL INFO + SYS[10.0] - CPU/0-0
x08j03289:87142:89027 [3] NCCL INFO ==========================================
x08j03289:87144:89164 [5] NCCL INFO + SYS[10.0] - CPU/0-0
x08j03289:87144:89164 [5] NCCL INFO ==========================================
x08j03289:87144:89164 [5] NCCL INFO GPU/0-13000 :GPU/0-13000 (0/5000.0/LOC) GPU/0-19000 (2/240.0/NVL) GPU/0-4d000 (2/240.0/NVL) GPU/0-48000 (2/240.0/NVL) GPU/0-8e000 (2/240.0/NVL) GPU/0-89000 (2/240.0/NVL) GPU/0-b3000 (2/240.0/NVL) GPU/0-ad000 (2/240.0/NVL) NVS/0-0 (1/240.0/NVL) CPU/0-0 (3/24.0/PHB) CPU/0-1 (4/10.0/SYS) NET/0-5 (5/12.5/PHB) NET/0-6 (4/12.5/PXB) NET/0-7 (6/12.5/PXN) NET/0-8 (6/12.5/PXN) NET/0-9 (6/12.5/PXN) 
x08j03289:87144:89164 [5] NCCL INFO GPU/0-19000 :GPU/0-13000 (2/240.0/NVL) GPU/0-19000 (0/5000.0/LOC) GPU/0-4d000 (2/240.0/NVL) GPU/0-48000 (2/240.0/NVL) GPU/0-8e000 (2/240.0/NVL) GPU/0-89000 (2/240.0/NVL) GPU/0-b3000 (2/240.0/NVL) GPU/0-ad000 (2/240.0/NVL) NVS/0-0 (1/240.0/NVL) CPU/0-0 (3/24.0/PHB) CPU/0-1 (4/10.0/SYS) NET/0-5 (5/12.5/PHB) NET/0-6 (4/12.5/PXB) NET/0-7 (6/12.5/PXN) NET/0-8 (6/12.5/PXN) NET/0-9 (6/12.5/PXN) 
x08j03289:87148:89061 [7] NCCL INFO               + PCI[24.0] - NIC/0-b4000
x08j03289:87148:89061 [7] NCCL INFO                             + NET[12.5] - NET/0-9 (0/49db00003fd7010/1/12.500000)
x08j03289:87148:89061 [7] NCCL INFO               + PCI[24.0] - PCI/0-b1000 (1000c01010de13b8)
x08j03289:87148:89061 [7] NCCL INFO                             + PCI[24.0] - GPU/0-b3000 (7)
x08j03289:87148:89061 [7] NCCL INFO                                           + NVL[240.0] - NVS/0-0
x08j03289:87148:89061 [7] NCCL INFO               + PCI[24.0] - PCI/0-ab000 (1000c01010de13b8)
x08j03289:87148:89061 [7] NCCL INFO                             + PCI[24.0] - GPU/0-ad000 (6)
x08j03289:87148:89061 [7] NCCL INFO                                           + NVL[240.0] - NVS/0-0
x08j03289:87148:89061 [7] NCCL INFO + SYS[10.0] - CPU/0-0
x08j03289:87148:89061 [7] NCCL INFO ==========================================
x08j03289:87148:89061 [7] NCCL INFO GPU/0-13000 :GPU/0-13000 (0/5000.0/LOC) GPU/0-19000 (2/240.0/NVL) GPU/0-4d000 (2/240.0/NVL) GPU/0-48000 (2/240.0/NVL) GPU/0-8e000 (2/240.0/NVL) GPU/0-89000 (2/240.0/NVL) GPU/0-b3000 (2/240.0/NVL) GPU/0-ad000 (2/240.0/NVL) NVS/0-0 (1/240.0/NVL) CPU/0-0 (3/24.0/PHB) CPU/0-1 (4/10.0/SYS) NET/0-5 (5/12.5/PHB) NET/0-6 (4/12.5/PXB) NET/0-7 (6/12.5/PXN) NET/0-8 (6/12.5/PXN) NET/0-9 (6/12.5/PXN) 
x08j03289:87140:89008 [1] NCCL INFO GPU/0-13000 :GPU/0-13000 (0/5000.0/LOC) GPU/0-19000 (2/240.0/NVL) GPU/0-4d000 (2/240.0/NVL) GPU/0-48000 (2/240.0/NVL) GPU/0-8e000 (2/240.0/NVL) GPU/0-89000 (2/240.0/NVL) GPU/0-b3000 (2/240.0/NVL) GPU/0-ad000 (2/240.0/NVL) NVS/0-0 (1/240.0/NVL) CPU/0-0 (3/24.0/PHB) CPU/0-1 (4/10.0/SYS) NET/0-5 (5/12.5/PHB) NET/0-6 (4/12.5/PXB) NET/0-7 (6/12.5/PXN) NET/0-8 (6/12.5/PXN) NET/0-9 (6/12.5/PXN) 
x08j03289:87140:89008 [1] NCCL INFO GPU/0-19000 :GPU/0-13000 (2/240.0/NVL) GPU/0-19000 (0/5000.0/LOC) GPU/0-4d000 (2/240.0/NVL) GPU/0-48000 (2/240.0/NVL) GPU/0-8e000 (2/240.0/NVL) GPU/0-89000 (2/240.0/NVL) GPU/0-b3000 (2/240.0/NVL) GPU/0-ad000 (2/240.0/NVL) NVS/0-0 (1/240.0/NVL) CPU/0-0 (3/24.0/PHB) CPU/0-1 (4/10.0/SYS) NET/0-5 (5/12.5/PHB) NET/0-6 (4/12.5/PXB) NET/0-7 (6/12.5/PXN) NET/0-8 (6/12.5/PXN) NET/0-9 (6/12.5/PXN) 
x08j03289:87140:89008 [1] NCCL INFO GPU/0-4d000 :GPU/0-13000 (2/240.0/NVL) GPU/0-19000 (2/240.0/NVL) GPU/0-4d000 (0/5000.0/LOC) GPU/0-48000 (2/240.0/NVL) GPU/0-8e000 (2/240.0/NVL) GPU/0-89000 (2/240.0/NVL) GPU/0-b3000 (2/240.0/NVL) GPU/0-ad000 (2/240.0/NVL) NVS/0-0 (1/240.0/NVL) CPU/0-0 (3/24.0/PHB) CPU/0-1 (4/10.0/SYS) NET/0-5 (5/12.5/PHB) NET/0-6 (6/12.5/PXN) NET/0-7 (4/12.5/PXB) NET/0-8 (6/12.5/PXN) NET/0-9 (6/12.5/PXN) 
x08j03289:87140:89008 [1] NCCL INFO GPU/0-48000 :GPU/0-13000 (2/240.0/NVL) GPU/0-19000 (2/240.0/NVL) GPU/0-4d000 (2/240.0/NVL) GPU/0-48000 (0/5000.0/LOC) GPU/0-8e000 (2/240.0/NVL) GPU/0-89000 (2/240.0/NVL) GPU/0-b3000 (2/240.0/NVL) GPU/0-ad000 (2/240.0/NVL) NVS/0-0 (1/240.0/NVL) CPU/0-0 (3/24.0/PHB) CPU/0-1 (4/10.0/SYS) NET/0-5 (5/12.5/PHB) NET/0-6 (6/12.5/PXN) NET/0-7 (4/12.5/PXB) NET/0-8 (6/12.5/PXN) NET/0-9 (6/12.5/PXN) 
x08j03289:87143:89046 [4] NCCL INFO NET/0-7 :GPU/0-13000 (6/12.5/PHB) GPU/0-19000 (6/12.5/PHB) GPU/0-4d000 (4/12.5/PXB) GPU/0-48000 (4/12.5/PXB) GPU/0-8e000 (7/10.0/SYS) GPU/0-89000 (7/10.0/SYS) GPU/0-b3000 (7/10.0/SYS) GPU/0-ad000 (7/10.0/SYS) CPU/0-0 (3/12.5/PHB) CPU/0-1 (4/10.0/SYS) NET/0-5 (5/12.5/PHB) NET/0-6 (6/12.5/PHB) NET/0-7 (0/5000.0/LOC) NET/0-8 (7/10.0/SYS) NET/0-9 (7/10.0/SYS) 
x08j03289:87143:89046 [4] NCCL INFO NET/0-8 :GPU/0-13000 (7/10.0/SYS) GPU/0-19000 (7/10.0/SYS) GPU/0-4d000 (7/10.0/SYS) GPU/0-48000 (7/10.0/SYS) GPU/0-8e000 (4/12.5/PXB) GPU/0-89000 (4/12.5/PXB) GPU/0-b3000 (6/12.5/PHB) GPU/0-ad000 (6/12.5/PHB) CPU/0-0 (4/10.0/SYS) CPU/0-1 (3/12.5/PHB) NET/0-5 (6/10.0/SYS) NET/0-6 (7/10.0/SYS) NET/0-7 (7/10.0/SYS) NET/0-8 (0/5000.0/LOC) NET/0-9 (6/12.5/PHB) 
x08j03289:87143:89046 [4] NCCL INFO NET/0-9 :GPU/0-13000 (7/10.0/SYS) GPU/0-19000 (7/10.0/SYS) GPU/0-4d000 (7/10.0/SYS) GPU/0-48000 (7/10.0/SYS) GPU/0-8e000 (6/12.5/PHB) GPU/0-89000 (6/12.5/PHB) GPU/0-b3000 (4/12.5/PXB) GPU/0-ad000 (4/12.5/PXB) CPU/0-0 (4/10.0/SYS) CPU/0-1 (3/12.5/PHB) NET/0-5 (6/10.0/SYS) NET/0-6 (7/10.0/SYS) NET/0-7 (7/10.0/SYS) NET/0-8 (6/12.5/PHB) NET/0-9 (0/5000.0/LOC) 
x08j03289:87143:89046 [4] NCCL INFO NVLS multicast support is not available on dev 4
x08j03289:87142:89027 [3] NCCL INFO GPU/0-13000 :GPU/0-13000 (0/5000.0/LOC) GPU/0-19000 (2/240.0/NVL) GPU/0-4d000 (2/240.0/NVL) GPU/0-48000 (2/240.0/NVL) GPU/0-8e000 (2/240.0/NVL) GPU/0-89000 (2/240.0/NVL) GPU/0-b3000 (2/240.0/NVL) GPU/0-ad000 (2/240.0/NVL) NVS/0-0 (1/240.0/NVL) CPU/0-0 (3/24.0/PHB) CPU/0-1 (4/10.0/SYS) NET/0-5 (5/12.5/PHB) NET/0-6 (4/12.5/PXB) NET/0-7 (6/12.5/PXN) NET/0-8 (6/12.5/PXN) NET/0-9 (6/12.5/PXN) 
x08j03289:87142:89027 [3] NCCL INFO GPU/0-19000 :GPU/0-13000 (2/240.0/NVL) GPU/0-19000 (0/5000.0/LOC) GPU/0-4d000 (2/240.0/NVL) GPU/0-48000 (2/240.0/NVL) GPU/0-8e000 (2/240.0/NVL) GPU/0-89000 (2/240.0/NVL) GPU/0-b3000 (2/240.0/NVL) GPU/0-ad000 (2/240.0/NVL) NVS/0-0 (1/240.0/NVL) CPU/0-0 (3/24.0/PHB) CPU/0-1 (4/10.0/SYS) NET/0-5 (5/12.5/PHB) NET/0-6 (4/12.5/PXB) NET/0-7 (6/12.5/PXN) NET/0-8 (6/12.5/PXN) NET/0-9 (6/12.5/PXN) 
x08j03289:87142:89027 [3] NCCL INFO GPU/0-4d000 :GPU/0-13000 (2/240.0/NVL) GPU/0-19000 (2/240.0/NVL) GPU/0-4d000 (0/5000.0/LOC) GPU/0-48000 (2/240.0/NVL) GPU/0-8e000 (2/240.0/NVL) GPU/0-89000 (2/240.0/NVL) GPU/0-b3000 (2/240.0/NVL) GPU/0-ad000 (2/240.0/NVL) NVS/0-0 (1/240.0/NVL) CPU/0-0 (3/24.0/PHB) CPU/0-1 (4/10.0/SYS) NET/0-5 (5/12.5/PHB) NET/0-6 (6/12.5/PXN) NET/0-7 (4/12.5/PXB) NET/0-8 (6/12.5/PXN) NET/0-9 (6/12.5/PXN) 
x08j03289:87144:89164 [5] NCCL INFO GPU/0-4d000 :GPU/0-13000 (2/240.0/NVL) GPU/0-19000 (2/240.0/NVL) GPU/0-4d000 (0/5000.0/LOC) GPU/0-48000 (2/240.0/NVL) GPU/0-8e000 (2/240.0/NVL) GPU/0-89000 (2/240.0/NVL) GPU/0-b3000 (2/240.0/NVL) GPU/0-ad000 (2/240.0/NVL) NVS/0-0 (1/240.0/NVL) CPU/0-0 (3/24.0/PHB) CPU/0-1 (4/10.0/SYS) NET/0-5 (5/12.5/PHB) NET/0-6 (6/12.5/PXN) NET/0-7 (4/12.5/PXB) NET/0-8 (6/12.5/PXN) NET/0-9 (6/12.5/PXN) 
x08j03289:87144:89164 [5] NCCL INFO GPU/0-48000 :GPU/0-13000 (2/240.0/NVL) GPU/0-19000 (2/240.0/NVL) GPU/0-4d000 (2/240.0/NVL) GPU/0-48000 (0/5000.0/LOC) GPU/0-8e000 (2/240.0/NVL) GPU/0-89000 (2/240.0/NVL) GPU/0-b3000 (2/240.0/NVL) GPU/0-ad000 (2/240.0/NVL) NVS/0-0 (1/240.0/NVL) CPU/0-0 (3/24.0/PHB) CPU/0-1 (4/10.0/SYS) NET/0-5 (5/12.5/PHB) NET/0-6 (6/12.5/PXN) NET/0-7 (4/12.5/PXB) NET/0-8 (6/12.5/PXN) NET/0-9 (6/12.5/PXN) 
x08j03289:87144:89164 [5] NCCL INFO GPU/0-8e000 :GPU/0-13000 (2/240.0/NVL) GPU/0-19000 (2/240.0/NVL) GPU/0-4d000 (2/240.0/NVL) GPU/0-48000 (2/240.0/NVL) GPU/0-8e000 (0/5000.0/LOC) GPU/0-89000 (2/240.0/NVL) GPU/0-b3000 (2/240.0/NVL) GPU/0-ad000 (2/240.0/NVL) NVS/0-0 (1/240.0/NVL) CPU/0-0 (4/10.0/SYS) CPU/0-1 (3/24.0/PHB) NET/0-5 (6/10.0/SYS) NET/0-6 (6/12.5/PXN) NET/0-7 (6/12.5/PXN) NET/0-8 (4/12.5/PXB) NET/0-9 (6/12.5/PXN) 
x08j03289:87144:89164 [5] NCCL INFO GPU/0-89000 :GPU/0-13000 (2/240.0/NVL) GPU/0-19000 (2/240.0/NVL) GPU/0-4d000 (2/240.0/NVL) GPU/0-48000 (2/240.0/NVL) GPU/0-8e000 (2/240.0/NVL) GPU/0-89000 (0/5000.0/LOC) GPU/0-b3000 (2/240.0/NVL) GPU/0-ad000 (2/240.0/NVL) NVS/0-0 (1/240.0/NVL) CPU/0-0 (4/10.0/SYS) CPU/0-1 (3/24.0/PHB) NET/0-5 (6/10.0/SYS) NET/0-6 (6/12.5/PXN) NET/0-7 (6/12.5/PXN) NET/0-8 (4/12.5/PXB) NET/0-9 (6/12.5/PXN) 
x08j03289:87148:89061 [7] NCCL INFO GPU/0-19000 :GPU/0-13000 (2/240.0/NVL) GPU/0-19000 (0/5000.0/LOC) GPU/0-4d000 (2/240.0/NVL) GPU/0-48000 (2/240.0/NVL) GPU/0-8e000 (2/240.0/NVL) GPU/0-89000 (2/240.0/NVL) GPU/0-b3000 (2/240.0/NVL) GPU/0-ad000 (2/240.0/NVL) NVS/0-0 (1/240.0/NVL) CPU/0-0 (3/24.0/PHB) CPU/0-1 (4/10.0/SYS) NET/0-5 (5/12.5/PHB) NET/0-6 (4/12.5/PXB) NET/0-7 (6/12.5/PXN) NET/0-8 (6/12.5/PXN) NET/0-9 (6/12.5/PXN) 
x08j03289:87148:89061 [7] NCCL INFO GPU/0-4d000 :GPU/0-13000 (2/240.0/NVL) GPU/0-19000 (2/240.0/NVL) GPU/0-4d000 (0/5000.0/LOC) GPU/0-48000 (2/240.0/NVL) GPU/0-8e000 (2/240.0/NVL) GPU/0-89000 (2/240.0/NVL) GPU/0-b3000 (2/240.0/NVL) GPU/0-ad000 (2/240.0/NVL) NVS/0-0 (1/240.0/NVL) CPU/0-0 (3/24.0/PHB) CPU/0-1 (4/10.0/SYS) NET/0-5 (5/12.5/PHB) NET/0-6 (6/12.5/PXN) NET/0-7 (4/12.5/PXB) NET/0-8 (6/12.5/PXN) NET/0-9 (6/12.5/PXN) 
x08j03289:87148:89061 [7] NCCL INFO GPU/0-48000 :GPU/0-13000 (2/240.0/NVL) GPU/0-19000 (2/240.0/NVL) GPU/0-4d000 (2/240.0/NVL) GPU/0-48000 (0/5000.0/LOC) GPU/0-8e000 (2/240.0/NVL) GPU/0-89000 (2/240.0/NVL) GPU/0-b3000 (2/240.0/NVL) GPU/0-ad000 (2/240.0/NVL) NVS/0-0 (1/240.0/NVL) CPU/0-0 (3/24.0/PHB) CPU/0-1 (4/10.0/SYS) NET/0-5 (5/12.5/PHB) NET/0-6 (6/12.5/PXN) NET/0-7 (4/12.5/PXB) NET/0-8 (6/12.5/PXN) NET/0-9 (6/12.5/PXN) 
x08j03289:87140:89008 [1] NCCL INFO GPU/0-8e000 :GPU/0-13000 (2/240.0/NVL) GPU/0-19000 (2/240.0/NVL) GPU/0-4d000 (2/240.0/NVL) GPU/0-48000 (2/240.0/NVL) GPU/0-8e000 (0/5000.0/LOC) GPU/0-89000 (2/240.0/NVL) GPU/0-b3000 (2/240.0/NVL) GPU/0-ad000 (2/240.0/NVL) NVS/0-0 (1/240.0/NVL) CPU/0-0 (4/10.0/SYS) CPU/0-1 (3/24.0/PHB) NET/0-5 (6/10.0/SYS) NET/0-6 (6/12.5/PXN) NET/0-7 (6/12.5/PXN) NET/0-8 (4/12.5/PXB) NET/0-9 (6/12.5/PXN) 
x08j03289:87140:89008 [1] NCCL INFO GPU/0-89000 :GPU/0-13000 (2/240.0/NVL) GPU/0-19000 (2/240.0/NVL) GPU/0-4d000 (2/240.0/NVL) GPU/0-48000 (2/240.0/NVL) GPU/0-8e000 (2/240.0/NVL) GPU/0-89000 (0/5000.0/LOC) GPU/0-b3000 (2/240.0/NVL) GPU/0-ad000 (2/240.0/NVL) NVS/0-0 (1/240.0/NVL) CPU/0-0 (4/10.0/SYS) CPU/0-1 (3/24.0/PHB) NET/0-5 (6/10.0/SYS) NET/0-6 (6/12.5/PXN) NET/0-7 (6/12.5/PXN) NET/0-8 (4/12.5/PXB) NET/0-9 (6/12.5/PXN) 
x08j03289:87140:89008 [1] NCCL INFO GPU/0-b3000 :GPU/0-13000 (2/240.0/NVL) GPU/0-19000 (2/240.0/NVL) GPU/0-4d000 (2/240.0/NVL) GPU/0-48000 (2/240.0/NVL) GPU/0-8e000 (2/240.0/NVL) GPU/0-89000 (2/240.0/NVL) GPU/0-b3000 (0/5000.0/LOC) GPU/0-ad000 (2/240.0/NVL) NVS/0-0 (1/240.0/NVL) CPU/0-0 (4/10.0/SYS) CPU/0-1 (3/24.0/PHB) NET/0-5 (6/10.0/SYS) NET/0-6 (6/12.5/PXN) NET/0-7 (6/12.5/PXN) NET/0-8 (6/12.5/PXN) NET/0-9 (4/12.5/PXB) 
x08j03289:87142:89027 [3] NCCL INFO GPU/0-48000 :GPU/0-13000 (2/240.0/NVL) GPU/0-19000 (2/240.0/NVL) GPU/0-4d000 (2/240.0/NVL) GPU/0-48000 (0/5000.0/LOC) GPU/0-8e000 (2/240.0/NVL) GPU/0-89000 (2/240.0/NVL) GPU/0-b3000 (2/240.0/NVL) GPU/0-ad000 (2/240.0/NVL) NVS/0-0 (1/240.0/NVL) CPU/0-0 (3/24.0/PHB) CPU/0-1 (4/10.0/SYS) NET/0-5 (5/12.5/PHB) NET/0-6 (6/12.5/PXN) NET/0-7 (4/12.5/PXB) NET/0-8 (6/12.5/PXN) NET/0-9 (6/12.5/PXN) 
x08j03289:87142:89027 [3] NCCL INFO GPU/0-8e000 :GPU/0-13000 (2/240.0/NVL) GPU/0-19000 (2/240.0/NVL) GPU/0-4d000 (2/240.0/NVL) GPU/0-48000 (2/240.0/NVL) GPU/0-8e000 (0/5000.0/LOC) GPU/0-89000 (2/240.0/NVL) GPU/0-b3000 (2/240.0/NVL) GPU/0-ad000 (2/240.0/NVL) NVS/0-0 (1/240.0/NVL) CPU/0-0 (4/10.0/SYS) CPU/0-1 (3/24.0/PHB) NET/0-5 (6/10.0/SYS) NET/0-6 (6/12.5/PXN) NET/0-7 (6/12.5/PXN) NET/0-8 (4/12.5/PXB) NET/0-9 (6/12.5/PXN) 
x08j03289:87142:89027 [3] NCCL INFO GPU/0-89000 :GPU/0-13000 (2/240.0/NVL) GPU/0-19000 (2/240.0/NVL) GPU/0-4d000 (2/240.0/NVL) GPU/0-48000 (2/240.0/NVL) GPU/0-8e000 (2/240.0/NVL) GPU/0-89000 (0/5000.0/LOC) GPU/0-b3000 (2/240.0/NVL) GPU/0-ad000 (2/240.0/NVL) NVS/0-0 (1/240.0/NVL) CPU/0-0 (4/10.0/SYS) CPU/0-1 (3/24.0/PHB) NET/0-5 (6/10.0/SYS) NET/0-6 (6/12.5/PXN) NET/0-7 (6/12.5/PXN) NET/0-8 (4/12.5/PXB) NET/0-9 (6/12.5/PXN) 
x08j03289:87144:89164 [5] NCCL INFO GPU/0-b3000 :GPU/0-13000 (2/240.0/NVL) GPU/0-19000 (2/240.0/NVL) GPU/0-4d000 (2/240.0/NVL) GPU/0-48000 (2/240.0/NVL) GPU/0-8e000 (2/240.0/NVL) GPU/0-89000 (2/240.0/NVL) GPU/0-b3000 (0/5000.0/LOC) GPU/0-ad000 (2/240.0/NVL) NVS/0-0 (1/240.0/NVL) CPU/0-0 (4/10.0/SYS) CPU/0-1 (3/24.0/PHB) NET/0-5 (6/10.0/SYS) NET/0-6 (6/12.5/PXN) NET/0-7 (6/12.5/PXN) NET/0-8 (6/12.5/PXN) NET/0-9 (4/12.5/PXB) 
x08j03289:87144:89164 [5] NCCL INFO GPU/0-ad000 :GPU/0-13000 (2/240.0/NVL) GPU/0-19000 (2/240.0/NVL) GPU/0-4d000 (2/240.0/NVL) GPU/0-48000 (2/240.0/NVL) GPU/0-8e000 (2/240.0/NVL) GPU/0-89000 (2/240.0/NVL) GPU/0-b3000 (2/240.0/NVL) GPU/0-ad000 (0/5000.0/LOC) NVS/0-0 (1/240.0/NVL) CPU/0-0 (4/10.0/SYS) CPU/0-1 (3/24.0/PHB) NET/0-5 (6/10.0/SYS) NET/0-6 (6/12.5/PXN) NET/0-7 (6/12.5/PXN) NET/0-8 (6/12.5/PXN) NET/0-9 (4/12.5/PXB) 
x08j03289:87148:89061 [7] NCCL INFO GPU/0-8e000 :GPU/0-13000 (2/240.0/NVL) GPU/0-19000 (2/240.0/NVL) GPU/0-4d000 (2/240.0/NVL) GPU/0-48000 (2/240.0/NVL) GPU/0-8e000 (0/5000.0/LOC) GPU/0-89000 (2/240.0/NVL) GPU/0-b3000 (2/240.0/NVL) GPU/0-ad000 (2/240.0/NVL) NVS/0-0 (1/240.0/NVL) CPU/0-0 (4/10.0/SYS) CPU/0-1 (3/24.0/PHB) NET/0-5 (6/10.0/SYS) NET/0-6 (6/12.5/PXN) NET/0-7 (6/12.5/PXN) NET/0-8 (4/12.5/PXB) NET/0-9 (6/12.5/PXN) 
x08j03289:87148:89061 [7] NCCL INFO GPU/0-89000 :GPU/0-13000 (2/240.0/NVL) GPU/0-19000 (2/240.0/NVL) GPU/0-4d000 (2/240.0/NVL) GPU/0-48000 (2/240.0/NVL) GPU/0-8e000 (2/240.0/NVL) GPU/0-89000 (0/5000.0/LOC) GPU/0-b3000 (2/240.0/NVL) GPU/0-ad000 (2/240.0/NVL) NVS/0-0 (1/240.0/NVL) CPU/0-0 (4/10.0/SYS) CPU/0-1 (3/24.0/PHB) NET/0-5 (6/10.0/SYS) NET/0-6 (6/12.5/PXN) NET/0-7 (6/12.5/PXN) NET/0-8 (4/12.5/PXB) NET/0-9 (6/12.5/PXN) 
x08j03289:87140:89008 [1] NCCL INFO GPU/0-ad000 :GPU/0-13000 (2/240.0/NVL) GPU/0-19000 (2/240.0/NVL) GPU/0-4d000 (2/240.0/NVL) GPU/0-48000 (2/240.0/NVL) GPU/0-8e000 (2/240.0/NVL) GPU/0-89000 (2/240.0/NVL) GPU/0-b3000 (2/240.0/NVL) GPU/0-ad000 (0/5000.0/LOC) NVS/0-0 (1/240.0/NVL) CPU/0-0 (4/10.0/SYS) CPU/0-1 (3/24.0/PHB) NET/0-5 (6/10.0/SYS) NET/0-6 (6/12.5/PXN) NET/0-7 (6/12.5/PXN) NET/0-8 (6/12.5/PXN) NET/0-9 (4/12.5/PXB) 
x08j03289:87140:89008 [1] NCCL INFO NET/0-5 :GPU/0-13000 (5/12.5/PHB) GPU/0-19000 (5/12.5/PHB) GPU/0-4d000 (5/12.5/PHB) GPU/0-48000 (5/12.5/PHB) GPU/0-8e000 (6/10.0/SYS) GPU/0-89000 (6/10.0/SYS) GPU/0-b3000 (6/10.0/SYS) GPU/0-ad000 (6/10.0/SYS) CPU/0-0 (2/12.5/PHB) CPU/0-1 (3/10.0/SYS) NET/0-5 (0/5000.0/LOC) NET/0-6 (5/12.5/PHB) NET/0-7 (5/12.5/PHB) NET/0-8 (6/10.0/SYS) NET/0-9 (6/10.0/SYS) 
x08j03289:87140:89008 [1] NCCL INFO NET/0-6 :GPU/0-13000 (4/12.5/PXB) GPU/0-19000 (4/12.5/PXB) GPU/0-4d000 (6/12.5/PHB) GPU/0-48000 (6/12.5/PHB) GPU/0-8e000 (7/10.0/SYS) GPU/0-89000 (7/10.0/SYS) GPU/0-b3000 (7/10.0/SYS) GPU/0-ad000 (7/10.0/SYS) CPU/0-0 (3/12.5/PHB) CPU/0-1 (4/10.0/SYS) NET/0-5 (5/12.5/PHB) NET/0-6 (0/5000.0/LOC) NET/0-7 (6/12.5/PHB) NET/0-8 (7/10.0/SYS) NET/0-9 (7/10.0/SYS) 
x08j03289:87148:89061 [7] NCCL INFO GPU/0-b3000 :GPU/0-13000 (2/240.0/NVL) GPU/0-19000 (2/240.0/NVL) GPU/0-4d000 (2/240.0/NVL) GPU/0-48000 (2/240.0/NVL) GPU/0-8e000 (2/240.0/NVL) GPU/0-89000 (2/240.0/NVL) GPU/0-b3000 (0/5000.0/LOC) GPU/0-ad000 (2/240.0/NVL) NVS/0-0 (1/240.0/NVL) CPU/0-0 (4/10.0/SYS) CPU/0-1 (3/24.0/PHB) NET/0-5 (6/10.0/SYS) NET/0-6 (6/12.5/PXN) NET/0-7 (6/12.5/PXN) NET/0-8 (6/12.5/PXN) NET/0-9 (4/12.5/PXB) 
x08j03289:87148:89061 [7] NCCL INFO GPU/0-ad000 :GPU/0-13000 (2/240.0/NVL) GPU/0-19000 (2/240.0/NVL) GPU/0-4d000 (2/240.0/NVL) GPU/0-48000 (2/240.0/NVL) GPU/0-8e000 (2/240.0/NVL) GPU/0-89000 (2/240.0/NVL) GPU/0-b3000 (2/240.0/NVL) GPU/0-ad000 (0/5000.0/LOC) NVS/0-0 (1/240.0/NVL) CPU/0-0 (4/10.0/SYS) CPU/0-1 (3/24.0/PHB) NET/0-5 (6/10.0/SYS) NET/0-6 (6/12.5/PXN) NET/0-7 (6/12.5/PXN) NET/0-8 (6/12.5/PXN) NET/0-9 (4/12.5/PXB) 
x08j03289:87148:89061 [7] NCCL INFO NET/0-5 :GPU/0-13000 (5/12.5/PHB) GPU/0-19000 (5/12.5/PHB) GPU/0-4d000 (5/12.5/PHB) GPU/0-48000 (5/12.5/PHB) GPU/0-8e000 (6/10.0/SYS) GPU/0-89000 (6/10.0/SYS) GPU/0-b3000 (6/10.0/SYS) GPU/0-ad000 (6/10.0/SYS) CPU/0-0 (2/12.5/PHB) CPU/0-1 (3/10.0/SYS) NET/0-5 (0/5000.0/LOC) NET/0-6 (5/12.5/PHB) NET/0-7 (5/12.5/PHB) NET/0-8 (6/10.0/SYS) NET/0-9 (6/10.0/SYS) 
x08j03289:87142:89027 [3] NCCL INFO GPU/0-b3000 :GPU/0-13000 (2/240.0/NVL) GPU/0-19000 (2/240.0/NVL) GPU/0-4d000 (2/240.0/NVL) GPU/0-48000 (2/240.0/NVL) GPU/0-8e000 (2/240.0/NVL) GPU/0-89000 (2/240.0/NVL) GPU/0-b3000 (0/5000.0/LOC) GPU/0-ad000 (2/240.0/NVL) NVS/0-0 (1/240.0/NVL) CPU/0-0 (4/10.0/SYS) CPU/0-1 (3/24.0/PHB) NET/0-5 (6/10.0/SYS) NET/0-6 (6/12.5/PXN) NET/0-7 (6/12.5/PXN) NET/0-8 (6/12.5/PXN) NET/0-9 (4/12.5/PXB) 
x08j03289:87142:89027 [3] NCCL INFO GPU/0-ad000 :GPU/0-13000 (2/240.0/NVL) GPU/0-19000 (2/240.0/NVL) GPU/0-4d000 (2/240.0/NVL) GPU/0-48000 (2/240.0/NVL) GPU/0-8e000 (2/240.0/NVL) GPU/0-89000 (2/240.0/NVL) GPU/0-b3000 (2/240.0/NVL) GPU/0-ad000 (0/5000.0/LOC) NVS/0-0 (1/240.0/NVL) CPU/0-0 (4/10.0/SYS) CPU/0-1 (3/24.0/PHB) NET/0-5 (6/10.0/SYS) NET/0-6 (6/12.5/PXN) NET/0-7 (6/12.5/PXN) NET/0-8 (6/12.5/PXN) NET/0-9 (4/12.5/PXB) 
x08j03289:87142:89027 [3] NCCL INFO NET/0-5 :GPU/0-13000 (5/12.5/PHB) GPU/0-19000 (5/12.5/PHB) GPU/0-4d000 (5/12.5/PHB) GPU/0-48000 (5/12.5/PHB) GPU/0-8e000 (6/10.0/SYS) GPU/0-89000 (6/10.0/SYS) GPU/0-b3000 (6/10.0/SYS) GPU/0-ad000 (6/10.0/SYS) CPU/0-0 (2/12.5/PHB) CPU/0-1 (3/10.0/SYS) NET/0-5 (0/5000.0/LOC) NET/0-6 (5/12.5/PHB) NET/0-7 (5/12.5/PHB) NET/0-8 (6/10.0/SYS) NET/0-9 (6/10.0/SYS) 
x08j03289:87142:89027 [3] NCCL INFO NET/0-6 :GPU/0-13000 (4/12.5/PXB) GPU/0-19000 (4/12.5/PXB) GPU/0-4d000 (6/12.5/PHB) GPU/0-48000 (6/12.5/PHB) GPU/0-8e000 (7/10.0/SYS) GPU/0-89000 (7/10.0/SYS) GPU/0-b3000 (7/10.0/SYS) GPU/0-ad000 (7/10.0/SYS) CPU/0-0 (3/12.5/PHB) CPU/0-1 (4/10.0/SYS) NET/0-5 (5/12.5/PHB) NET/0-6 (0/5000.0/LOC) NET/0-7 (6/12.5/PHB) NET/0-8 (7/10.0/SYS) NET/0-9 (7/10.0/SYS) 
x08j03289:87144:89164 [5] NCCL INFO NET/0-5 :GPU/0-13000 (5/12.5/PHB) GPU/0-19000 (5/12.5/PHB) GPU/0-4d000 (5/12.5/PHB) GPU/0-48000 (5/12.5/PHB) GPU/0-8e000 (6/10.0/SYS) GPU/0-89000 (6/10.0/SYS) GPU/0-b3000 (6/10.0/SYS) GPU/0-ad000 (6/10.0/SYS) CPU/0-0 (2/12.5/PHB) CPU/0-1 (3/10.0/SYS) NET/0-5 (0/5000.0/LOC) NET/0-6 (5/12.5/PHB) NET/0-7 (5/12.5/PHB) NET/0-8 (6/10.0/SYS) NET/0-9 (6/10.0/SYS) 
x08j03289:87144:89164 [5] NCCL INFO NET/0-6 :GPU/0-13000 (4/12.5/PXB) GPU/0-19000 (4/12.5/PXB) GPU/0-4d000 (6/12.5/PHB) GPU/0-48000 (6/12.5/PHB) GPU/0-8e000 (7/10.0/SYS) GPU/0-89000 (7/10.0/SYS) GPU/0-b3000 (7/10.0/SYS) GPU/0-ad000 (7/10.0/SYS) CPU/0-0 (3/12.5/PHB) CPU/0-1 (4/10.0/SYS) NET/0-5 (5/12.5/PHB) NET/0-6 (0/5000.0/LOC) NET/0-7 (6/12.5/PHB) NET/0-8 (7/10.0/SYS) NET/0-9 (7/10.0/SYS) 
x08j03289:87144:89164 [5] NCCL INFO NET/0-7 :GPU/0-13000 (6/12.5/PHB) GPU/0-19000 (6/12.5/PHB) GPU/0-4d000 (4/12.5/PXB) GPU/0-48000 (4/12.5/PXB) GPU/0-8e000 (7/10.0/SYS) GPU/0-89000 (7/10.0/SYS) GPU/0-b3000 (7/10.0/SYS) GPU/0-ad000 (7/10.0/SYS) CPU/0-0 (3/12.5/PHB) CPU/0-1 (4/10.0/SYS) NET/0-5 (5/12.5/PHB) NET/0-6 (6/12.5/PHB) NET/0-7 (0/5000.0/LOC) NET/0-8 (7/10.0/SYS) NET/0-9 (7/10.0/SYS) 
x08j03289:87144:89164 [5] NCCL INFO NET/0-8 :GPU/0-13000 (7/10.0/SYS) GPU/0-19000 (7/10.0/SYS) GPU/0-4d000 (7/10.0/SYS) GPU/0-48000 (7/10.0/SYS) GPU/0-8e000 (4/12.5/PXB) GPU/0-89000 (4/12.5/PXB) GPU/0-b3000 (6/12.5/PHB) GPU/0-ad000 (6/12.5/PHB) CPU/0-0 (4/10.0/SYS) CPU/0-1 (3/12.5/PHB) NET/0-5 (6/10.0/SYS) NET/0-6 (7/10.0/SYS) NET/0-7 (7/10.0/SYS) NET/0-8 (0/5000.0/LOC) NET/0-9 (6/12.5/PHB) 
x08j03289:87144:89164 [5] NCCL INFO NET/0-9 :GPU/0-13000 (7/10.0/SYS) GPU/0-19000 (7/10.0/SYS) GPU/0-4d000 (7/10.0/SYS) GPU/0-48000 (7/10.0/SYS) GPU/0-8e000 (6/12.5/PHB) GPU/0-89000 (6/12.5/PHB) GPU/0-b3000 (4/12.5/PXB) GPU/0-ad000 (4/12.5/PXB) CPU/0-0 (4/10.0/SYS) CPU/0-1 (3/12.5/PHB) NET/0-5 (6/10.0/SYS) NET/0-6 (7/10.0/SYS) NET/0-7 (7/10.0/SYS) NET/0-8 (6/12.5/PHB) NET/0-9 (0/5000.0/LOC) 
x08j03289:87140:89008 [1] NCCL INFO NET/0-7 :GPU/0-13000 (6/12.5/PHB) GPU/0-19000 (6/12.5/PHB) GPU/0-4d000 (4/12.5/PXB) GPU/0-48000 (4/12.5/PXB) GPU/0-8e000 (7/10.0/SYS) GPU/0-89000 (7/10.0/SYS) GPU/0-b3000 (7/10.0/SYS) GPU/0-ad000 (7/10.0/SYS) CPU/0-0 (3/12.5/PHB) CPU/0-1 (4/10.0/SYS) NET/0-5 (5/12.5/PHB) NET/0-6 (6/12.5/PHB) NET/0-7 (0/5000.0/LOC) NET/0-8 (7/10.0/SYS) NET/0-9 (7/10.0/SYS) 
x08j03289:87140:89008 [1] NCCL INFO NET/0-8 :GPU/0-13000 (7/10.0/SYS) GPU/0-19000 (7/10.0/SYS) GPU/0-4d000 (7/10.0/SYS) GPU/0-48000 (7/10.0/SYS) GPU/0-8e000 (4/12.5/PXB) GPU/0-89000 (4/12.5/PXB) GPU/0-b3000 (6/12.5/PHB) GPU/0-ad000 (6/12.5/PHB) CPU/0-0 (4/10.0/SYS) CPU/0-1 (3/12.5/PHB) NET/0-5 (6/10.0/SYS) NET/0-6 (7/10.0/SYS) NET/0-7 (7/10.0/SYS) NET/0-8 (0/5000.0/LOC) NET/0-9 (6/12.5/PHB) 
x08j03289:87140:89008 [1] NCCL INFO NET/0-9 :GPU/0-13000 (7/10.0/SYS) GPU/0-19000 (7/10.0/SYS) GPU/0-4d000 (7/10.0/SYS) GPU/0-48000 (7/10.0/SYS) GPU/0-8e000 (6/12.5/PHB) GPU/0-89000 (6/12.5/PHB) GPU/0-b3000 (4/12.5/PXB) GPU/0-ad000 (4/12.5/PXB) CPU/0-0 (4/10.0/SYS) CPU/0-1 (3/12.5/PHB) NET/0-5 (6/10.0/SYS) NET/0-6 (7/10.0/SYS) NET/0-7 (7/10.0/SYS) NET/0-8 (6/12.5/PHB) NET/0-9 (0/5000.0/LOC) 
x08j03289:87140:89008 [1] NCCL INFO NVLS multicast support is not available on dev 1
x08j03289:87144:89164 [5] NCCL INFO Setting affinity for GPU 5 to ffffffff,00000000,ffffffff,00000000
x08j03289:87148:89061 [7] NCCL INFO NET/0-6 :GPU/0-13000 (4/12.5/PXB) GPU/0-19000 (4/12.5/PXB) GPU/0-4d000 (6/12.5/PHB) GPU/0-48000 (6/12.5/PHB) GPU/0-8e000 (7/10.0/SYS) GPU/0-89000 (7/10.0/SYS) GPU/0-b3000 (7/10.0/SYS) GPU/0-ad000 (7/10.0/SYS) CPU/0-0 (3/12.5/PHB) CPU/0-1 (4/10.0/SYS) NET/0-5 (5/12.5/PHB) NET/0-6 (0/5000.0/LOC) NET/0-7 (6/12.5/PHB) NET/0-8 (7/10.0/SYS) NET/0-9 (7/10.0/SYS) 
x08j03289:87148:89061 [7] NCCL INFO NET/0-7 :GPU/0-13000 (6/12.5/PHB) GPU/0-19000 (6/12.5/PHB) GPU/0-4d000 (4/12.5/PXB) GPU/0-48000 (4/12.5/PXB) GPU/0-8e000 (7/10.0/SYS) GPU/0-89000 (7/10.0/SYS) GPU/0-b3000 (7/10.0/SYS) GPU/0-ad000 (7/10.0/SYS) CPU/0-0 (3/12.5/PHB) CPU/0-1 (4/10.0/SYS) NET/0-5 (5/12.5/PHB) NET/0-6 (6/12.5/PHB) NET/0-7 (0/5000.0/LOC) NET/0-8 (7/10.0/SYS) NET/0-9 (7/10.0/SYS) 
x08j03289:87148:89061 [7] NCCL INFO NET/0-8 :GPU/0-13000 (7/10.0/SYS) GPU/0-19000 (7/10.0/SYS) GPU/0-4d000 (7/10.0/SYS) GPU/0-48000 (7/10.0/SYS) GPU/0-8e000 (4/12.5/PXB) GPU/0-89000 (4/12.5/PXB) GPU/0-b3000 (6/12.5/PHB) GPU/0-ad000 (6/12.5/PHB) CPU/0-0 (4/10.0/SYS) CPU/0-1 (3/12.5/PHB) NET/0-5 (6/10.0/SYS) NET/0-6 (7/10.0/SYS) NET/0-7 (7/10.0/SYS) NET/0-8 (0/5000.0/LOC) NET/0-9 (6/12.5/PHB) 
x08j03289:87148:89061 [7] NCCL INFO NET/0-9 :GPU/0-13000 (7/10.0/SYS) GPU/0-19000 (7/10.0/SYS) GPU/0-4d000 (7/10.0/SYS) GPU/0-48000 (7/10.0/SYS) GPU/0-8e000 (6/12.5/PHB) GPU/0-89000 (6/12.5/PHB) GPU/0-b3000 (4/12.5/PXB) GPU/0-ad000 (4/12.5/PXB) CPU/0-0 (4/10.0/SYS) CPU/0-1 (3/12.5/PHB) NET/0-5 (6/10.0/SYS) NET/0-6 (7/10.0/SYS) NET/0-7 (7/10.0/SYS) NET/0-8 (6/12.5/PHB) NET/0-9 (0/5000.0/LOC) 
x08j03289:87142:89027 [3] NCCL INFO NET/0-7 :GPU/0-13000 (6/12.5/PHB) GPU/0-19000 (6/12.5/PHB) GPU/0-4d000 (4/12.5/PXB) GPU/0-48000 (4/12.5/PXB) GPU/0-8e000 (7/10.0/SYS) GPU/0-89000 (7/10.0/SYS) GPU/0-b3000 (7/10.0/SYS) GPU/0-ad000 (7/10.0/SYS) CPU/0-0 (3/12.5/PHB) CPU/0-1 (4/10.0/SYS) NET/0-5 (5/12.5/PHB) NET/0-6 (6/12.5/PHB) NET/0-7 (0/5000.0/LOC) NET/0-8 (7/10.0/SYS) NET/0-9 (7/10.0/SYS) 
x08j03289:87142:89027 [3] NCCL INFO NET/0-8 :GPU/0-13000 (7/10.0/SYS) GPU/0-19000 (7/10.0/SYS) GPU/0-4d000 (7/10.0/SYS) GPU/0-48000 (7/10.0/SYS) GPU/0-8e000 (4/12.5/PXB) GPU/0-89000 (4/12.5/PXB) GPU/0-b3000 (6/12.5/PHB) GPU/0-ad000 (6/12.5/PHB) CPU/0-0 (4/10.0/SYS) CPU/0-1 (3/12.5/PHB) NET/0-5 (6/10.0/SYS) NET/0-6 (7/10.0/SYS) NET/0-7 (7/10.0/SYS) NET/0-8 (0/5000.0/LOC) NET/0-9 (6/12.5/PHB) 
x08j03289:87142:89027 [3] NCCL INFO NET/0-9 :GPU/0-13000 (7/10.0/SYS) GPU/0-19000 (7/10.0/SYS) GPU/0-4d000 (7/10.0/SYS) GPU/0-48000 (7/10.0/SYS) GPU/0-8e000 (6/12.5/PHB) GPU/0-89000 (6/12.5/PHB) GPU/0-b3000 (4/12.5/PXB) GPU/0-ad000 (4/12.5/PXB) CPU/0-0 (4/10.0/SYS) CPU/0-1 (3/12.5/PHB) NET/0-5 (6/10.0/SYS) NET/0-6 (7/10.0/SYS) NET/0-7 (7/10.0/SYS) NET/0-8 (6/12.5/PHB) NET/0-9 (0/5000.0/LOC) 
x08j03289:87144:89164 [5] NCCL INFO NVLS multicast support is not available on dev 5
x08j03289:87148:89061 [7] NCCL INFO Setting affinity for GPU 7 to ffffffff,00000000,ffffffff,00000000
x08j03289:87148:89061 [7] NCCL INFO NVLS multicast support is not available on dev 7
x08j03289:87142:89027 [3] NCCL INFO NVLS multicast support is not available on dev 3
x08j03290:58215:60303 [4] NCCL INFO Pattern 4, crossNic 0, nChannels 4, bw 12.000000/12.000000, type NVL/PXB, sameChannels 0
x08j03290:58215:60303 [4] NCCL INFO  0 : NET/0-6 GPU/8 GPU/14 GPU/15 GPU/12 GPU/13 GPU/10 GPU/11 GPU/9 NET/0-6
x08j03290:58215:60303 [4] NCCL INFO  1 : NET/0-7 GPU/11 GPU/9 GPU/8 GPU/14 GPU/15 GPU/12 GPU/13 GPU/10 NET/0-7
x08j03290:58215:60303 [4] NCCL INFO  2 : NET/0-8 GPU/13 GPU/10 GPU/11 GPU/9 GPU/8 GPU/14 GPU/15 GPU/12 NET/0-8
x08j03290:58215:60303 [4] NCCL INFO  3 : NET/0-9 GPU/15 GPU/12 GPU/13 GPU/10 GPU/11 GPU/9 GPU/8 GPU/14 NET/0-9
x08j03290:58215:60303 [4] NCCL INFO Pattern 1, crossNic 0, nChannels 4, bw 24.000000/12.000000, type NVL/PXB, sameChannels 0
x08j03290:58215:60303 [4] NCCL INFO  0 : NET/0-6 GPU/8 GPU/9 GPU/11 GPU/10 GPU/13 GPU/12 GPU/15 GPU/14 NET/0-6
x08j03290:58215:60303 [4] NCCL INFO  1 : NET/0-7 GPU/11 GPU/10 GPU/13 GPU/12 GPU/15 GPU/14 GPU/8 GPU/9 NET/0-7
x08j03290:58215:60303 [4] NCCL INFO  2 : NET/0-8 GPU/13 GPU/12 GPU/15 GPU/14 GPU/8 GPU/9 GPU/11 GPU/10 NET/0-8
x08j03290:58215:60303 [4] NCCL INFO  3 : NET/0-9 GPU/15 GPU/14 GPU/8 GPU/9 GPU/11 GPU/10 GPU/13 GPU/12 NET/0-9
x08j03290:58209:60217 [0] NCCL INFO Pattern 4, crossNic 0, nChannels 4, bw 12.000000/12.000000, type NVL/PXB, sameChannels 0
x08j03290:58209:60217 [0] NCCL INFO  0 : NET/0-6 GPU/8 GPU/14 GPU/15 GPU/12 GPU/13 GPU/10 GPU/11 GPU/9 NET/0-6
x08j03290:58209:60217 [0] NCCL INFO  1 : NET/0-7 GPU/11 GPU/9 GPU/8 GPU/14 GPU/15 GPU/12 GPU/13 GPU/10 NET/0-7
x08j03290:58209:60217 [0] NCCL INFO  2 : NET/0-8 GPU/13 GPU/10 GPU/11 GPU/9 GPU/8 GPU/14 GPU/15 GPU/12 NET/0-8
x08j03290:58209:60217 [0] NCCL INFO  3 : NET/0-9 GPU/15 GPU/12 GPU/13 GPU/10 GPU/11 GPU/9 GPU/8 GPU/14 NET/0-9
x08j03290:58209:60217 [0] NCCL INFO Pattern 1, crossNic 0, nChannels 4, bw 24.000000/12.000000, type NVL/PXB, sameChannels 0
x08j03290:58209:60217 [0] NCCL INFO  0 : NET/0-6 GPU/8 GPU/9 GPU/11 GPU/10 GPU/13 GPU/12 GPU/15 GPU/14 NET/0-6
x08j03290:58209:60217 [0] NCCL INFO  1 : NET/0-7 GPU/11 GPU/10 GPU/13 GPU/12 GPU/15 GPU/14 GPU/8 GPU/9 NET/0-7
x08j03290:58209:60217 [0] NCCL INFO  2 : NET/0-8 GPU/13 GPU/12 GPU/15 GPU/14 GPU/8 GPU/9 GPU/11 GPU/10 NET/0-8
x08j03290:58209:60217 [0] NCCL INFO  3 : NET/0-9 GPU/15 GPU/14 GPU/8 GPU/9 GPU/11 GPU/10 GPU/13 GPU/12 NET/0-9
x08j03290:58212:60305 [1] NCCL INFO Pattern 4, crossNic 0, nChannels 4, bw 12.000000/12.000000, type NVL/PXB, sameChannels 0
x08j03290:58212:60305 [1] NCCL INFO  0 : NET/0-6 GPU/8 GPU/14 GPU/15 GPU/12 GPU/13 GPU/10 GPU/11 GPU/9 NET/0-6
x08j03290:58212:60305 [1] NCCL INFO  1 : NET/0-7 GPU/11 GPU/9 GPU/8 GPU/14 GPU/15 GPU/12 GPU/13 GPU/10 NET/0-7
x08j03290:58212:60305 [1] NCCL INFO  2 : NET/0-8 GPU/13 GPU/10 GPU/11 GPU/9 GPU/8 GPU/14 GPU/15 GPU/12 NET/0-8
x08j03290:58212:60305 [1] NCCL INFO  3 : NET/0-9 GPU/15 GPU/12 GPU/13 GPU/10 GPU/11 GPU/9 GPU/8 GPU/14 NET/0-9
x08j03290:58212:60305 [1] NCCL INFO Pattern 1, crossNic 0, nChannels 4, bw 24.000000/12.000000, type NVL/PXB, sameChannels 0
x08j03290:58212:60305 [1] NCCL INFO  0 : NET/0-6 GPU/8 GPU/9 GPU/11 GPU/10 GPU/13 GPU/12 GPU/15 GPU/14 NET/0-6
x08j03290:58212:60305 [1] NCCL INFO  1 : NET/0-7 GPU/11 GPU/10 GPU/13 GPU/12 GPU/15 GPU/14 GPU/8 GPU/9 NET/0-7
x08j03290:58212:60305 [1] NCCL INFO  2 : NET/0-8 GPU/13 GPU/12 GPU/15 GPU/14 GPU/8 GPU/9 GPU/11 GPU/10 NET/0-8
x08j03290:58212:60305 [1] NCCL INFO  3 : NET/0-9 GPU/15 GPU/14 GPU/8 GPU/9 GPU/11 GPU/10 GPU/13 GPU/12 NET/0-9
x08j03290:58214:60216 [3] NCCL INFO Pattern 4, crossNic 0, nChannels 4, bw 12.000000/12.000000, type NVL/PXB, sameChannels 0
x08j03290:58214:60216 [3] NCCL INFO  0 : NET/0-6 GPU/8 GPU/14 GPU/15 GPU/12 GPU/13 GPU/10 GPU/11 GPU/9 NET/0-6
x08j03290:58214:60216 [3] NCCL INFO  1 : NET/0-7 GPU/11 GPU/9 GPU/8 GPU/14 GPU/15 GPU/12 GPU/13 GPU/10 NET/0-7
x08j03290:58214:60216 [3] NCCL INFO  2 : NET/0-8 GPU/13 GPU/10 GPU/11 GPU/9 GPU/8 GPU/14 GPU/15 GPU/12 NET/0-8
x08j03290:58214:60216 [3] NCCL INFO  3 : NET/0-9 GPU/15 GPU/12 GPU/13 GPU/10 GPU/11 GPU/9 GPU/8 GPU/14 NET/0-9
x08j03290:58223:60225 [7] NCCL INFO Pattern 4, crossNic 0, nChannels 4, bw 12.000000/12.000000, type NVL/PXB, sameChannels 0
x08j03290:58223:60225 [7] NCCL INFO  0 : NET/0-6 GPU/8 GPU/14 GPU/15 GPU/12 GPU/13 GPU/10 GPU/11 GPU/9 NET/0-6
x08j03290:58223:60225 [7] NCCL INFO  1 : NET/0-7 GPU/11 GPU/9 GPU/8 GPU/14 GPU/15 GPU/12 GPU/13 GPU/10 NET/0-7
x08j03290:58223:60225 [7] NCCL INFO  2 : NET/0-8 GPU/13 GPU/10 GPU/11 GPU/9 GPU/8 GPU/14 GPU/15 GPU/12 NET/0-8
x08j03290:58223:60225 [7] NCCL INFO  3 : NET/0-9 GPU/15 GPU/12 GPU/13 GPU/10 GPU/11 GPU/9 GPU/8 GPU/14 NET/0-9
x08j03290:58214:60216 [3] NCCL INFO Pattern 1, crossNic 0, nChannels 4, bw 24.000000/12.000000, type NVL/PXB, sameChannels 0
x08j03290:58214:60216 [3] NCCL INFO  0 : NET/0-6 GPU/8 GPU/9 GPU/11 GPU/10 GPU/13 GPU/12 GPU/15 GPU/14 NET/0-6
x08j03290:58214:60216 [3] NCCL INFO  1 : NET/0-7 GPU/11 GPU/10 GPU/13 GPU/12 GPU/15 GPU/14 GPU/8 GPU/9 NET/0-7
x08j03290:58214:60216 [3] NCCL INFO  2 : NET/0-8 GPU/13 GPU/12 GPU/15 GPU/14 GPU/8 GPU/9 GPU/11 GPU/10 NET/0-8
x08j03290:58214:60216 [3] NCCL INFO  3 : NET/0-9 GPU/15 GPU/14 GPU/8 GPU/9 GPU/11 GPU/10 GPU/13 GPU/12 NET/0-9
x08j03290:58223:60225 [7] NCCL INFO Pattern 1, crossNic 0, nChannels 4, bw 24.000000/12.000000, type NVL/PXB, sameChannels 0
x08j03290:58223:60225 [7] NCCL INFO  0 : NET/0-6 GPU/8 GPU/9 GPU/11 GPU/10 GPU/13 GPU/12 GPU/15 GPU/14 NET/0-6
x08j03290:58223:60225 [7] NCCL INFO  1 : NET/0-7 GPU/11 GPU/10 GPU/13 GPU/12 GPU/15 GPU/14 GPU/8 GPU/9 NET/0-7
x08j03290:58223:60225 [7] NCCL INFO  2 : NET/0-8 GPU/13 GPU/12 GPU/15 GPU/14 GPU/8 GPU/9 GPU/11 GPU/10 NET/0-8
x08j03290:58223:60225 [7] NCCL INFO  3 : NET/0-9 GPU/15 GPU/14 GPU/8 GPU/9 GPU/11 GPU/10 GPU/13 GPU/12 NET/0-9
x08j03290:58217:60215 [5] NCCL INFO Pattern 4, crossNic 0, nChannels 4, bw 12.000000/12.000000, type NVL/PXB, sameChannels 0
x08j03290:58217:60215 [5] NCCL INFO  0 : NET/0-6 GPU/8 GPU/14 GPU/15 GPU/12 GPU/13 GPU/10 GPU/11 GPU/9 NET/0-6
x08j03290:58217:60215 [5] NCCL INFO  1 : NET/0-7 GPU/11 GPU/9 GPU/8 GPU/14 GPU/15 GPU/12 GPU/13 GPU/10 NET/0-7
x08j03290:58217:60215 [5] NCCL INFO  2 : NET/0-8 GPU/13 GPU/10 GPU/11 GPU/9 GPU/8 GPU/14 GPU/15 GPU/12 NET/0-8
x08j03290:58217:60215 [5] NCCL INFO  3 : NET/0-9 GPU/15 GPU/12 GPU/13 GPU/10 GPU/11 GPU/9 GPU/8 GPU/14 NET/0-9
x08j03290:58217:60215 [5] NCCL INFO Pattern 1, crossNic 0, nChannels 4, bw 24.000000/12.000000, type NVL/PXB, sameChannels 0
x08j03290:58217:60215 [5] NCCL INFO  0 : NET/0-6 GPU/8 GPU/9 GPU/11 GPU/10 GPU/13 GPU/12 GPU/15 GPU/14 NET/0-6
x08j03290:58217:60215 [5] NCCL INFO  1 : NET/0-7 GPU/11 GPU/10 GPU/13 GPU/12 GPU/15 GPU/14 GPU/8 GPU/9 NET/0-7
x08j03290:58217:60215 [5] NCCL INFO  2 : NET/0-8 GPU/13 GPU/12 GPU/15 GPU/14 GPU/8 GPU/9 GPU/11 GPU/10 NET/0-8
x08j03290:58217:60215 [5] NCCL INFO  3 : NET/0-9 GPU/15 GPU/14 GPU/8 GPU/9 GPU/11 GPU/10 GPU/13 GPU/12 NET/0-9
x08j03290:58219:60306 [6] NCCL INFO Pattern 4, crossNic 0, nChannels 4, bw 12.000000/12.000000, type NVL/PXB, sameChannels 0
x08j03290:58219:60306 [6] NCCL INFO  0 : NET/0-6 GPU/8 GPU/14 GPU/15 GPU/12 GPU/13 GPU/10 GPU/11 GPU/9 NET/0-6
x08j03290:58219:60306 [6] NCCL INFO  1 : NET/0-7 GPU/11 GPU/9 GPU/8 GPU/14 GPU/15 GPU/12 GPU/13 GPU/10 NET/0-7
x08j03290:58219:60306 [6] NCCL INFO  2 : NET/0-8 GPU/13 GPU/10 GPU/11 GPU/9 GPU/8 GPU/14 GPU/15 GPU/12 NET/0-8
x08j03290:58219:60306 [6] NCCL INFO  3 : NET/0-9 GPU/15 GPU/12 GPU/13 GPU/10 GPU/11 GPU/9 GPU/8 GPU/14 NET/0-9
x08j03290:58219:60306 [6] NCCL INFO Pattern 1, crossNic 0, nChannels 4, bw 24.000000/12.000000, type NVL/PXB, sameChannels 0
x08j03290:58219:60306 [6] NCCL INFO  0 : NET/0-6 GPU/8 GPU/9 GPU/11 GPU/10 GPU/13 GPU/12 GPU/15 GPU/14 NET/0-6
x08j03290:58219:60306 [6] NCCL INFO  1 : NET/0-7 GPU/11 GPU/10 GPU/13 GPU/12 GPU/15 GPU/14 GPU/8 GPU/9 NET/0-7
x08j03290:58219:60306 [6] NCCL INFO  2 : NET/0-8 GPU/13 GPU/12 GPU/15 GPU/14 GPU/8 GPU/9 GPU/11 GPU/10 NET/0-8
x08j03290:58219:60306 [6] NCCL INFO  3 : NET/0-9 GPU/15 GPU/14 GPU/8 GPU/9 GPU/11 GPU/10 GPU/13 GPU/12 NET/0-9
x08j03290:58213:60304 [2] NCCL INFO Pattern 4, crossNic 0, nChannels 4, bw 12.000000/12.000000, type NVL/PXB, sameChannels 0
x08j03290:58213:60304 [2] NCCL INFO  0 : NET/0-6 GPU/8 GPU/14 GPU/15 GPU/12 GPU/13 GPU/10 GPU/11 GPU/9 NET/0-6
x08j03290:58213:60304 [2] NCCL INFO  1 : NET/0-7 GPU/11 GPU/9 GPU/8 GPU/14 GPU/15 GPU/12 GPU/13 GPU/10 NET/0-7
x08j03290:58213:60304 [2] NCCL INFO  2 : NET/0-8 GPU/13 GPU/10 GPU/11 GPU/9 GPU/8 GPU/14 GPU/15 GPU/12 NET/0-8
x08j03290:58213:60304 [2] NCCL INFO  3 : NET/0-9 GPU/15 GPU/12 GPU/13 GPU/10 GPU/11 GPU/9 GPU/8 GPU/14 NET/0-9
x08j03290:58213:60304 [2] NCCL INFO Pattern 1, crossNic 0, nChannels 4, bw 24.000000/12.000000, type NVL/PXB, sameChannels 0
x08j03290:58213:60304 [2] NCCL INFO  0 : NET/0-6 GPU/8 GPU/9 GPU/11 GPU/10 GPU/13 GPU/12 GPU/15 GPU/14 NET/0-6
x08j03290:58213:60304 [2] NCCL INFO  1 : NET/0-7 GPU/11 GPU/10 GPU/13 GPU/12 GPU/15 GPU/14 GPU/8 GPU/9 NET/0-7
x08j03290:58213:60304 [2] NCCL INFO  2 : NET/0-8 GPU/13 GPU/12 GPU/15 GPU/14 GPU/8 GPU/9 GPU/11 GPU/10 NET/0-8
x08j03290:58213:60304 [2] NCCL INFO  3 : NET/0-9 GPU/15 GPU/14 GPU/8 GPU/9 GPU/11 GPU/10 GPU/13 GPU/12 NET/0-9
x08j03289:87141:89163 [2] NCCL INFO Pattern 4, crossNic 0, nChannels 4, bw 12.000000/12.000000, type NVL/PXB, sameChannels 0
x08j03289:87141:89163 [2] NCCL INFO  0 : NET/0-6 GPU/0 GPU/6 GPU/7 GPU/4 GPU/5 GPU/2 GPU/3 GPU/1 NET/0-6
x08j03289:87141:89163 [2] NCCL INFO  1 : NET/0-7 GPU/3 GPU/1 GPU/0 GPU/6 GPU/7 GPU/4 GPU/5 GPU/2 NET/0-7
x08j03289:87141:89163 [2] NCCL INFO  2 : NET/0-8 GPU/5 GPU/2 GPU/3 GPU/1 GPU/0 GPU/6 GPU/7 GPU/4 NET/0-8
x08j03289:87141:89163 [2] NCCL INFO  3 : NET/0-9 GPU/7 GPU/4 GPU/5 GPU/2 GPU/3 GPU/1 GPU/0 GPU/6 NET/0-9
x08j03289:87139:89038 [0] NCCL INFO Pattern 4, crossNic 0, nChannels 4, bw 12.000000/12.000000, type NVL/PXB, sameChannels 0
x08j03289:87139:89038 [0] NCCL INFO  0 : NET/0-6 GPU/0 GPU/6 GPU/7 GPU/4 GPU/5 GPU/2 GPU/3 GPU/1 NET/0-6
x08j03289:87139:89038 [0] NCCL INFO  1 : NET/0-7 GPU/3 GPU/1 GPU/0 GPU/6 GPU/7 GPU/4 GPU/5 GPU/2 NET/0-7
x08j03289:87139:89038 [0] NCCL INFO  2 : NET/0-8 GPU/5 GPU/2 GPU/3 GPU/1 GPU/0 GPU/6 GPU/7 GPU/4 NET/0-8
x08j03289:87139:89038 [0] NCCL INFO  3 : NET/0-9 GPU/7 GPU/4 GPU/5 GPU/2 GPU/3 GPU/1 GPU/0 GPU/6 NET/0-9
x08j03289:87141:89163 [2] NCCL INFO Pattern 1, crossNic 0, nChannels 4, bw 24.000000/12.000000, type NVL/PXB, sameChannels 0
x08j03289:87141:89163 [2] NCCL INFO  0 : NET/0-6 GPU/0 GPU/1 GPU/3 GPU/2 GPU/5 GPU/4 GPU/7 GPU/6 NET/0-6
x08j03289:87141:89163 [2] NCCL INFO  1 : NET/0-7 GPU/3 GPU/2 GPU/5 GPU/4 GPU/7 GPU/6 GPU/0 GPU/1 NET/0-7
x08j03289:87141:89163 [2] NCCL INFO  2 : NET/0-8 GPU/5 GPU/4 GPU/7 GPU/6 GPU/0 GPU/1 GPU/3 GPU/2 NET/0-8
x08j03289:87141:89163 [2] NCCL INFO  3 : NET/0-9 GPU/7 GPU/6 GPU/0 GPU/1 GPU/3 GPU/2 GPU/5 GPU/4 NET/0-9
x08j03289:87142:89027 [3] NCCL INFO Pattern 4, crossNic 0, nChannels 4, bw 12.000000/12.000000, type NVL/PXB, sameChannels 0
x08j03289:87142:89027 [3] NCCL INFO  0 : NET/0-6 GPU/0 GPU/6 GPU/7 GPU/4 GPU/5 GPU/2 GPU/3 GPU/1 NET/0-6
x08j03289:87142:89027 [3] NCCL INFO  1 : NET/0-7 GPU/3 GPU/1 GPU/0 GPU/6 GPU/7 GPU/4 GPU/5 GPU/2 NET/0-7
x08j03289:87142:89027 [3] NCCL INFO  2 : NET/0-8 GPU/5 GPU/2 GPU/3 GPU/1 GPU/0 GPU/6 GPU/7 GPU/4 NET/0-8
x08j03289:87139:89038 [0] NCCL INFO Pattern 1, crossNic 0, nChannels 4, bw 24.000000/12.000000, type NVL/PXB, sameChannels 0
x08j03289:87139:89038 [0] NCCL INFO  0 : NET/0-6 GPU/0 GPU/1 GPU/3 GPU/2 GPU/5 GPU/4 GPU/7 GPU/6 NET/0-6
x08j03289:87139:89038 [0] NCCL INFO  1 : NET/0-7 GPU/3 GPU/2 GPU/5 GPU/4 GPU/7 GPU/6 GPU/0 GPU/1 NET/0-7
x08j03289:87139:89038 [0] NCCL INFO  2 : NET/0-8 GPU/5 GPU/4 GPU/7 GPU/6 GPU/0 GPU/1 GPU/3 GPU/2 NET/0-8
x08j03289:87139:89038 [0] NCCL INFO  3 : NET/0-9 GPU/7 GPU/6 GPU/0 GPU/1 GPU/3 GPU/2 GPU/5 GPU/4 NET/0-9
x08j03289:87142:89027 [3] NCCL INFO  3 : NET/0-9 GPU/7 GPU/4 GPU/5 GPU/2 GPU/3 GPU/1 GPU/0 GPU/6 NET/0-9
x08j03289:87143:89046 [4] NCCL INFO Pattern 4, crossNic 0, nChannels 4, bw 12.000000/12.000000, type NVL/PXB, sameChannels 0
x08j03289:87143:89046 [4] NCCL INFO  0 : NET/0-6 GPU/0 GPU/6 GPU/7 GPU/4 GPU/5 GPU/2 GPU/3 GPU/1 NET/0-6
x08j03289:87143:89046 [4] NCCL INFO  1 : NET/0-7 GPU/3 GPU/1 GPU/0 GPU/6 GPU/7 GPU/4 GPU/5 GPU/2 NET/0-7
x08j03289:87143:89046 [4] NCCL INFO  2 : NET/0-8 GPU/5 GPU/2 GPU/3 GPU/1 GPU/0 GPU/6 GPU/7 GPU/4 NET/0-8
x08j03289:87143:89046 [4] NCCL INFO  3 : NET/0-9 GPU/7 GPU/4 GPU/5 GPU/2 GPU/3 GPU/1 GPU/0 GPU/6 NET/0-9
x08j03289:87144:89164 [5] NCCL INFO Pattern 4, crossNic 0, nChannels 4, bw 12.000000/12.000000, type NVL/PXB, sameChannels 0
x08j03289:87144:89164 [5] NCCL INFO  0 : NET/0-6 GPU/0 GPU/6 GPU/7 GPU/4 GPU/5 GPU/2 GPU/3 GPU/1 NET/0-6
x08j03289:87144:89164 [5] NCCL INFO  1 : NET/0-7 GPU/3 GPU/1 GPU/0 GPU/6 GPU/7 GPU/4 GPU/5 GPU/2 NET/0-7
x08j03289:87144:89164 [5] NCCL INFO  2 : NET/0-8 GPU/5 GPU/2 GPU/3 GPU/1 GPU/0 GPU/6 GPU/7 GPU/4 NET/0-8
x08j03289:87144:89164 [5] NCCL INFO  3 : NET/0-9 GPU/7 GPU/4 GPU/5 GPU/2 GPU/3 GPU/1 GPU/0 GPU/6 NET/0-9
x08j03289:87146:89012 [6] NCCL INFO Pattern 4, crossNic 0, nChannels 4, bw 12.000000/12.000000, type NVL/PXB, sameChannels 0
x08j03289:87146:89012 [6] NCCL INFO  0 : NET/0-6 GPU/0 GPU/6 GPU/7 GPU/4 GPU/5 GPU/2 GPU/3 GPU/1 NET/0-6
x08j03289:87146:89012 [6] NCCL INFO  1 : NET/0-7 GPU/3 GPU/1 GPU/0 GPU/6 GPU/7 GPU/4 GPU/5 GPU/2 NET/0-7
x08j03289:87146:89012 [6] NCCL INFO  2 : NET/0-8 GPU/5 GPU/2 GPU/3 GPU/1 GPU/0 GPU/6 GPU/7 GPU/4 NET/0-8
x08j03289:87146:89012 [6] NCCL INFO  3 : NET/0-9 GPU/7 GPU/4 GPU/5 GPU/2 GPU/3 GPU/1 GPU/0 GPU/6 NET/0-9
x08j03289:87142:89027 [3] NCCL INFO Pattern 1, crossNic 0, nChannels 4, bw 24.000000/12.000000, type NVL/PXB, sameChannels 0
x08j03289:87142:89027 [3] NCCL INFO  0 : NET/0-6 GPU/0 GPU/1 GPU/3 GPU/2 GPU/5 GPU/4 GPU/7 GPU/6 NET/0-6
x08j03289:87142:89027 [3] NCCL INFO  1 : NET/0-7 GPU/3 GPU/2 GPU/5 GPU/4 GPU/7 GPU/6 GPU/0 GPU/1 NET/0-7
x08j03289:87142:89027 [3] NCCL INFO  2 : NET/0-8 GPU/5 GPU/4 GPU/7 GPU/6 GPU/0 GPU/1 GPU/3 GPU/2 NET/0-8
x08j03289:87142:89027 [3] NCCL INFO  3 : NET/0-9 GPU/7 GPU/6 GPU/0 GPU/1 GPU/3 GPU/2 GPU/5 GPU/4 NET/0-9
x08j03289:87143:89046 [4] NCCL INFO Pattern 1, crossNic 0, nChannels 4, bw 24.000000/12.000000, type NVL/PXB, sameChannels 0
x08j03289:87143:89046 [4] NCCL INFO  0 : NET/0-6 GPU/0 GPU/1 GPU/3 GPU/2 GPU/5 GPU/4 GPU/7 GPU/6 NET/0-6
x08j03289:87143:89046 [4] NCCL INFO  1 : NET/0-7 GPU/3 GPU/2 GPU/5 GPU/4 GPU/7 GPU/6 GPU/0 GPU/1 NET/0-7
x08j03289:87143:89046 [4] NCCL INFO  2 : NET/0-8 GPU/5 GPU/4 GPU/7 GPU/6 GPU/0 GPU/1 GPU/3 GPU/2 NET/0-8
x08j03289:87143:89046 [4] NCCL INFO  3 : NET/0-9 GPU/7 GPU/6 GPU/0 GPU/1 GPU/3 GPU/2 GPU/5 GPU/4 NET/0-9
x08j03289:87148:89061 [7] NCCL INFO Pattern 4, crossNic 0, nChannels 4, bw 12.000000/12.000000, type NVL/PXB, sameChannels 0
x08j03289:87148:89061 [7] NCCL INFO  0 : NET/0-6 GPU/0 GPU/6 GPU/7 GPU/4 GPU/5 GPU/2 GPU/3 GPU/1 NET/0-6
x08j03289:87148:89061 [7] NCCL INFO  1 : NET/0-7 GPU/3 GPU/1 GPU/0 GPU/6 GPU/7 GPU/4 GPU/5 GPU/2 NET/0-7
x08j03289:87148:89061 [7] NCCL INFO  2 : NET/0-8 GPU/5 GPU/2 GPU/3 GPU/1 GPU/0 GPU/6 GPU/7 GPU/4 NET/0-8
x08j03289:87148:89061 [7] NCCL INFO  3 : NET/0-9 GPU/7 GPU/4 GPU/5 GPU/2 GPU/3 GPU/1 GPU/0 GPU/6 NET/0-9
x08j03289:87144:89164 [5] NCCL INFO Pattern 1, crossNic 0, nChannels 4, bw 24.000000/12.000000, type NVL/PXB, sameChannels 0
x08j03289:87144:89164 [5] NCCL INFO  0 : NET/0-6 GPU/0 GPU/1 GPU/3 GPU/2 GPU/5 GPU/4 GPU/7 GPU/6 NET/0-6
x08j03289:87144:89164 [5] NCCL INFO  1 : NET/0-7 GPU/3 GPU/2 GPU/5 GPU/4 GPU/7 GPU/6 GPU/0 GPU/1 NET/0-7
x08j03289:87144:89164 [5] NCCL INFO  2 : NET/0-8 GPU/5 GPU/4 GPU/7 GPU/6 GPU/0 GPU/1 GPU/3 GPU/2 NET/0-8
x08j03289:87144:89164 [5] NCCL INFO  3 : NET/0-9 GPU/7 GPU/6 GPU/0 GPU/1 GPU/3 GPU/2 GPU/5 GPU/4 NET/0-9
x08j03289:87146:89012 [6] NCCL INFO Pattern 1, crossNic 0, nChannels 4, bw 24.000000/12.000000, type NVL/PXB, sameChannels 0
x08j03289:87146:89012 [6] NCCL INFO  0 : NET/0-6 GPU/0 GPU/1 GPU/3 GPU/2 GPU/5 GPU/4 GPU/7 GPU/6 NET/0-6
x08j03289:87146:89012 [6] NCCL INFO  1 : NET/0-7 GPU/3 GPU/2 GPU/5 GPU/4 GPU/7 GPU/6 GPU/0 GPU/1 NET/0-7
x08j03289:87146:89012 [6] NCCL INFO  2 : NET/0-8 GPU/5 GPU/4 GPU/7 GPU/6 GPU/0 GPU/1 GPU/3 GPU/2 NET/0-8
x08j03289:87146:89012 [6] NCCL INFO  3 : NET/0-9 GPU/7 GPU/6 GPU/0 GPU/1 GPU/3 GPU/2 GPU/5 GPU/4 NET/0-9
x08j03289:87148:89061 [7] NCCL INFO Pattern 1, crossNic 0, nChannels 4, bw 24.000000/12.000000, type NVL/PXB, sameChannels 0
x08j03289:87148:89061 [7] NCCL INFO  0 : NET/0-6 GPU/0 GPU/1 GPU/3 GPU/2 GPU/5 GPU/4 GPU/7 GPU/6 NET/0-6
x08j03289:87148:89061 [7] NCCL INFO  1 : NET/0-7 GPU/3 GPU/2 GPU/5 GPU/4 GPU/7 GPU/6 GPU/0 GPU/1 NET/0-7
x08j03289:87148:89061 [7] NCCL INFO  2 : NET/0-8 GPU/5 GPU/4 GPU/7 GPU/6 GPU/0 GPU/1 GPU/3 GPU/2 NET/0-8
x08j03289:87148:89061 [7] NCCL INFO  3 : NET/0-9 GPU/7 GPU/6 GPU/0 GPU/1 GPU/3 GPU/2 GPU/5 GPU/4 NET/0-9
x08j03289:87140:89008 [1] NCCL INFO Pattern 4, crossNic 0, nChannels 4, bw 12.000000/12.000000, type NVL/PXB, sameChannels 0
x08j03289:87140:89008 [1] NCCL INFO  0 : NET/0-6 GPU/0 GPU/6 GPU/7 GPU/4 GPU/5 GPU/2 GPU/3 GPU/1 NET/0-6
x08j03289:87140:89008 [1] NCCL INFO  1 : NET/0-7 GPU/3 GPU/1 GPU/0 GPU/6 GPU/7 GPU/4 GPU/5 GPU/2 NET/0-7
x08j03289:87140:89008 [1] NCCL INFO  2 : NET/0-8 GPU/5 GPU/2 GPU/3 GPU/1 GPU/0 GPU/6 GPU/7 GPU/4 NET/0-8
x08j03289:87140:89008 [1] NCCL INFO  3 : NET/0-9 GPU/7 GPU/4 GPU/5 GPU/2 GPU/3 GPU/1 GPU/0 GPU/6 NET/0-9
x08j03289:87140:89008 [1] NCCL INFO Pattern 1, crossNic 0, nChannels 4, bw 24.000000/12.000000, type NVL/PXB, sameChannels 0
x08j03289:87140:89008 [1] NCCL INFO  0 : NET/0-6 GPU/0 GPU/1 GPU/3 GPU/2 GPU/5 GPU/4 GPU/7 GPU/6 NET/0-6
x08j03289:87140:89008 [1] NCCL INFO  1 : NET/0-7 GPU/3 GPU/2 GPU/5 GPU/4 GPU/7 GPU/6 GPU/0 GPU/1 NET/0-7
x08j03289:87140:89008 [1] NCCL INFO  2 : NET/0-8 GPU/5 GPU/4 GPU/7 GPU/6 GPU/0 GPU/1 GPU/3 GPU/2 NET/0-8
x08j03289:87140:89008 [1] NCCL INFO  3 : NET/0-9 GPU/7 GPU/6 GPU/0 GPU/1 GPU/3 GPU/2 GPU/5 GPU/4 NET/0-9
x08j03290:58223:60225 [7] NCCL INFO comm 0x3285470 rank 15 nRanks 16 nNodes 2 localRanks 8 localRank 7 MNNVL 0
x08j03289:87146:89012 [6] NCCL INFO comm 0x1c21e30 rank 6 nRanks 16 nNodes 2 localRanks 8 localRank 6 MNNVL 0
x08j03289:87146:89012 [6] NCCL INFO Tree 3 : 7 -> 6 -> 0/-1/-1
x08j03289:87146:89012 [6] NCCL INFO Tree 7 : 7 -> 6 -> 0/-1/-1
x08j03289:87144:89164 [5] NCCL INFO comm 0x2f30280 rank 5 nRanks 16 nNodes 2 localRanks 8 localRank 5 MNNVL 0
x08j03289:87144:89164 [5] NCCL INFO Tree 2 : -1 -> 5 -> 4/13/-1
x08j03289:87144:89164 [5] NCCL INFO Tree 6 : 13 -> 5 -> 4/-1/-1
x08j03289:87148:89061 [7] NCCL INFO comm 0x3342000 rank 7 nRanks 16 nNodes 2 localRanks 8 localRank 7 MNNVL 0
x08j03289:87148:89061 [7] NCCL INFO Tree 3 : -1 -> 7 -> 6/15/-1
x08j03289:87148:89061 [7] NCCL INFO Tree 7 : 15 -> 7 -> 6/-1/-1
x08j03289:87143:89046 [4] NCCL INFO comm 0x1da31a0 rank 4 nRanks 16 nNodes 2 localRanks 8 localRank 4 MNNVL 0
x08j03289:87143:89046 [4] NCCL INFO Tree 2 : 5 -> 4 -> 7/-1/-1
x08j03289:87143:89046 [4] NCCL INFO Tree 6 : 5 -> 4 -> 7/-1/-1
x08j03289:87140:89008 [1] NCCL INFO comm 0x21171b0 rank 1 nRanks 16 nNodes 2 localRanks 8 localRank 1 MNNVL 0
x08j03289:87140:89008 [1] NCCL INFO Tree 0 : 0 -> 1 -> 3/-1/-1
x08j03289:87140:89008 [1] NCCL INFO Tree 4 : 0 -> 1 -> 3/-1/-1
x08j03289:87141:89163 [2] NCCL INFO comm 0x2719800 rank 2 nRanks 16 nNodes 2 localRanks 8 localRank 2 MNNVL 0
x08j03289:87141:89163 [2] NCCL INFO Tree 1 : 3 -> 2 -> 5/-1/-1
x08j03289:87141:89163 [2] NCCL INFO Tree 5 : 3 -> 2 -> 5/-1/-1
x08j03289:87141:89163 [2] NCCL INFO Ring 00 : 5 -> 2 -> 3
x08j03289:87141:89163 [2] NCCL INFO Ring 01 : 5 -> 2 -> 11
x08j03289:87141:89163 [2] NCCL INFO Ring 02 : 5 -> 2 -> 3
x08j03289:87141:89163 [2] NCCL INFO Ring 03 : 5 -> 2 -> 3
x08j03289:87141:89163 [2] NCCL INFO Ring 04 : 5 -> 2 -> 3
x08j03289:87142:89027 [3] NCCL INFO comm 0x381d490 rank 3 nRanks 16 nNodes 2 localRanks 8 localRank 3 MNNVL 0
x08j03289:87142:89027 [3] NCCL INFO Tree 1 : -1 -> 3 -> 2/11/-1
x08j03289:87142:89027 [3] NCCL INFO Tree 5 : 11 -> 3 -> 2/-1/-1
x08j03289:87142:89027 [3] NCCL INFO Ring 00 : 2 -> 3 -> 1
x08j03289:87142:89027 [3] NCCL INFO Ring 01 : 10 -> 3 -> 1
x08j03289:87142:89027 [3] NCCL INFO Ring 02 : 2 -> 3 -> 1
x08j03289:87142:89027 [3] NCCL INFO Ring 03 : 2 -> 3 -> 1
x08j03289:87142:89027 [3] NCCL INFO Ring 04 : 2 -> 3 -> 1
x08j03289:87140:89008 [1] NCCL INFO Ring 00 : 3 -> 1 -> 8
x08j03289:87140:89008 [1] NCCL INFO Ring 01 : 3 -> 1 -> 0
x08j03289:87140:89008 [1] NCCL INFO Ring 02 : 3 -> 1 -> 0
x08j03289:87140:89008 [1] NCCL INFO Ring 03 : 3 -> 1 -> 0
x08j03289:87140:89008 [1] NCCL INFO Ring 04 : 3 -> 1 -> 8
x08j03289:87140:89008 [1] NCCL INFO Ring 05 : 3 -> 1 -> 0
x08j03289:87146:89012 [6] NCCL INFO Ring 00 : 0 -> 6 -> 7
x08j03289:87146:89012 [6] NCCL INFO Ring 01 : 0 -> 6 -> 7
x08j03289:87146:89012 [6] NCCL INFO Ring 02 : 0 -> 6 -> 7
x08j03289:87146:89012 [6] NCCL INFO Ring 03 : 0 -> 6 -> 15
x08j03289:87146:89012 [6] NCCL INFO Ring 04 : 0 -> 6 -> 7
x08j03289:87146:89012 [6] NCCL INFO Ring 05 : 0 -> 6 -> 7
x08j03289:87146:89012 [6] NCCL INFO Ring 06 : 0 -> 6 -> 7
x08j03289:87144:89164 [5] NCCL INFO Ring 00 : 4 -> 5 -> 2
x08j03289:87144:89164 [5] NCCL INFO Ring 01 : 4 -> 5 -> 2
x08j03289:87144:89164 [5] NCCL INFO Ring 02 : 12 -> 5 -> 2
x08j03289:87144:89164 [5] NCCL INFO Ring 03 : 4 -> 5 -> 2
x08j03289:87144:89164 [5] NCCL INFO Ring 04 : 4 -> 5 -> 2
x08j03289:87144:89164 [5] NCCL INFO Ring 05 : 4 -> 5 -> 2
x08j03289:87144:89164 [5] NCCL INFO Ring 06 : 12 -> 5 -> 2
x08j03289:87144:89164 [5] NCCL INFO Ring 07 : 4 -> 5 -> 2
x08j03289:87144:89164 [5] NCCL INFO Trees [0] 4/-1/-1->5->2 [1] 4/-1/-1->5->2 [2] 4/13/-1->5->-1 [3] 4/-1/-1->5->2 [4] 4/-1/-1->5->2 [5] 4/-1/-1->5->2 [6] 4/-1/-1->5->13 [7] 4/-1/-1->5->2
x08j03289:87148:89061 [7] NCCL INFO Ring 00 : 6 -> 7 -> 4
x08j03289:87148:89061 [7] NCCL INFO Ring 01 : 6 -> 7 -> 4
x08j03289:87148:89061 [7] NCCL INFO Ring 02 : 6 -> 7 -> 4
x08j03289:87148:89061 [7] NCCL INFO Ring 03 : 14 -> 7 -> 4
x08j03289:87148:89061 [7] NCCL INFO Ring 04 : 6 -> 7 -> 4
x08j03289:87148:89061 [7] NCCL INFO Ring 05 : 6 -> 7 -> 4
x08j03289:87148:89061 [7] NCCL INFO Ring 06 : 6 -> 7 -> 4
x08j03289:87148:89061 [7] NCCL INFO Ring 07 : 14 -> 7 -> 4
x08j03289:87148:89061 [7] NCCL INFO Trees [0] 6/-1/-1->7->4 [1] 6/-1/-1->7->4 [2] 6/-1/-1->7->4 [3] 6/15/-1->7->-1 [4] 6/-1/-1->7->4 [5] 6/-1/-1->7->4 [6] 6/-1/-1->7->4 [7] 6/-1/-1->7->15
x08j03289:87139:89038 [0] NCCL INFO comm 0x2a0fa10 rank 0 nRanks 16 nNodes 2 localRanks 8 localRank 0 MNNVL 0
x08j03289:87139:89038 [0] NCCL INFO Tree 0 : -1 -> 0 -> 1/8/-1
x08j03289:87139:89038 [0] NCCL INFO Tree 4 : 8 -> 0 -> 1/-1/-1
x08j03289:87139:89038 [0] NCCL INFO Channel 00/08 :  0  6  7  4  5  2  3  1  8 14 15 12 13 10 11  9
x08j03289:87139:89038 [0] NCCL INFO Channel 01/08 :  0  6  7  4  5  2 11  9  8 14 15 12 13 10  3  1
x08j03289:87139:89038 [0] NCCL INFO Channel 02/08 :  0  6  7  4 13 10 11  9  8 14 15 12  5  2  3  1
x08j03289:87143:89046 [4] NCCL INFO Ring 00 : 7 -> 4 -> 5
x08j03289:87143:89046 [4] NCCL INFO Ring 01 : 7 -> 4 -> 5
x08j03289:87143:89046 [4] NCCL INFO Ring 02 : 7 -> 4 -> 13
x08j03289:87143:89046 [4] NCCL INFO Ring 03 : 7 -> 4 -> 5
x08j03289:87143:89046 [4] NCCL INFO Ring 04 : 7 -> 4 -> 5
x08j03289:87143:89046 [4] NCCL INFO Ring 05 : 7 -> 4 -> 5
x08j03289:87143:89046 [4] NCCL INFO Ring 06 : 7 -> 4 -> 13
x08j03289:87143:89046 [4] NCCL INFO Ring 07 : 7 -> 4 -> 5
x08j03289:87143:89046 [4] NCCL INFO Trees [0] 7/-1/-1->4->5 [1] 7/-1/-1->4->5 [2] 7/-1/-1->4->5 [3] -1/-1/-1->4->5 [4] 7/-1/-1->4->5 [5] 7/-1/-1->4->5 [6] 7/-1/-1->4->5 [7] -1/-1/-1->4->5
x08j03289:87139:89038 [0] NCCL INFO Channel 03/08 :  0  6 15 12 13 10 11  9  8 14  7  4  5  2  3  1
x08j03289:87139:89038 [0] NCCL INFO Channel 04/08 :  0  6  7  4  5  2  3  1  8 14 15 12 13 10 11  9
x08j03289:87139:89038 [0] NCCL INFO Channel 05/08 :  0  6  7  4  5  2 11  9  8 14 15 12 13 10  3  1
x08j03289:87139:89038 [0] NCCL INFO Channel 06/08 :  0  6  7  4 13 10 11  9  8 14 15 12  5  2  3  1
x08j03289:87141:89163 [2] NCCL INFO Ring 05 : 5 -> 2 -> 11
x08j03289:87141:89163 [2] NCCL INFO Ring 06 : 5 -> 2 -> 3
x08j03289:87141:89163 [2] NCCL INFO Ring 07 : 5 -> 2 -> 3
x08j03289:87141:89163 [2] NCCL INFO Trees [0] 5/-1/-1->2->3 [1] 5/-1/-1->2->3 [2] -1/-1/-1->2->3 [3] 5/-1/-1->2->3 [4] 5/-1/-1->2->3 [5] 5/-1/-1->2->3 [6] -1/-1/-1->2->3 [7] 5/-1/-1->2->3
x08j03289:87141:89163 [2] NCCL INFO P2P Chunksize set to 131072
x08j03289:87142:89027 [3] NCCL INFO Ring 05 : 10 -> 3 -> 1
x08j03289:87142:89027 [3] NCCL INFO Ring 06 : 2 -> 3 -> 1
x08j03289:87142:89027 [3] NCCL INFO Ring 07 : 2 -> 3 -> 1
x08j03289:87142:89027 [3] NCCL INFO Trees [0] 2/-1/-1->3->1 [1] 2/11/-1->3->-1 [2] 2/-1/-1->3->1 [3] 2/-1/-1->3->1 [4] 2/-1/-1->3->1 [5] 2/-1/-1->3->11 [6] 2/-1/-1->3->1 [7] 2/-1/-1->3->1
x08j03289:87142:89027 [3] NCCL INFO P2P Chunksize set to 131072
x08j03289:87140:89008 [1] NCCL INFO Ring 06 : 3 -> 1 -> 0
x08j03289:87140:89008 [1] NCCL INFO Ring 07 : 3 -> 1 -> 0
x08j03289:87140:89008 [1] NCCL INFO Trees [0] 3/-1/-1->1->0 [1] -1/-1/-1->1->0 [2] 3/-1/-1->1->0 [3] 3/-1/-1->1->0 [4] 3/-1/-1->1->0 [5] -1/-1/-1->1->0 [6] 3/-1/-1->1->0 [7] 3/-1/-1->1->0
x08j03289:87140:89008 [1] NCCL INFO P2P Chunksize set to 131072
x08j03289:87146:89012 [6] NCCL INFO Ring 07 : 0 -> 6 -> 15
x08j03289:87146:89012 [6] NCCL INFO Trees [0] -1/-1/-1->6->7 [1] 0/-1/-1->6->7 [2] 0/-1/-1->6->7 [3] 0/-1/-1->6->7 [4] -1/-1/-1->6->7 [5] 0/-1/-1->6->7 [6] 0/-1/-1->6->7 [7] 0/-1/-1->6->7
x08j03289:87146:89012 [6] NCCL INFO P2P Chunksize set to 131072
x08j03289:87144:89164 [5] NCCL INFO P2P Chunksize set to 131072
x08j03289:87148:89061 [7] NCCL INFO P2P Chunksize set to 131072
x08j03289:87143:89046 [4] NCCL INFO P2P Chunksize set to 131072
x08j03289:87139:89038 [0] NCCL INFO Channel 07/08 :  0  6 15 12 13 10 11  9  8 14  7  4  5  2  3  1
x08j03289:87139:89038 [0] NCCL INFO Ring 00 : 9 -> 0 -> 6
x08j03289:87139:89038 [0] NCCL INFO Ring 01 : 1 -> 0 -> 6
x08j03289:87139:89038 [0] NCCL INFO Ring 02 : 1 -> 0 -> 6
x08j03289:87139:89038 [0] NCCL INFO Ring 03 : 1 -> 0 -> 6
x08j03289:87139:89038 [0] NCCL INFO Ring 04 : 9 -> 0 -> 6
x08j03289:87139:89038 [0] NCCL INFO Ring 05 : 1 -> 0 -> 6
x08j03289:87139:89038 [0] NCCL INFO Ring 06 : 1 -> 0 -> 6
x08j03289:87139:89038 [0] NCCL INFO Ring 07 : 1 -> 0 -> 6
x08j03289:87139:89038 [0] NCCL INFO Trees [0] 1/8/-1->0->-1 [1] 1/-1/-1->0->6 [2] 1/-1/-1->0->6 [3] 1/-1/-1->0->6 [4] 1/-1/-1->0->8 [5] 1/-1/-1->0->6 [6] 1/-1/-1->0->6 [7] 1/-1/-1->0->6
x08j03289:87139:89038 [0] NCCL INFO P2P Chunksize set to 131072
x08j03290:58223:60225 [7] NCCL INFO Tree 3 : 7 -> 15 -> 14/-1/-1
x08j03290:58223:60225 [7] NCCL INFO Tree 7 : -1 -> 15 -> 14/7/-1
x08j03290:58219:60306 [6] NCCL INFO comm 0x29c40b0 rank 14 nRanks 16 nNodes 2 localRanks 8 localRank 6 MNNVL 0
x08j03290:58219:60306 [6] NCCL INFO Tree 3 : 15 -> 14 -> 8/-1/-1
x08j03290:58219:60306 [6] NCCL INFO Tree 7 : 15 -> 14 -> 8/-1/-1
x08j03290:58223:60225 [7] NCCL INFO Ring 00 : 14 -> 15 -> 12
x08j03290:58223:60225 [7] NCCL INFO Ring 01 : 14 -> 15 -> 12
x08j03290:58223:60225 [7] NCCL INFO Ring 02 : 14 -> 15 -> 12
x08j03290:58223:60225 [7] NCCL INFO Ring 03 : 6 -> 15 -> 12
x08j03290:58223:60225 [7] NCCL INFO Ring 04 : 14 -> 15 -> 12
x08j03290:58223:60225 [7] NCCL INFO Ring 05 : 14 -> 15 -> 12
x08j03290:58223:60225 [7] NCCL INFO Ring 06 : 14 -> 15 -> 12
x08j03290:58223:60225 [7] NCCL INFO Ring 07 : 6 -> 15 -> 12
x08j03290:58223:60225 [7] NCCL INFO Trees [0] 14/-1/-1->15->12 [1] 14/-1/-1->15->12 [2] 14/-1/-1->15->12 [3] 14/-1/-1->15->7 [4] 14/-1/-1->15->12 [5] 14/-1/-1->15->12 [6] 14/-1/-1->15->12 [7] 14/7/-1->15->-1
x08j03289:87139:89038 [0] NCCL INFO Check P2P Type intraNodeP2pSupport 1 directMode 0
x08j03289:87142:90107 [3] NCCL INFO [Proxy Service] Device 3 CPU core 40
x08j03289:87140:90106 [1] NCCL INFO [Proxy Service] Device 1 CPU core 104
x08j03289:87144:90105 [5] NCCL INFO [Proxy Service] Device 5 CPU core 37
x08j03289:87143:90108 [4] NCCL INFO [Proxy Service] Device 4 CPU core 21
x08j03289:87141:90109 [2] NCCL INFO [Proxy Service] Device 2 CPU core 15
x08j03289:87139:90113 [0] NCCL INFO [Proxy Service] Device 0 CPU core 89
x08j03289:87146:90110 [6] NCCL INFO [Proxy Service] Device 6 CPU core 17
x08j03289:87140:90114 [1] NCCL INFO [Proxy Service UDS] Device 1 CPU core 52
x08j03289:87144:90112 [5] NCCL INFO [Proxy Service UDS] Device 5 CPU core 111
x08j03289:87148:90111 [7] NCCL INFO [Proxy Service] Device 7 CPU core 44
x08j03289:87148:90119 [7] NCCL INFO [Proxy Service UDS] Device 7 CPU core 55
x08j03289:87143:90116 [4] NCCL INFO [Proxy Service UDS] Device 4 CPU core 94
x08j03289:87141:90117 [2] NCCL INFO [Proxy Service UDS] Device 2 CPU core 15
x08j03289:87142:90115 [3] NCCL INFO [Proxy Service UDS] Device 3 CPU core 118
x08j03289:87139:90120 [0] NCCL INFO [Proxy Service UDS] Device 0 CPU core 2
x08j03289:87146:90118 [6] NCCL INFO [Proxy Service UDS] Device 6 CPU core 30
x08j03290:58209:60217 [0] NCCL INFO comm 0x36eebc0 rank 8 nRanks 16 nNodes 2 localRanks 8 localRank 0 MNNVL 0
x08j03290:58209:60217 [0] NCCL INFO Tree 0 : 0 -> 8 -> 9/-1/-1
x08j03290:58209:60217 [0] NCCL INFO Tree 4 : -1 -> 8 -> 9/0/-1
x08j03290:58212:60305 [1] NCCL INFO comm 0x2e251b0 rank 9 nRanks 16 nNodes 2 localRanks 8 localRank 1 MNNVL 0
x08j03290:58212:60305 [1] NCCL INFO Tree 0 : 8 -> 9 -> 11/-1/-1
x08j03290:58212:60305 [1] NCCL INFO Tree 4 : 8 -> 9 -> 11/-1/-1
x08j03290:58214:60216 [3] NCCL INFO comm 0x1b1f520 rank 11 nRanks 16 nNodes 2 localRanks 8 localRank 3 MNNVL 0
x08j03290:58214:60216 [3] NCCL INFO Tree 1 : 3 -> 11 -> 10/-1/-1
x08j03290:58214:60216 [3] NCCL INFO Tree 5 : -1 -> 11 -> 10/3/-1
x08j03290:58214:60216 [3] NCCL INFO Ring 00 : 10 -> 11 -> 9
x08j03290:58219:60306 [6] NCCL INFO Ring 00 : 8 -> 14 -> 15
x08j03290:58219:60306 [6] NCCL INFO Ring 01 : 8 -> 14 -> 15
x08j03290:58219:60306 [6] NCCL INFO Ring 02 : 8 -> 14 -> 15
x08j03290:58219:60306 [6] NCCL INFO Ring 03 : 8 -> 14 -> 7
x08j03290:58219:60306 [6] NCCL INFO Ring 04 : 8 -> 14 -> 15
x08j03290:58219:60306 [6] NCCL INFO Ring 05 : 8 -> 14 -> 15
x08j03290:58219:60306 [6] NCCL INFO Ring 06 : 8 -> 14 -> 15
x08j03290:58219:60306 [6] NCCL INFO Ring 07 : 8 -> 14 -> 7
x08j03290:58219:60306 [6] NCCL INFO Trees [0] -1/-1/-1->14->15 [1] 8/-1/-1->14->15 [2] 8/-1/-1->14->15 [3] 8/-1/-1->14->15 [4] -1/-1/-1->14->15 [5] 8/-1/-1->14->15 [6] 8/-1/-1->14->15 [7] 8/-1/-1->14->15
x08j03290:58219:60306 [6] NCCL INFO P2P Chunksize set to 131072
x08j03290:58215:60303 [4] NCCL INFO comm 0x2aed4f0 rank 12 nRanks 16 nNodes 2 localRanks 8 localRank 4 MNNVL 0
x08j03290:58215:60303 [4] NCCL INFO Tree 2 : 13 -> 12 -> 15/-1/-1
x08j03290:58215:60303 [4] NCCL INFO Tree 6 : 13 -> 12 -> 15/-1/-1
x08j03290:58215:60303 [4] NCCL INFO Ring 00 : 15 -> 12 -> 13
x08j03290:58215:60303 [4] NCCL INFO Ring 01 : 15 -> 12 -> 13
x08j03290:58215:60303 [4] NCCL INFO Ring 02 : 15 -> 12 -> 5
x08j03290:58215:60303 [4] NCCL INFO Ring 03 : 15 -> 12 -> 13
x08j03290:58215:60303 [4] NCCL INFO Ring 04 : 15 -> 12 -> 13
x08j03290:58215:60303 [4] NCCL INFO Ring 05 : 15 -> 12 -> 13
x08j03290:58215:60303 [4] NCCL INFO Ring 06 : 15 -> 12 -> 5
x08j03290:58215:60303 [4] NCCL INFO Ring 07 : 15 -> 12 -> 13
x08j03290:58215:60303 [4] NCCL INFO Trees [0] 15/-1/-1->12->13 [1] 15/-1/-1->12->13 [2] 15/-1/-1->12->13 [3] -1/-1/-1->12->13 [4] 15/-1/-1->12->13 [5] 15/-1/-1->12->13 [6] 15/-1/-1->12->13 [7] -1/-1/-1->12->13
x08j03290:58215:60303 [4] NCCL INFO P2P Chunksize set to 131072
x08j03290:58213:60304 [2] NCCL INFO comm 0x2fc7220 rank 10 nRanks 16 nNodes 2 localRanks 8 localRank 2 MNNVL 0
x08j03290:58213:60304 [2] NCCL INFO Tree 1 : 11 -> 10 -> 13/-1/-1
x08j03290:58213:60304 [2] NCCL INFO Tree 5 : 11 -> 10 -> 13/-1/-1
x08j03290:58213:60304 [2] NCCL INFO Ring 00 : 13 -> 10 -> 11
x08j03290:58213:60304 [2] NCCL INFO Ring 01 : 13 -> 10 -> 3
x08j03290:58213:60304 [2] NCCL INFO Ring 02 : 13 -> 10 -> 11
x08j03290:58213:60304 [2] NCCL INFO Ring 03 : 13 -> 10 -> 11
x08j03290:58213:60304 [2] NCCL INFO Ring 04 : 13 -> 10 -> 11
x08j03290:58213:60304 [2] NCCL INFO Ring 05 : 13 -> 10 -> 3
x08j03290:58217:60215 [5] NCCL INFO comm 0x31922b0 rank 13 nRanks 16 nNodes 2 localRanks 8 localRank 5 MNNVL 0
x08j03290:58217:60215 [5] NCCL INFO Tree 2 : 5 -> 13 -> 12/-1/-1
x08j03290:58217:60215 [5] NCCL INFO Tree 6 : -1 -> 13 -> 12/5/-1
x08j03290:58217:60215 [5] NCCL INFO Ring 00 : 12 -> 13 -> 10
x08j03290:58217:60215 [5] NCCL INFO Ring 01 : 12 -> 13 -> 10
x08j03290:58217:60215 [5] NCCL INFO Ring 02 : 4 -> 13 -> 10
x08j03290:58217:60215 [5] NCCL INFO Ring 03 : 12 -> 13 -> 10
x08j03290:58217:60215 [5] NCCL INFO Ring 04 : 12 -> 13 -> 10
x08j03290:58217:60215 [5] NCCL INFO Ring 05 : 12 -> 13 -> 10
x08j03290:58217:60215 [5] NCCL INFO Ring 06 : 4 -> 13 -> 10
x08j03290:58217:60215 [5] NCCL INFO Ring 07 : 12 -> 13 -> 10
x08j03290:58217:60215 [5] NCCL INFO Trees [0] 12/-1/-1->13->10 [1] 12/-1/-1->13->10 [2] 12/-1/-1->13->5 [3] 12/-1/-1->13->10 [4] 12/-1/-1->13->10 [5] 12/-1/-1->13->10 [6] 12/5/-1->13->-1 [7] 12/-1/-1->13->10
x08j03290:58217:60215 [5] NCCL INFO P2P Chunksize set to 131072
x08j03290:58223:60225 [7] NCCL INFO P2P Chunksize set to 131072
x08j03290:58209:60217 [0] NCCL INFO Ring 00 : 1 -> 8 -> 14
x08j03290:58209:60217 [0] NCCL INFO Ring 01 : 9 -> 8 -> 14
x08j03290:58209:60217 [0] NCCL INFO Ring 02 : 9 -> 8 -> 14
x08j03290:58209:60217 [0] NCCL INFO Ring 03 : 9 -> 8 -> 14
x08j03290:58209:60217 [0] NCCL INFO Ring 04 : 1 -> 8 -> 14
x08j03290:58209:60217 [0] NCCL INFO Ring 05 : 9 -> 8 -> 14
x08j03290:58209:60217 [0] NCCL INFO Ring 06 : 9 -> 8 -> 14
x08j03290:58209:60217 [0] NCCL INFO Ring 07 : 9 -> 8 -> 14
x08j03290:58209:60217 [0] NCCL INFO Trees [0] 9/-1/-1->8->0 [1] 9/-1/-1->8->14 [2] 9/-1/-1->8->14 [3] 9/-1/-1->8->14 [4] 9/0/-1->8->-1 [5] 9/-1/-1->8->14 [6] 9/-1/-1->8->14 [7] 9/-1/-1->8->14
x08j03290:58209:60217 [0] NCCL INFO P2P Chunksize set to 131072
x08j03290:58212:60305 [1] NCCL INFO Ring 00 : 11 -> 9 -> 0
x08j03290:58212:60305 [1] NCCL INFO Ring 01 : 11 -> 9 -> 8
x08j03290:58212:60305 [1] NCCL INFO Ring 02 : 11 -> 9 -> 8
x08j03290:58212:60305 [1] NCCL INFO Ring 03 : 11 -> 9 -> 8
x08j03290:58212:60305 [1] NCCL INFO Ring 04 : 11 -> 9 -> 0
x08j03290:58212:60305 [1] NCCL INFO Ring 05 : 11 -> 9 -> 8
x08j03290:58212:60305 [1] NCCL INFO Ring 06 : 11 -> 9 -> 8
x08j03290:58212:60305 [1] NCCL INFO Ring 07 : 11 -> 9 -> 8
x08j03290:58212:60305 [1] NCCL INFO Trees [0] 11/-1/-1->9->8 [1] -1/-1/-1->9->8 [2] 11/-1/-1->9->8 [3] 11/-1/-1->9->8 [4] 11/-1/-1->9->8 [5] -1/-1/-1->9->8 [6] 11/-1/-1->9->8 [7] 11/-1/-1->9->8
x08j03290:58212:60305 [1] NCCL INFO P2P Chunksize set to 131072
x08j03290:58214:60216 [3] NCCL INFO Ring 01 : 2 -> 11 -> 9
x08j03290:58214:60216 [3] NCCL INFO Ring 02 : 10 -> 11 -> 9
x08j03290:58214:60216 [3] NCCL INFO Ring 03 : 10 -> 11 -> 9
x08j03290:58214:60216 [3] NCCL INFO Ring 04 : 10 -> 11 -> 9
x08j03290:58214:60216 [3] NCCL INFO Ring 05 : 2 -> 11 -> 9
x08j03290:58214:60216 [3] NCCL INFO Ring 06 : 10 -> 11 -> 9
x08j03290:58214:60216 [3] NCCL INFO Ring 07 : 10 -> 11 -> 9
x08j03290:58214:60216 [3] NCCL INFO Trees [0] 10/-1/-1->11->9 [1] 10/-1/-1->11->3 [2] 10/-1/-1->11->9 [3] 10/-1/-1->11->9 [4] 10/-1/-1->11->9 [5] 10/3/-1->11->-1 [6] 10/-1/-1->11->9 [7] 10/-1/-1->11->9
x08j03290:58214:60216 [3] NCCL INFO P2P Chunksize set to 131072
x08j03290:58213:60304 [2] NCCL INFO Ring 06 : 13 -> 10 -> 11
x08j03290:58213:60304 [2] NCCL INFO Ring 07 : 13 -> 10 -> 11
x08j03290:58213:60304 [2] NCCL INFO Trees [0] 13/-1/-1->10->11 [1] 13/-1/-1->10->11 [2] -1/-1/-1->10->11 [3] 13/-1/-1->10->11 [4] 13/-1/-1->10->11 [5] 13/-1/-1->10->11 [6] -1/-1/-1->10->11 [7] 13/-1/-1->10->11
x08j03290:58213:60304 [2] NCCL INFO P2P Chunksize set to 131072
x08j03290:58223:61232 [7] NCCL INFO [Proxy Service] Device 7 CPU core 126
x08j03290:58219:61233 [6] NCCL INFO [Proxy Service] Device 6 CPU core 25
x08j03290:58223:61234 [7] NCCL INFO [Proxy Service UDS] Device 7 CPU core 127
x08j03290:58213:61239 [2] NCCL INFO [Proxy Service] Device 2 CPU core 5
x08j03290:58212:61237 [1] NCCL INFO [Proxy Service] Device 1 CPU core 42
x08j03290:58219:61241 [6] NCCL INFO [Proxy Service UDS] Device 6 CPU core 27
x08j03290:58215:61236 [4] NCCL INFO [Proxy Service] Device 4 CPU core 76
x08j03290:58215:61243 [4] NCCL INFO [Proxy Service UDS] Device 4 CPU core 77
x08j03290:58214:61238 [3] NCCL INFO [Proxy Service] Device 3 CPU core 117
x08j03290:58214:61245 [3] NCCL INFO [Proxy Service UDS] Device 3 CPU core 118
x08j03290:58217:61235 [5] NCCL INFO [Proxy Service] Device 5 CPU core 41
x08j03290:58217:61242 [5] NCCL INFO [Proxy Service UDS] Device 5 CPU core 109
x08j03290:58209:61240 [0] NCCL INFO [Proxy Service] Device 0 CPU core 79
x08j03290:58209:61246 [0] NCCL INFO [Proxy Service UDS] Device 0 CPU core 16
x08j03290:58213:61247 [2] NCCL INFO [Proxy Service UDS] Device 2 CPU core 71
x08j03290:58212:61244 [1] NCCL INFO [Proxy Service UDS] Device 1 CPU core 112
x08j03289:87140:89008 [1] NCCL INFO threadThresholds 8/8/64 | 128/8/64 | 512 | 512
x08j03289:87140:89008 [1] NCCL INFO 8 coll channels, 8 collnet channels, 0 nvls channels, 8 p2p channels, 2 p2p channels per peer
x08j03289:87143:89046 [4] NCCL INFO threadThresholds 8/8/64 | 128/8/64 | 512 | 512
x08j03289:87143:89046 [4] NCCL INFO 8 coll channels, 8 collnet channels, 0 nvls channels, 8 p2p channels, 2 p2p channels per peer
x08j03289:87148:89061 [7] NCCL INFO threadThresholds 8/8/64 | 128/8/64 | 512 | 512
x08j03289:87148:89061 [7] NCCL INFO 8 coll channels, 8 collnet channels, 0 nvls channels, 8 p2p channels, 2 p2p channels per peer
x08j03289:87142:89027 [3] NCCL INFO threadThresholds 8/8/64 | 128/8/64 | 512 | 512
x08j03289:87142:89027 [3] NCCL INFO 8 coll channels, 8 collnet channels, 0 nvls channels, 8 p2p channels, 2 p2p channels per peer
x08j03290:58212:60305 [1] NCCL INFO threadThresholds 8/8/64 | 128/8/64 | 512 | 512
x08j03290:58212:60305 [1] NCCL INFO 8 coll channels, 8 collnet channels, 0 nvls channels, 8 p2p channels, 2 p2p channels per peer
x08j03290:58223:60225 [7] NCCL INFO threadThresholds 8/8/64 | 128/8/64 | 512 | 512
x08j03290:58223:60225 [7] NCCL INFO 8 coll channels, 8 collnet channels, 0 nvls channels, 8 p2p channels, 2 p2p channels per peer
x08j03290:58219:60306 [6] NCCL INFO threadThresholds 8/8/64 | 128/8/64 | 512 | 512
x08j03290:58219:60306 [6] NCCL INFO 8 coll channels, 8 collnet channels, 0 nvls channels, 8 p2p channels, 2 p2p channels per peer
x08j03290:58217:60215 [5] NCCL INFO threadThresholds 8/8/64 | 128/8/64 | 512 | 512
x08j03290:58217:60215 [5] NCCL INFO 8 coll channels, 8 collnet channels, 0 nvls channels, 8 p2p channels, 2 p2p channels per peer
x08j03290:58213:60304 [2] NCCL INFO threadThresholds 8/8/64 | 128/8/64 | 512 | 512
x08j03290:58213:60304 [2] NCCL INFO 8 coll channels, 8 collnet channels, 0 nvls channels, 8 p2p channels, 2 p2p channels per peer
x08j03290:58214:60216 [3] NCCL INFO threadThresholds 8/8/64 | 128/8/64 | 512 | 512
x08j03290:58214:60216 [3] NCCL INFO 8 coll channels, 8 collnet channels, 0 nvls channels, 8 p2p channels, 2 p2p channels per peer
x08j03289:87146:89012 [6] NCCL INFO threadThresholds 8/8/64 | 128/8/64 | 512 | 512
x08j03289:87146:89012 [6] NCCL INFO 8 coll channels, 8 collnet channels, 0 nvls channels, 8 p2p channels, 2 p2p channels per peer
x08j03289:87139:89038 [0] NCCL INFO threadThresholds 8/8/64 | 128/8/64 | 512 | 512
x08j03289:87139:89038 [0] NCCL INFO 8 coll channels, 8 collnet channels, 0 nvls channels, 8 p2p channels, 2 p2p channels per peer
x08j03289:87144:89164 [5] NCCL INFO threadThresholds 8/8/64 | 128/8/64 | 512 | 512
x08j03289:87144:89164 [5] NCCL INFO 8 coll channels, 8 collnet channels, 0 nvls channels, 8 p2p channels, 2 p2p channels per peer
x08j03290:58215:60303 [4] NCCL INFO threadThresholds 8/8/64 | 128/8/64 | 512 | 512
x08j03290:58215:60303 [4] NCCL INFO 8 coll channels, 8 collnet channels, 0 nvls channels, 8 p2p channels, 2 p2p channels per peer
x08j03290:58209:60217 [0] NCCL INFO threadThresholds 8/8/64 | 128/8/64 | 512 | 512
x08j03290:58209:60217 [0] NCCL INFO 8 coll channels, 8 collnet channels, 0 nvls channels, 8 p2p channels, 2 p2p channels per peer
x08j03289:87141:89163 [2] NCCL INFO threadThresholds 8/8/64 | 128/8/64 | 512 | 512
x08j03289:87141:89163 [2] NCCL INFO 8 coll channels, 8 collnet channels, 0 nvls channels, 8 p2p channels, 2 p2p channels per peer
x08j03289:87139:89038 [0] NCCL INFO CC Off, workFifoBytes 1048576
x08j03290:58219:60306 [6] NCCL INFO ncclCommInitRank comm 0x29c40b0 rank 14 nranks 16 cudaDev 6 nvmlDev 6 busId ad000 commId 0x8feeca8943a4160 - Init COMPLETE
x08j03290:58219:60306 [6] NCCL INFO Init timings - ncclCommInitRank: rank 14 nranks 16 total 3.03 (kernels 0.18, alloc 2.42, bootstrap 0.01, allgathers 0.01, topo 0.28, graphs 0.11, connections 0.01, rest 0.00)
x08j03290:58215:60303 [4] NCCL INFO ncclCommInitRank comm 0x2aed4f0 rank 12 nranks 16 cudaDev 4 nvmlDev 4 busId 89000 commId 0x8feeca8943a4160 - Init COMPLETE
x08j03290:58215:60303 [4] NCCL INFO Init timings - ncclCommInitRank: rank 12 nranks 16 total 3.08 (kernels 0.17, alloc 2.35, bootstrap 0.13, allgathers 0.01, topo 0.28, graphs 0.11, connections 0.02, rest 0.00)
x08j03290:58213:60304 [2] NCCL INFO ncclCommInitRank comm 0x2fc7220 rank 10 nranks 16 cudaDev 2 nvmlDev 2 busId 48000 commId 0x8feeca8943a4160 - Init COMPLETE
x08j03290:58213:60304 [2] NCCL INFO Init timings - ncclCommInitRank: rank 10 nranks 16 total 3.05 (kernels 0.17, alloc 2.38, bootstrap 0.08, allgathers 0.01, topo 0.28, graphs 0.11, connections 0.01, rest 0.00)
x08j03290:58212:60305 [1] NCCL INFO ncclCommInitRank comm 0x2e251b0 rank 9 nranks 16 cudaDev 1 nvmlDev 1 busId 19000 commId 0x8feeca8943a4160 - Init COMPLETE
x08j03290:58212:60305 [1] NCCL INFO Init timings - ncclCommInitRank: rank 9 nranks 16 total 3.04 (kernels 0.18, alloc 2.41, bootstrap 0.03, allgathers 0.01, topo 0.28, graphs 0.11, connections 0.01, rest 0.00)
x08j03290:58217:60215 [5] NCCL INFO ncclCommInitRank comm 0x31922b0 rank 13 nranks 16 cudaDev 5 nvmlDev 5 busId 8e000 commId 0x8feeca8943a4160 - Init COMPLETE
x08j03290:58217:60215 [5] NCCL INFO Init timings - ncclCommInitRank: rank 13 nranks 16 total 3.24 (kernels 0.25, alloc 0.30, bootstrap 2.27, allgathers 0.01, topo 0.28, graphs 0.11, connections 0.01, rest 0.00)
x08j03290:58223:60225 [7] NCCL INFO ncclCommInitRank comm 0x3285470 rank 15 nranks 16 cudaDev 7 nvmlDev 7 busId b3000 commId 0x8feeca8943a4160 - Init COMPLETE
x08j03290:58223:60225 [7] NCCL INFO Init timings - ncclCommInitRank: rank 15 nranks 16 total 3.16 (kernels 0.21, alloc 0.33, bootstrap 2.20, allgathers 0.01, topo 0.28, graphs 0.11, connections 0.01, rest 0.00)
x08j03290:58214:60216 [3] NCCL INFO ncclCommInitRank comm 0x1b1f520 rank 11 nranks 16 cudaDev 3 nvmlDev 3 busId 4d000 commId 0x8feeca8943a4160 - Init COMPLETE
x08j03290:58214:60216 [3] NCCL INFO Init timings - ncclCommInitRank: rank 11 nranks 16 total 3.24 (kernels 0.24, alloc 0.31, bootstrap 2.27, allgathers 0.01, topo 0.28, graphs 0.11, connections 0.01, rest 0.00)
x08j03290:58209:60217 [0] NCCL INFO ncclCommInitRank comm 0x36eebc0 rank 8 nranks 16 cudaDev 0 nvmlDev 0 busId 13000 commId 0x8feeca8943a4160 - Init COMPLETE
x08j03290:58209:60217 [0] NCCL INFO Init timings - ncclCommInitRank: rank 8 nranks 16 total 3.21 (kernels 0.24, alloc 0.34, bootstrap 2.21, allgathers 0.01, topo 0.28, graphs 0.11, connections 0.02, rest 0.00)
x08j03289:87140:89008 [1] NCCL INFO ncclCommInitRank comm 0x21171b0 rank 1 nranks 16 cudaDev 1 nvmlDev 1 busId 19000 commId 0x8feeca8943a4160 - Init COMPLETE
x08j03289:87140:89008 [1] NCCL INFO Init timings - ncclCommInitRank: rank 1 nranks 16 total 3.20 (kernels 0.17, alloc 0.41, bootstrap 2.20, allgathers 0.00, topo 0.30, graphs 0.11, connections 0.01, rest 0.01)
x08j03289:87146:89012 [6] NCCL INFO ncclCommInitRank comm 0x1c21e30 rank 6 nranks 16 cudaDev 6 nvmlDev 6 busId ad000 commId 0x8feeca8943a4160 - Init COMPLETE
x08j03289:87146:89012 [6] NCCL INFO Init timings - ncclCommInitRank: rank 6 nranks 16 total 3.19 (kernels 0.17, alloc 0.35, bootstrap 2.25, allgathers 0.00, topo 0.30, graphs 0.11, connections 0.02, rest 0.00)
x08j03289:87139:89038 [0] NCCL INFO ncclCommInitRank comm 0x2a0fa10 rank 0 nranks 16 cudaDev 0 nvmlDev 0 busId 13000 commId 0x8feeca8943a4160 - Init COMPLETE
x08j03289:87139:89038 [0] NCCL INFO Init timings - ncclCommInitRank: rank 0 nranks 16 total 3.14 (kernels 0.15, alloc 0.40, bootstrap 2.17, allgathers 0.00, topo 0.30, graphs 0.11, connections 0.02, rest 0.00)
x08j03289:87141:89163 [2] NCCL INFO ncclCommInitRank comm 0x2719800 rank 2 nranks 16 cudaDev 2 nvmlDev 2 busId 48000 commId 0x8feeca8943a4160 - Init COMPLETE
x08j03289:87141:89163 [2] NCCL INFO Init timings - ncclCommInitRank: rank 2 nranks 16 total 3.04 (kernels 0.19, alloc 0.35, bootstrap 2.08, allgathers 0.00, topo 0.30, graphs 0.11, connections 0.02, rest 0.00)
x08j03289:87142:89027 [3] NCCL INFO ncclCommInitRank comm 0x381d490 rank 3 nranks 16 cudaDev 3 nvmlDev 3 busId 4d000 commId 0x8feeca8943a4160 - Init COMPLETE
x08j03289:87142:89027 [3] NCCL INFO Init timings - ncclCommInitRank: rank 3 nranks 16 total 3.16 (kernels 0.15, alloc 0.42, bootstrap 2.17, allgathers 0.00, topo 0.30, graphs 0.11, connections 0.01, rest 0.01)
x08j03289:87143:89046 [4] NCCL INFO ncclCommInitRank comm 0x1da31a0 rank 4 nranks 16 cudaDev 4 nvmlDev 4 busId 89000 commId 0x8feeca8943a4160 - Init COMPLETE
x08j03289:87143:89046 [4] NCCL INFO Init timings - ncclCommInitRank: rank 4 nranks 16 total 3.13 (kernels 0.15, alloc 0.44, bootstrap 2.11, allgathers 0.00, topo 0.30, graphs 0.11, connections 0.01, rest 0.01)
x08j03289:87144:89164 [5] NCCL INFO ncclCommInitRank comm 0x2f30280 rank 5 nranks 16 cudaDev 5 nvmlDev 5 busId 8e000 commId 0x8feeca8943a4160 - Init COMPLETE
x08j03289:87144:89164 [5] NCCL INFO Init timings - ncclCommInitRank: rank 5 nranks 16 total 3.04 (kernels 0.19, alloc 0.36, bootstrap 2.06, allgathers 0.00, topo 0.30, graphs 0.11, connections 0.02, rest 0.00)
x08j03289:87148:89061 [7] NCCL INFO ncclCommInitRank comm 0x3342000 rank 7 nranks 16 cudaDev 7 nvmlDev 7 busId b3000 commId 0x8feeca8943a4160 - Init COMPLETE
x08j03289:87148:89061 [7] NCCL INFO Init timings - ncclCommInitRank: rank 7 nranks 16 total 3.12 (kernels 0.15, alloc 0.43, bootstrap 2.12, allgathers 0.00, topo 0.30, graphs 0.11, connections 0.01, rest 0.01)
#
#                                                              out-of-place                       in-place          
#       size         count      type   redop    root     time   algbw   busbw #wrong     time   algbw   busbw #wrong
#        (B)    (elements)                               (us)  (GB/s)  (GB/s)            (us)  (GB/s)  (GB/s)       
x08j03289:87141:90125 [2] NCCL INFO Channel 00/0 : 2[2] -> 3[3] via P2P/CUMEM/read
x08j03289:87146:90127 [6] NCCL INFO Channel 00/0 : 6[6] -> 7[7] via P2P/CUMEM/read
x08j03289:87143:90128 [4] NCCL INFO Channel 00/0 : 4[4] -> 5[5] via P2P/CUMEM/read
x08j03289:87139:90126 [0] NCCL INFO Channel 00/0 : 0[0] -> 6[6] via P2P/CUMEM/read
x08j03289:87140:90122 [1] NCCL INFO GPU Direct RDMA Enabled for GPU 1 / HCA 6 (distance 4 <= 4), read 1
x08j03290:58213:61248 [2] NCCL INFO Channel 00/0 : 10[2] -> 11[3] via P2P/CUMEM/read
x08j03289:87143:90108 [4] NCCL INFO New proxy send connection 0 from local rank 4, transport 0
x08j03289:87143:90128 [4] NCCL INFO Connected to proxy localRank 4 -> connection 0x7fcfb8000d00
x08j03289:87144:90105 [5] NCCL INFO New proxy recv connection 0 from local rank 5, transport 0
x08j03289:87139:90113 [0] NCCL INFO New proxy send connection 0 from local rank 0, transport 0
x08j03289:87139:90126 [0] NCCL INFO Connected to proxy localRank 0 -> connection 0x7f6e38000d00
x08j03290:58219:61250 [6] NCCL INFO Channel 00/0 : 14[6] -> 15[7] via P2P/CUMEM/read
x08j03289:87141:90109 [2] NCCL INFO New proxy send connection 0 from local rank 2, transport 0
x08j03289:87146:90110 [6] NCCL INFO New proxy send connection 0 from local rank 6, transport 0
x08j03289:87146:90127 [6] NCCL INFO Connected to proxy localRank 6 -> connection 0x7fb678000d00
x08j03289:87144:90123 [5] NCCL INFO Connected to proxy localRank 5 -> connection 0x7fe2d8000d00
x08j03290:58212:61253 [1] NCCL INFO GPU Direct RDMA Enabled for GPU 9 / HCA 6 (distance 4 <= 4), read 1
x08j03290:58209:61252 [0] NCCL INFO Channel 00/0 : 8[0] -> 14[6] via P2P/CUMEM/read
x08j03289:87142:90107 [3] NCCL INFO New proxy recv connection 0 from local rank 3, transport 0
x08j03289:87141:90125 [2] NCCL INFO Connected to proxy localRank 2 -> connection 0x7fc324000d00
x08j03290:58215:61254 [4] NCCL INFO Channel 00/0 : 12[4] -> 13[5] via P2P/CUMEM/read
x08j03290:58213:61239 [2] NCCL INFO New proxy send connection 0 from local rank 2, transport 0
x08j03289:87142:90124 [3] NCCL INFO Connected to proxy localRank 3 -> connection 0x7fb47c000d00
x08j03289:87148:90111 [7] NCCL INFO New proxy recv connection 0 from local rank 7, transport 0
x08j03289:87148:90121 [7] NCCL INFO Connected to proxy localRank 7 -> connection 0x7f1c9c000d00
x08j03290:58223:61232 [7] NCCL INFO New proxy recv connection 0 from local rank 7, transport 0
x08j03290:58213:61248 [2] NCCL INFO Connected to proxy localRank 2 -> connection 0x7fadbc000d00
x08j03290:58209:61240 [0] NCCL INFO New proxy send connection 0 from local rank 0, transport 0
x08j03290:58219:61233 [6] NCCL INFO New proxy send connection 0 from local rank 6, transport 0
x08j03290:58219:61250 [6] NCCL INFO Connected to proxy localRank 6 -> connection 0x7fd658000d00
x08j03290:58217:61235 [5] NCCL INFO New proxy recv connection 0 from local rank 5, transport 0
x08j03290:58223:61251 [7] NCCL INFO Connected to proxy localRank 7 -> connection 0x7f7b18000d00
x08j03290:58214:61238 [3] NCCL INFO New proxy recv connection 0 from local rank 3, transport 0
x08j03290:58214:61255 [3] NCCL INFO Connected to proxy localRank 3 -> connection 0x7f87bc000d00
x08j03290:58215:61236 [4] NCCL INFO New proxy send connection 0 from local rank 4, transport 0
x08j03290:58215:61254 [4] NCCL INFO Connected to proxy localRank 4 -> connection 0x7fd364000d00
x08j03290:58209:61252 [0] NCCL INFO Connected to proxy localRank 0 -> connection 0x7f8b58000d00
x08j03290:58217:61249 [5] NCCL INFO Connected to proxy localRank 5 -> connection 0x7f97c8000d00
x08j03290:58213:61248 [2] NCCL INFO Channel 02/0 : 10[2] -> 11[3] via P2P/CUMEM/read
x08j03289:87146:90127 [6] NCCL INFO Channel 01/0 : 6[6] -> 7[7] via P2P/CUMEM/read
x08j03289:87139:90126 [0] NCCL INFO Channel 01/0 : 0[0] -> 6[6] via P2P/CUMEM/read
x08j03289:87146:90110 [6] NCCL INFO New proxy send connection 1 from local rank 6, transport 0
x08j03289:87139:90113 [0] NCCL INFO New proxy send connection 1 from local rank 0, transport 0
x08j03289:87139:90126 [0] NCCL INFO Connected to proxy localRank 0 -> connection 0x7f6e38000d78
x08j03289:87146:90127 [6] NCCL INFO Connected to proxy localRank 6 -> connection 0x7fb678000d78
x08j03289:87143:90128 [4] NCCL INFO Channel 01/0 : 4[4] -> 5[5] via P2P/CUMEM/read
x08j03289:87143:90108 [4] NCCL INFO New proxy send connection 1 from local rank 4, transport 0
x08j03289:87143:90128 [4] NCCL INFO Connected to proxy localRank 4 -> connection 0x7fcfb8000d78
x08j03289:87144:90105 [5] NCCL INFO New proxy recv connection 1 from local rank 5, transport 0
x08j03289:87141:90125 [2] NCCL INFO Channel 02/0 : 2[2] -> 3[3] via P2P/CUMEM/read
x08j03289:87144:90123 [5] NCCL INFO Connected to proxy localRank 5 -> connection 0x7fe2d8000d78
x08j03289:87141:90109 [2] NCCL INFO New proxy send connection 1 from local rank 2, transport 0
x08j03289:87142:90107 [3] NCCL INFO New proxy recv connection 1 from local rank 3, transport 0
x08j03289:87141:90125 [2] NCCL INFO Connected to proxy localRank 2 -> connection 0x7fc324000d78
x08j03289:87142:90124 [3] NCCL INFO Connected to proxy localRank 3 -> connection 0x7fb47c000d78
x08j03289:87148:90111 [7] NCCL INFO New proxy recv connection 1 from local rank 7, transport 0
x08j03289:87148:90121 [7] NCCL INFO Connected to proxy localRank 7 -> connection 0x7f1c9c000d78
x08j03290:58213:61239 [2] NCCL INFO New proxy send connection 1 from local rank 2, transport 0
x08j03290:58213:61248 [2] NCCL INFO Connected to proxy localRank 2 -> connection 0x7fadbc000d78
x08j03290:58219:61250 [6] NCCL INFO Channel 01/0 : 14[6] -> 15[7] via P2P/CUMEM/read
x08j03290:58219:61233 [6] NCCL INFO New proxy send connection 1 from local rank 6, transport 0
x08j03290:58217:61235 [5] NCCL INFO New proxy recv connection 1 from local rank 5, transport 0
x08j03290:58217:61249 [5] NCCL INFO Connected to proxy localRank 5 -> connection 0x7f97c8000d78
x08j03290:58209:61252 [0] NCCL INFO Channel 01/0 : 8[0] -> 14[6] via P2P/CUMEM/read
x08j03290:58219:61250 [6] NCCL INFO Connected to proxy localRank 6 -> connection 0x7fd658000d78
x08j03290:58209:61240 [0] NCCL INFO New proxy send connection 1 from local rank 0, transport 0
x08j03290:58214:61238 [3] NCCL INFO New proxy recv connection 1 from local rank 3, transport 0
x08j03290:58214:61255 [3] NCCL INFO Connected to proxy localRank 3 -> connection 0x7f87bc000d78
x08j03290:58209:61252 [0] NCCL INFO Connected to proxy localRank 0 -> connection 0x7f8b58000d78
x08j03290:58215:61254 [4] NCCL INFO Channel 01/0 : 12[4] -> 13[5] via P2P/CUMEM/read
x08j03290:58215:61236 [4] NCCL INFO New proxy send connection 1 from local rank 4, transport 0
x08j03290:58215:61254 [4] NCCL INFO Connected to proxy localRank 4 -> connection 0x7fd364000d78
x08j03290:58213:61248 [2] NCCL INFO Channel 03/0 : 10[2] -> 11[3] via P2P/CUMEM/read
x08j03290:58213:61239 [2] NCCL INFO New proxy send connection 2 from local rank 2, transport 0
x08j03290:58213:61248 [2] NCCL INFO Connected to proxy localRank 2 -> connection 0x7fadbc000df0
x08j03289:87139:90126 [0] NCCL INFO Channel 02/0 : 0[0] -> 6[6] via P2P/CUMEM/read
x08j03290:58219:61250 [6] NCCL INFO Channel 02/0 : 14[6] -> 15[7] via P2P/CUMEM/read
x08j03289:87139:90113 [0] NCCL INFO New proxy send connection 2 from local rank 0, transport 0
x08j03289:87139:90126 [0] NCCL INFO Connected to proxy localRank 0 -> connection 0x7f6e38000df0
x08j03289:87146:90127 [6] NCCL INFO Channel 02/0 : 6[6] -> 7[7] via P2P/CUMEM/read
x08j03289:87143:90128 [4] NCCL INFO Channel 03/0 : 4[4] -> 5[5] via P2P/CUMEM/read
x08j03289:87146:90110 [6] NCCL INFO New proxy send connection 2 from local rank 6, transport 0
x08j03289:87146:90127 [6] NCCL INFO Connected to proxy localRank 6 -> connection 0x7fb678000df0
x08j03289:87143:90108 [4] NCCL INFO New proxy send connection 2 from local rank 4, transport 0
x08j03289:87143:90128 [4] NCCL INFO Connected to proxy localRank 4 -> connection 0x7fcfb8000df0
x08j03290:58219:61233 [6] NCCL INFO New proxy send connection 2 from local rank 6, transport 0
x08j03290:58219:61250 [6] NCCL INFO Connected to proxy localRank 6 -> connection 0x7fd658000df0
x08j03290:58217:61235 [5] NCCL INFO New proxy recv connection 2 from local rank 5, transport 0
x08j03290:58217:61249 [5] NCCL INFO Connected to proxy localRank 5 -> connection 0x7f97c8000df0
x08j03290:58209:61252 [0] NCCL INFO Channel 02/0 : 8[0] -> 14[6] via P2P/CUMEM/read
x08j03289:87144:90105 [5] NCCL INFO New proxy recv connection 2 from local rank 5, transport 0
x08j03289:87144:90123 [5] NCCL INFO Connected to proxy localRank 5 -> connection 0x7fe2d8000df0
x08j03289:87141:90125 [2] NCCL INFO Channel 03/0 : 2[2] -> 3[3] via P2P/CUMEM/read
x08j03289:87142:90107 [3] NCCL INFO New proxy recv connection 2 from local rank 3, transport 0
x08j03289:87141:90109 [2] NCCL INFO New proxy send connection 2 from local rank 2, transport 0
x08j03289:87142:90124 [3] NCCL INFO Connected to proxy localRank 3 -> connection 0x7fb47c000df0
x08j03289:87141:90125 [2] NCCL INFO Connected to proxy localRank 2 -> connection 0x7fc324000df0
x08j03290:58209:61240 [0] NCCL INFO New proxy send connection 2 from local rank 0, transport 0
x08j03289:87148:90111 [7] NCCL INFO New proxy recv connection 2 from local rank 7, transport 0
x08j03290:58214:61238 [3] NCCL INFO New proxy recv connection 2 from local rank 3, transport 0
x08j03289:87148:90121 [7] NCCL INFO Connected to proxy localRank 7 -> connection 0x7f1c9c000df0
x08j03290:58209:61252 [0] NCCL INFO Connected to proxy localRank 0 -> connection 0x7f8b58000df0
x08j03290:58214:61255 [3] NCCL INFO Connected to proxy localRank 3 -> connection 0x7f87bc000df0
x08j03290:58215:61254 [4] NCCL INFO Channel 03/0 : 12[4] -> 13[5] via P2P/CUMEM/read
x08j03290:58213:61248 [2] NCCL INFO Channel 04/0 : 10[2] -> 11[3] via P2P/CUMEM/read
x08j03290:58215:61236 [4] NCCL INFO New proxy send connection 2 from local rank 4, transport 0
x08j03290:58215:61254 [4] NCCL INFO Connected to proxy localRank 4 -> connection 0x7fd364000df0
x08j03290:58213:61239 [2] NCCL INFO New proxy send connection 3 from local rank 2, transport 0
x08j03290:58213:61248 [2] NCCL INFO Connected to proxy localRank 2 -> connection 0x7fadbc000e68
x08j03290:58219:61250 [6] NCCL INFO Channel 04/0 : 14[6] -> 15[7] via P2P/CUMEM/read
x08j03289:87139:90126 [0] NCCL INFO Channel 03/0 : 0[0] -> 6[6] via P2P/CUMEM/read
x08j03289:87139:90113 [0] NCCL INFO New proxy send connection 3 from local rank 0, transport 0
x08j03289:87139:90126 [0] NCCL INFO Connected to proxy localRank 0 -> connection 0x7f6e38000e68
x08j03289:87143:90128 [4] NCCL INFO Channel 04/0 : 4[4] -> 5[5] via P2P/CUMEM/read
x08j03289:87146:90127 [6] NCCL INFO Channel 04/0 : 6[6] -> 7[7] via P2P/CUMEM/read
x08j03289:87143:90108 [4] NCCL INFO New proxy send connection 3 from local rank 4, transport 0
x08j03289:87143:90128 [4] NCCL INFO Connected to proxy localRank 4 -> connection 0x7fcfb8000e68
x08j03289:87146:90110 [6] NCCL INFO New proxy send connection 3 from local rank 6, transport 0
x08j03289:87146:90127 [6] NCCL INFO Connected to proxy localRank 6 -> connection 0x7fb678000e68
x08j03289:87144:90105 [5] NCCL INFO New proxy recv connection 3 from local rank 5, transport 0
x08j03289:87144:90123 [5] NCCL INFO Connected to proxy localRank 5 -> connection 0x7fe2d8000e68
x08j03289:87141:90125 [2] NCCL INFO Channel 04/0 : 2[2] -> 3[3] via P2P/CUMEM/read
x08j03289:87142:90107 [3] NCCL INFO New proxy recv connection 3 from local rank 3, transport 0
x08j03289:87142:90124 [3] NCCL INFO Connected to proxy localRank 3 -> connection 0x7fb47c000e68
x08j03289:87141:90109 [2] NCCL INFO New proxy send connection 3 from local rank 2, transport 0
x08j03289:87141:90125 [2] NCCL INFO Connected to proxy localRank 2 -> connection 0x7fc324000e68
x08j03289:87148:90111 [7] NCCL INFO New proxy recv connection 3 from local rank 7, transport 0
x08j03289:87148:90121 [7] NCCL INFO Connected to proxy localRank 7 -> connection 0x7f1c9c000e68
x08j03290:58219:61233 [6] NCCL INFO New proxy send connection 3 from local rank 6, transport 0
x08j03290:58219:61250 [6] NCCL INFO Connected to proxy localRank 6 -> connection 0x7fd658000e68
x08j03290:58223:61232 [7] NCCL INFO New proxy recv connection 1 from local rank 7, transport 0
x08j03290:58223:61251 [7] NCCL INFO Connected to proxy localRank 7 -> connection 0x7f7b18000d78
x08j03290:58209:61252 [0] NCCL INFO Channel 03/0 : 8[0] -> 14[6] via P2P/CUMEM/read
x08j03290:58215:61254 [4] NCCL INFO Channel 04/0 : 12[4] -> 13[5] via P2P/CUMEM/read
x08j03290:58209:61240 [0] NCCL INFO New proxy send connection 3 from local rank 0, transport 0
x08j03290:58209:61252 [0] NCCL INFO Connected to proxy localRank 0 -> connection 0x7f8b58000e68
x08j03289:87139:90126 [0] NCCL INFO Channel 04/0 : 0[0] -> 6[6] via P2P/CUMEM/read
x08j03290:58215:61236 [4] NCCL INFO New proxy send connection 3 from local rank 4, transport 0
x08j03290:58215:61254 [4] NCCL INFO Connected to proxy localRank 4 -> connection 0x7fd364000e68
x08j03290:58219:61250 [6] NCCL INFO Channel 05/0 : 14[6] -> 15[7] via P2P/CUMEM/read
x08j03289:87139:90113 [0] NCCL INFO New proxy send connection 4 from local rank 0, transport 0
x08j03290:58219:61233 [6] NCCL INFO New proxy send connection 4 from local rank 6, transport 0
x08j03289:87139:90126 [0] NCCL INFO Connected to proxy localRank 0 -> connection 0x7f6e38000ee0
x08j03290:58219:61250 [6] NCCL INFO Connected to proxy localRank 6 -> connection 0x7fd658000ee0
x08j03290:58223:61232 [7] NCCL INFO New proxy recv connection 2 from local rank 7, transport 0
x08j03290:58223:61251 [7] NCCL INFO Connected to proxy localRank 7 -> connection 0x7f7b18000df0
x08j03290:58209:61252 [0] NCCL INFO Channel 04/0 : 8[0] -> 14[6] via P2P/CUMEM/read
x08j03290:58215:61254 [4] NCCL INFO Channel 05/0 : 12[4] -> 13[5] via P2P/CUMEM/read
x08j03290:58209:61240 [0] NCCL INFO New proxy send connection 4 from local rank 0, transport 0
x08j03290:58209:61252 [0] NCCL INFO Connected to proxy localRank 0 -> connection 0x7f8b58000ee0
x08j03290:58215:61236 [4] NCCL INFO New proxy send connection 4 from local rank 4, transport 0
x08j03290:58215:61254 [4] NCCL INFO Connected to proxy localRank 4 -> connection 0x7fd364000ee0
x08j03290:58219:61250 [6] NCCL INFO Channel 06/0 : 14[6] -> 15[7] via P2P/CUMEM/read
x08j03289:87143:90128 [4] NCCL INFO Channel 05/0 : 4[4] -> 5[5] via P2P/CUMEM/read
x08j03290:58219:61233 [6] NCCL INFO New proxy send connection 5 from local rank 6, transport 0
x08j03290:58219:61250 [6] NCCL INFO Connected to proxy localRank 6 -> connection 0x7fd658000f58
x08j03289:87143:90108 [4] NCCL INFO New proxy send connection 4 from local rank 4, transport 0
x08j03289:87146:90127 [6] NCCL INFO Channel 05/0 : 6[6] -> 7[7] via P2P/CUMEM/read
x08j03289:87143:90128 [4] NCCL INFO Connected to proxy localRank 4 -> connection 0x7fcfb8000ee0
x08j03289:87146:90110 [6] NCCL INFO New proxy send connection 4 from local rank 6, transport 0
x08j03289:87146:90127 [6] NCCL INFO Connected to proxy localRank 6 -> connection 0x7fb678000ee0
x08j03289:87144:90105 [5] NCCL INFO New proxy recv connection 4 from local rank 5, transport 0
x08j03289:87144:90123 [5] NCCL INFO Connected to proxy localRank 5 -> connection 0x7fe2d8000ee0
x08j03289:87142:90107 [3] NCCL INFO New proxy recv connection 4 from local rank 3, transport 0
x08j03289:87142:90124 [3] NCCL INFO Connected to proxy localRank 3 -> connection 0x7fb47c000ee0
x08j03290:58223:61232 [7] NCCL INFO New proxy recv connection 3 from local rank 7, transport 0
x08j03290:58223:61251 [7] NCCL INFO Connected to proxy localRank 7 -> connection 0x7f7b18000e68
x08j03290:58214:61238 [3] NCCL INFO New proxy recv connection 3 from local rank 3, transport 0
x08j03290:58214:61255 [3] NCCL INFO Connected to proxy localRank 3 -> connection 0x7f87bc000e68
x08j03289:87141:90125 [2] NCCL INFO Channel 06/0 : 2[2] -> 3[3] via P2P/CUMEM/read
x08j03289:87141:90109 [2] NCCL INFO New proxy send connection 4 from local rank 2, transport 0
x08j03289:87141:90125 [2] NCCL INFO Connected to proxy localRank 2 -> connection 0x7fc324000ee0
x08j03289:87148:90111 [7] NCCL INFO New proxy recv connection 4 from local rank 7, transport 0
x08j03289:87148:90121 [7] NCCL INFO Connected to proxy localRank 7 -> connection 0x7f1c9c000ee0
x08j03290:58209:61252 [0] NCCL INFO Channel 05/0 : 8[0] -> 14[6] via P2P/CUMEM/read
x08j03289:87139:90126 [0] NCCL INFO Channel 05/0 : 0[0] -> 6[6] via P2P/CUMEM/read
x08j03289:87139:90113 [0] NCCL INFO New proxy send connection 5 from local rank 0, transport 0
x08j03289:87139:90126 [0] NCCL INFO Connected to proxy localRank 0 -> connection 0x7f6e38000f58
x08j03290:58215:61254 [4] NCCL INFO Channel 07/0 : 12[4] -> 13[5] via P2P/CUMEM/read
x08j03289:87143:90128 [4] NCCL INFO Channel 07/0 : 4[4] -> 5[5] via P2P/CUMEM/read
x08j03290:58209:61240 [0] NCCL INFO New proxy send connection 5 from local rank 0, transport 0
x08j03290:58209:61252 [0] NCCL INFO Connected to proxy localRank 0 -> connection 0x7f8b58000f58
x08j03290:58215:61236 [4] NCCL INFO New proxy send connection 5 from local rank 4, transport 0
x08j03289:87143:90108 [4] NCCL INFO New proxy send connection 5 from local rank 4, transport 0
x08j03290:58215:61254 [4] NCCL INFO Connected to proxy localRank 4 -> connection 0x7fd364000f58
x08j03289:87143:90128 [4] NCCL INFO Connected to proxy localRank 4 -> connection 0x7fcfb8000f58
x08j03290:58223:61232 [7] NCCL INFO New proxy recv connection 4 from local rank 7, transport 0
x08j03290:58223:61251 [7] NCCL INFO Connected to proxy localRank 7 -> connection 0x7f7b18000ee0
x08j03290:58214:61238 [3] NCCL INFO New proxy recv connection 4 from local rank 3, transport 0
x08j03290:58214:61255 [3] NCCL INFO Connected to proxy localRank 3 -> connection 0x7f87bc000ee0
x08j03289:87146:90127 [6] NCCL INFO Channel 06/0 : 6[6] -> 7[7] via P2P/CUMEM/read
x08j03290:58209:61252 [0] NCCL INFO Channel 06/0 : 8[0] -> 14[6] via P2P/CUMEM/read
x08j03289:87146:90110 [6] NCCL INFO New proxy send connection 5 from local rank 6, transport 0
x08j03289:87146:90127 [6] NCCL INFO Connected to proxy localRank 6 -> connection 0x7fb678000f58
x08j03289:87144:90105 [5] NCCL INFO New proxy recv connection 5 from local rank 5, transport 0
x08j03289:87144:90123 [5] NCCL INFO Connected to proxy localRank 5 -> connection 0x7fe2d8000f58
x08j03289:87142:90107 [3] NCCL INFO New proxy recv connection 5 from local rank 3, transport 0
x08j03289:87142:90124 [3] NCCL INFO Connected to proxy localRank 3 -> connection 0x7fb47c000f58
x08j03290:58209:61240 [0] NCCL INFO New proxy send connection 6 from local rank 0, transport 0
x08j03290:58209:61252 [0] NCCL INFO Connected to proxy localRank 0 -> connection 0x7f8b58000fd0
x08j03290:58223:61232 [7] NCCL INFO New proxy recv connection 5 from local rank 7, transport 0
x08j03289:87141:90125 [2] NCCL INFO Channel 07/0 : 2[2] -> 3[3] via P2P/CUMEM/read
x08j03289:87141:90109 [2] NCCL INFO New proxy send connection 5 from local rank 2, transport 0
x08j03289:87141:90125 [2] NCCL INFO Connected to proxy localRank 2 -> connection 0x7fc324000f58
x08j03290:58223:61251 [7] NCCL INFO Connected to proxy localRank 7 -> connection 0x7f7b18000f58
x08j03290:58214:61238 [3] NCCL INFO New proxy recv connection 5 from local rank 3, transport 0
x08j03290:58214:61255 [3] NCCL INFO Connected to proxy localRank 3 -> connection 0x7f87bc000f58
x08j03290:58217:61235 [5] NCCL INFO New proxy recv connection 3 from local rank 5, transport 0
x08j03290:58217:61249 [5] NCCL INFO Connected to proxy localRank 5 -> connection 0x7f97c8000e68
x08j03290:58209:61252 [0] NCCL INFO Channel 07/0 : 8[0] -> 14[6] via P2P/CUMEM/read
x08j03289:87148:90111 [7] NCCL INFO New proxy recv connection 5 from local rank 7, transport 0
x08j03289:87148:90121 [7] NCCL INFO Connected to proxy localRank 7 -> connection 0x7f1c9c000f58
x08j03290:58209:61240 [0] NCCL INFO New proxy send connection 7 from local rank 0, transport 0
x08j03289:87139:90126 [0] NCCL INFO Channel 06/0 : 0[0] -> 6[6] via P2P/CUMEM/read
x08j03289:87139:90113 [0] NCCL INFO New proxy send connection 6 from local rank 0, transport 0
x08j03289:87139:90126 [0] NCCL INFO Connected to proxy localRank 0 -> connection 0x7f6e38000fd0
x08j03290:58209:61252 [0] NCCL INFO Connected to proxy localRank 0 -> connection 0x7f8b58001048
x08j03290:58223:61251 [7] NCCL INFO GPU Direct RDMA Enabled for GPU 15 / HCA 9 (distance 4 <= 4), read 0
x08j03290:58217:61235 [5] NCCL INFO New proxy recv connection 4 from local rank 5, transport 0
x08j03290:58217:61249 [5] NCCL INFO Connected to proxy localRank 5 -> connection 0x7f97c8000ee0
x08j03290:58219:61233 [6] NCCL INFO New proxy recv connection 6 from local rank 6, transport 0
x08j03290:58219:61250 [6] NCCL INFO Connected to proxy localRank 6 -> connection 0x7fd658000fd0
x08j03290:58213:61248 [2] NCCL INFO Channel 06/0 : 10[2] -> 11[3] via P2P/CUMEM/read
x08j03289:87143:90128 [4] NCCL INFO GPU Direct RDMA Enabled for GPU 4 / HCA 8 (distance 4 <= 4), read 1
x08j03289:87144:90123 [5] NCCL INFO GPU Direct RDMA Enabled for GPU 5 / HCA 8 (distance 4 <= 4), read 0
x08j03290:58213:61239 [2] NCCL INFO New proxy send connection 4 from local rank 2, transport 0
x08j03290:58213:61248 [2] NCCL INFO Connected to proxy localRank 2 -> connection 0x7fadbc000ee0
x08j03290:58217:61235 [5] NCCL INFO New proxy recv connection 5 from local rank 5, transport 0
x08j03289:87139:90126 [0] NCCL INFO Channel 07/0 : 0[0] -> 6[6] via P2P/CUMEM/read
x08j03290:58217:61249 [5] NCCL INFO Connected to proxy localRank 5 -> connection 0x7f97c8000f58
x08j03289:87139:90113 [0] NCCL INFO New proxy send connection 7 from local rank 0, transport 0
x08j03289:87142:90124 [3] NCCL INFO GPU Direct RDMA Enabled for GPU 3 / HCA 7 (distance 4 <= 4), read 0
x08j03289:87139:90126 [0] NCCL INFO Connected to proxy localRank 0 -> connection 0x7f6e38001048
x08j03289:87141:90125 [2] NCCL INFO GPU Direct RDMA Enabled for GPU 2 / HCA 7 (distance 4 <= 4), read 1
x08j03289:87148:90121 [7] NCCL INFO GPU Direct RDMA Enabled for GPU 7 / HCA 9 (distance 4 <= 4), read 0
x08j03289:87146:90110 [6] NCCL INFO New proxy recv connection 6 from local rank 6, transport 0
x08j03289:87146:90127 [6] NCCL INFO Connected to proxy localRank 6 -> connection 0x7fb678000fd0
x08j03290:58219:61233 [6] NCCL INFO New proxy recv connection 7 from local rank 6, transport 0
x08j03290:58219:61250 [6] NCCL INFO Connected to proxy localRank 6 -> connection 0x7fd658001048
x08j03290:58213:61248 [2] NCCL INFO Channel 07/0 : 10[2] -> 11[3] via P2P/CUMEM/read
x08j03290:58213:61239 [2] NCCL INFO New proxy send connection 5 from local rank 2, transport 0
x08j03290:58213:61248 [2] NCCL INFO Connected to proxy localRank 2 -> connection 0x7fadbc000f58
x08j03290:58219:61233 [6] NCCL INFO New proxy recv connection 8 from local rank 6, transport 0
x08j03289:87146:90110 [6] NCCL INFO New proxy recv connection 7 from local rank 6, transport 0
x08j03289:87146:90127 [6] NCCL INFO Connected to proxy localRank 6 -> connection 0x7fb678001048
x08j03289:87146:90110 [6] NCCL INFO New proxy recv connection 8 from local rank 6, transport 0
x08j03289:87146:90127 [6] NCCL INFO Connected to proxy localRank 6 -> connection 0x7fb6780010c0
x08j03290:58217:61249 [5] NCCL INFO GPU Direct RDMA Enabled for GPU 13 / HCA 8 (distance 4 <= 4), read 0
x08j03290:58215:61254 [4] NCCL INFO GPU Direct RDMA Enabled for GPU 12 / HCA 8 (distance 4 <= 4), read 1
x08j03290:58219:61250 [6] NCCL INFO Connected to proxy localRank 6 -> connection 0x7fd6580010c0
x08j03290:58213:61248 [2] NCCL INFO GPU Direct RDMA Enabled for GPU 10 / HCA 7 (distance 4 <= 4), read 1
x08j03290:58214:61255 [3] NCCL INFO GPU Direct RDMA Enabled for GPU 11 / HCA 7 (distance 4 <= 4), read 0
x08j03290:58219:61233 [6] NCCL INFO New proxy recv connection 9 from local rank 6, transport 0
x08j03290:58219:61250 [6] NCCL INFO Connected to proxy localRank 6 -> connection 0x7fd658001138
x08j03290:58219:61233 [6] NCCL INFO New proxy recv connection 10 from local rank 6, transport 0
x08j03290:58219:61250 [6] NCCL INFO Connected to proxy localRank 6 -> connection 0x7fd6580011b0
x08j03289:87146:90110 [6] NCCL INFO New proxy recv connection 9 from local rank 6, transport 0
x08j03289:87146:90127 [6] NCCL INFO Connected to proxy localRank 6 -> connection 0x7fb678001138
x08j03290:58219:61233 [6] NCCL INFO New proxy recv connection 11 from local rank 6, transport 0
x08j03290:58219:61250 [6] NCCL INFO Connected to proxy localRank 6 -> connection 0x7fd658001228
x08j03290:58219:61233 [6] NCCL INFO New proxy recv connection 12 from local rank 6, transport 0
x08j03290:58219:61250 [6] NCCL INFO Connected to proxy localRank 6 -> connection 0x7fd6580012a0
x08j03289:87146:90110 [6] NCCL INFO New proxy recv connection 10 from local rank 6, transport 0
x08j03289:87146:90127 [6] NCCL INFO Connected to proxy localRank 6 -> connection 0x7fb6780011b0
x08j03290:58219:61233 [6] NCCL INFO New proxy recv connection 13 from local rank 6, transport 0
x08j03290:58219:61250 [6] NCCL INFO Connected to proxy localRank 6 -> connection 0x7fd658001318
x08j03289:87146:90110 [6] NCCL INFO New proxy recv connection 11 from local rank 6, transport 0
x08j03289:87146:90127 [6] NCCL INFO Connected to proxy localRank 6 -> connection 0x7fb678001228
x08j03290:58219:61250 [6] NCCL INFO GPU Direct RDMA Enabled for GPU 14 / HCA 9 (distance 4 <= 4), read 1
x08j03290:58209:61252 [0] NCCL INFO GPU Direct RDMA Enabled for GPU 8 / HCA 6 (distance 4 <= 4), read 0
x08j03289:87146:90110 [6] NCCL INFO New proxy recv connection 12 from local rank 6, transport 0
x08j03289:87146:90127 [6] NCCL INFO Connected to proxy localRank 6 -> connection 0x7fb6780012a0
x08j03289:87146:90110 [6] NCCL INFO New proxy recv connection 13 from local rank 6, transport 0
x08j03289:87146:90127 [6] NCCL INFO Connected to proxy localRank 6 -> connection 0x7fb678001318
x08j03289:87139:90126 [0] NCCL INFO GPU Direct RDMA Enabled for GPU 0 / HCA 6 (distance 4 <= 4), read 0
x08j03289:87146:90127 [6] NCCL INFO GPU Direct RDMA Enabled for GPU 6 / HCA 9 (distance 4 <= 4), read 1
x08j03290:58212:61237 [1] NCCL INFO New proxy send connection 0 from local rank 1, transport 2
x08j03290:58212:61256 [1] NCCL INFO [Proxy Progress] Device 1 CPU core 46
x08j03290:58212:61253 [1] NCCL INFO Connected to proxy localRank 1 -> connection 0x7f97dc000d00
x08j03290:58212:61253 [1] NCCL INFO Channel 00/0 : 9[1] -> 0[0] [send] via NET/IB/6/GDRDMA
x08j03290:58212:61253 [1] NCCL INFO GPU Direct RDMA Enabled for GPU 9 / HCA 6 (distance 4 <= 4), read 1
x08j03290:58212:61237 [1] NCCL INFO New proxy send connection 1 from local rank 1, transport 2
x08j03290:58212:61253 [1] NCCL INFO Connected to proxy localRank 1 -> connection 0x7f97dc000d78
x08j03290:58212:61253 [1] NCCL INFO Channel 04/0 : 9[1] -> 0[0] [send] via NET/IB/6/GDRDMA
x08j03289:87140:90106 [1] NCCL INFO New proxy send connection 0 from local rank 1, transport 2
x08j03289:87140:90130 [1] NCCL INFO [Proxy Progress] Device 1 CPU core 41
x08j03289:87140:90122 [1] NCCL INFO Connected to proxy localRank 1 -> connection 0x7ff1a0000d00
x08j03289:87140:90122 [1] NCCL INFO Channel 00/0 : 1[1] -> 8[0] [send] via NET/IB/6/GDRDMA
x08j03289:87140:90122 [1] NCCL INFO GPU Direct RDMA Enabled for GPU 1 / HCA 6 (distance 4 <= 4), read 1
x08j03289:87140:90106 [1] NCCL INFO New proxy send connection 1 from local rank 1, transport 2
x08j03289:87140:90122 [1] NCCL INFO Connected to proxy localRank 1 -> connection 0x7ff1a0000d78
x08j03289:87140:90122 [1] NCCL INFO Channel 04/0 : 1[1] -> 8[0] [send] via NET/IB/6/GDRDMA
x08j03289:87143:90108 [4] NCCL INFO New proxy send connection 6 from local rank 4, transport 2
x08j03289:87143:90128 [4] NCCL INFO Connected to proxy localRank 4 -> connection 0x7fcfb8000fd0
x08j03289:87143:90131 [4] NCCL INFO [Proxy Progress] Device 4 CPU core 13
x08j03289:87143:90128 [4] NCCL INFO Channel 02/0 : 4[4] -> 13[5] [send] via NET/IB/8/GDRDMA
x08j03289:87143:90128 [4] NCCL INFO GPU Direct RDMA Enabled for GPU 4 / HCA 8 (distance 4 <= 4), read 1
x08j03289:87143:90108 [4] NCCL INFO New proxy send connection 7 from local rank 4, transport 2
x08j03289:87143:90128 [4] NCCL INFO Connected to proxy localRank 4 -> connection 0x7fcfb8001048
x08j03289:87144:90105 [5] NCCL INFO New proxy recv connection 6 from local rank 5, transport 2
x08j03289:87143:90128 [4] NCCL INFO Channel 06/0 : 4[4] -> 13[5] [send] via NET/IB/8/GDRDMA
x08j03289:87144:90123 [5] NCCL INFO Connected to proxy localRank 5 -> connection 0x7fe2d8000fd0
x08j03289:87144:90132 [5] NCCL INFO [Proxy Progress] Device 5 CPU core 110
x08j03289:87141:90109 [2] NCCL INFO New proxy send connection 6 from local rank 2, transport 2
x08j03289:87144:90123 [5] NCCL INFO Channel 02/0 : 12[4] -> 5[5] [receive] via NET/IB/8/GDRDMA
x08j03289:87144:90123 [5] NCCL INFO GPU Direct RDMA Enabled for GPU 5 / HCA 8 (distance 4 <= 4), read 0
x08j03289:87141:90133 [2] NCCL INFO [Proxy Progress] Device 2 CPU core 16
x08j03289:87144:90105 [5] NCCL INFO New proxy recv connection 7 from local rank 5, transport 2
x08j03289:87144:90123 [5] NCCL INFO Connected to proxy localRank 5 -> connection 0x7fe2d8001048
x08j03289:87142:90107 [3] NCCL INFO New proxy recv connection 6 from local rank 3, transport 2
x08j03289:87144:90123 [5] NCCL INFO Channel 06/0 : 12[4] -> 5[5] [receive] via NET/IB/8/GDRDMA
x08j03289:87141:90125 [2] NCCL INFO Connected to proxy localRank 2 -> connection 0x7fc324000fd0
x08j03289:87142:90124 [3] NCCL INFO Connected to proxy localRank 3 -> connection 0x7fb47c000fd0
x08j03289:87142:90134 [3] NCCL INFO [Proxy Progress] Device 3 CPU core 115
x08j03289:87141:90125 [2] NCCL INFO Channel 01/0 : 2[2] -> 11[3] [send] via NET/IB/7/GDRDMA
x08j03289:87141:90125 [2] NCCL INFO GPU Direct RDMA Enabled for GPU 2 / HCA 7 (distance 4 <= 4), read 1
x08j03289:87142:90124 [3] NCCL INFO Channel 01/0 : 10[2] -> 3[3] [receive] via NET/IB/7/GDRDMA
x08j03289:87142:90124 [3] NCCL INFO GPU Direct RDMA Enabled for GPU 3 / HCA 7 (distance 4 <= 4), read 0
x08j03289:87141:90109 [2] NCCL INFO New proxy send connection 7 from local rank 2, transport 2
x08j03289:87142:90107 [3] NCCL INFO New proxy recv connection 7 from local rank 3, transport 2
x08j03289:87141:90125 [2] NCCL INFO Connected to proxy localRank 2 -> connection 0x7fc324001048
x08j03289:87148:90111 [7] NCCL INFO New proxy recv connection 6 from local rank 7, transport 2
x08j03289:87142:90124 [3] NCCL INFO Connected to proxy localRank 3 -> connection 0x7fb47c001048
x08j03289:87141:90125 [2] NCCL INFO Channel 05/0 : 2[2] -> 11[3] [send] via NET/IB/7/GDRDMA
x08j03289:87142:90124 [3] NCCL INFO Channel 05/0 : 10[2] -> 3[3] [receive] via NET/IB/7/GDRDMA
x08j03289:87148:90121 [7] NCCL INFO Connected to proxy localRank 7 -> connection 0x7f1c9c000fd0
x08j03289:87148:90135 [7] NCCL INFO [Proxy Progress] Device 7 CPU core 53
x08j03290:58223:61232 [7] NCCL INFO New proxy recv connection 6 from local rank 7, transport 2
x08j03289:87148:90121 [7] NCCL INFO Channel 03/0 : 14[6] -> 7[7] [receive] via NET/IB/9/GDRDMA
x08j03289:87148:90121 [7] NCCL INFO GPU Direct RDMA Enabled for GPU 7 / HCA 9 (distance 4 <= 4), read 0
x08j03289:87148:90111 [7] NCCL INFO New proxy recv connection 7 from local rank 7, transport 2
x08j03289:87148:90121 [7] NCCL INFO Connected to proxy localRank 7 -> connection 0x7f1c9c001048
x08j03289:87148:90121 [7] NCCL INFO Channel 07/0 : 14[6] -> 7[7] [receive] via NET/IB/9/GDRDMA
x08j03290:58223:61251 [7] NCCL INFO Connected to proxy localRank 7 -> connection 0x7f7b18000fd0
x08j03290:58223:61257 [7] NCCL INFO [Proxy Progress] Device 7 CPU core 32
x08j03290:58223:61251 [7] NCCL INFO Channel 03/0 : 6[6] -> 15[7] [receive] via NET/IB/9/GDRDMA
x08j03290:58223:61251 [7] NCCL INFO GPU Direct RDMA Enabled for GPU 15 / HCA 9 (distance 4 <= 4), read 0
x08j03290:58223:61232 [7] NCCL INFO New proxy recv connection 7 from local rank 7, transport 2
x08j03290:58223:61251 [7] NCCL INFO Connected to proxy localRank 7 -> connection 0x7f7b18001048
x08j03290:58223:61251 [7] NCCL INFO Channel 07/0 : 6[6] -> 15[7] [receive] via NET/IB/9/GDRDMA
x08j03290:58217:61235 [5] NCCL INFO New proxy recv connection 6 from local rank 5, transport 2
x08j03289:87143:90108 [4] NCCL INFO New proxy recv connection 8 from local rank 4, transport 0
x08j03289:87143:90128 [4] NCCL INFO Connected to proxy localRank 4 -> connection 0x7fcfb80010c0
x08j03289:87142:90124 [3] NCCL INFO Channel 00/0 : 3[3] -> 1[1] via P2P/CUMEM/read
x08j03289:87144:90123 [5] NCCL INFO Channel 00/0 : 5[5] -> 2[2] via P2P/CUMEM/read
x08j03289:87142:90107 [3] NCCL INFO New proxy send connection 8 from local rank 3, transport 0
x08j03289:87144:90105 [5] NCCL INFO New proxy send connection 8 from local rank 5, transport 0
x08j03289:87142:90124 [3] NCCL INFO Connected to proxy localRank 3 -> connection 0x7fb47c0010c0
x08j03289:87144:90123 [5] NCCL INFO Connected to proxy localRank 5 -> connection 0x7fe2d80010c0
x08j03289:87141:90109 [2] NCCL INFO New proxy recv connection 8 from local rank 2, transport 0
x08j03289:87141:90125 [2] NCCL INFO Connected to proxy localRank 2 -> connection 0x7fc3240010c0
x08j03290:58217:61249 [5] NCCL INFO Connected to proxy localRank 5 -> connection 0x7f97c8000fd0
x08j03290:58217:61258 [5] NCCL INFO [Proxy Progress] Device 5 CPU core 114
x08j03290:58217:61249 [5] NCCL INFO Channel 02/0 : 4[4] -> 13[5] [receive] via NET/IB/8/GDRDMA
x08j03290:58217:61249 [5] NCCL INFO GPU Direct RDMA Enabled for GPU 13 / HCA 8 (distance 4 <= 4), read 0
x08j03290:58215:61236 [4] NCCL INFO New proxy send connection 6 from local rank 4, transport 2
x08j03290:58217:61235 [5] NCCL INFO New proxy recv connection 7 from local rank 5, transport 2
x08j03290:58217:61249 [5] NCCL INFO Connected to proxy localRank 5 -> connection 0x7f97c8001048
x08j03290:58214:61238 [3] NCCL INFO New proxy recv connection 6 from local rank 3, transport 2
x08j03290:58213:61239 [2] NCCL INFO New proxy send connection 6 from local rank 2, transport 2
x08j03290:58215:61254 [4] NCCL INFO Connected to proxy localRank 4 -> connection 0x7fd364000fd0
x08j03290:58215:61259 [4] NCCL INFO [Proxy Progress] Device 4 CPU core 17
x08j03290:58217:61249 [5] NCCL INFO Channel 06/0 : 4[4] -> 13[5] [receive] via NET/IB/8/GDRDMA
x08j03290:58213:61248 [2] NCCL INFO Connected to proxy localRank 2 -> connection 0x7fadbc000fd0
x08j03290:58215:61254 [4] NCCL INFO Channel 02/0 : 12[4] -> 5[5] [send] via NET/IB/8/GDRDMA
x08j03290:58215:61254 [4] NCCL INFO GPU Direct RDMA Enabled for GPU 12 / HCA 8 (distance 4 <= 4), read 1
x08j03290:58214:61260 [3] NCCL INFO [Proxy Progress] Device 3 CPU core 55
x08j03290:58214:61255 [3] NCCL INFO Connected to proxy localRank 3 -> connection 0x7f87bc000fd0
x08j03290:58213:61261 [2] NCCL INFO [Proxy Progress] Device 2 CPU core 18
x08j03290:58213:61248 [2] NCCL INFO Channel 01/0 : 10[2] -> 3[3] [send] via NET/IB/7/GDRDMA
x08j03290:58213:61248 [2] NCCL INFO GPU Direct RDMA Enabled for GPU 10 / HCA 7 (distance 4 <= 4), read 1
x08j03290:58215:61236 [4] NCCL INFO New proxy send connection 7 from local rank 4, transport 2
x08j03290:58213:61239 [2] NCCL INFO New proxy send connection 7 from local rank 2, transport 2
x08j03290:58213:61248 [2] NCCL INFO Connected to proxy localRank 2 -> connection 0x7fadbc001048
x08j03290:58215:61254 [4] NCCL INFO Connected to proxy localRank 4 -> connection 0x7fd364001048
x08j03290:58214:61255 [3] NCCL INFO Channel 01/0 : 2[2] -> 11[3] [receive] via NET/IB/7/GDRDMA
x08j03290:58214:61255 [3] NCCL INFO GPU Direct RDMA Enabled for GPU 11 / HCA 7 (distance 4 <= 4), read 0
x08j03290:58215:61254 [4] NCCL INFO Channel 06/0 : 12[4] -> 5[5] [send] via NET/IB/8/GDRDMA
x08j03290:58213:61248 [2] NCCL INFO Channel 05/0 : 10[2] -> 3[3] [send] via NET/IB/7/GDRDMA
x08j03290:58214:61238 [3] NCCL INFO New proxy recv connection 7 from local rank 3, transport 2
x08j03290:58214:61255 [3] NCCL INFO Connected to proxy localRank 3 -> connection 0x7f87bc001048
x08j03290:58217:61249 [5] NCCL INFO Channel 00/0 : 13[5] -> 10[2] via P2P/CUMEM/read
x08j03290:58217:61235 [5] NCCL INFO New proxy send connection 8 from local rank 5, transport 0
x08j03290:58217:61249 [5] NCCL INFO Connected to proxy localRank 5 -> connection 0x7f97c80010c0
x08j03289:87139:90113 [0] NCCL INFO New proxy recv connection 8 from local rank 0, transport 2
x08j03290:58214:61255 [3] NCCL INFO Channel 05/0 : 2[2] -> 11[3] [receive] via NET/IB/7/GDRDMA
x08j03290:58213:61239 [2] NCCL INFO New proxy recv connection 8 from local rank 2, transport 0
x08j03290:58213:61248 [2] NCCL INFO Connected to proxy localRank 2 -> connection 0x7fadbc0010c0
x08j03290:58215:61236 [4] NCCL INFO New proxy recv connection 8 from local rank 4, transport 0
x08j03289:87142:90124 [3] NCCL INFO Channel 01/0 : 3[3] -> 1[1] via P2P/CUMEM/read
x08j03289:87146:90110 [6] NCCL INFO New proxy send connection 14 from local rank 6, transport 2
x08j03289:87139:90126 [0] NCCL INFO Connected to proxy localRank 0 -> connection 0x7f6e380010c0
x08j03289:87139:90136 [0] NCCL INFO [Proxy Progress] Device 0 CPU core 8
x08j03289:87143:90108 [4] NCCL INFO New proxy recv connection 9 from local rank 4, transport 0
x08j03289:87143:90128 [4] NCCL INFO Connected to proxy localRank 4 -> connection 0x7fcfb8001138
x08j03289:87144:90123 [5] NCCL INFO Channel 01/0 : 5[5] -> 2[2] via P2P/CUMEM/read
x08j03289:87144:90105 [5] NCCL INFO New proxy send connection 9 from local rank 5, transport 0
x08j03289:87144:90123 [5] NCCL INFO Connected to proxy localRank 5 -> connection 0x7fe2d8001138
x08j03289:87142:90107 [3] NCCL INFO New proxy send connection 9 from local rank 3, transport 0
x08j03289:87142:90124 [3] NCCL INFO Connected to proxy localRank 3 -> connection 0x7fb47c001138
x08j03289:87139:90126 [0] NCCL INFO Channel 00/0 : 9[1] -> 0[0] [receive] via NET/IB/6/GDRDMA
x08j03289:87139:90126 [0] NCCL INFO GPU Direct RDMA Enabled for GPU 0 / HCA 6 (distance 4 <= 4), read 0
x08j03290:58215:61254 [4] NCCL INFO Connected to proxy localRank 4 -> connection 0x7fd3640010c0
x08j03289:87146:90127 [6] NCCL INFO Connected to proxy localRank 6 -> connection 0x7fb678001390
x08j03289:87146:90137 [6] NCCL INFO [Proxy Progress] Device 6 CPU core 20
x08j03289:87139:90113 [0] NCCL INFO New proxy recv connection 9 from local rank 0, transport 2
x08j03289:87139:90126 [0] NCCL INFO Connected to proxy localRank 0 -> connection 0x7f6e38001138
x08j03290:58214:61255 [3] NCCL INFO Channel 00/0 : 11[3] -> 9[1] via P2P/CUMEM/read
x08j03290:58214:61238 [3] NCCL INFO New proxy send connection 8 from local rank 3, transport 0
x08j03290:58214:61255 [3] NCCL INFO Connected to proxy localRank 3 -> connection 0x7f87bc0010c0
x08j03289:87141:90109 [2] NCCL INFO New proxy recv connection 9 from local rank 2, transport 0
x08j03289:87141:90125 [2] NCCL INFO Connected to proxy localRank 2 -> connection 0x7fc324001138
x08j03289:87146:90127 [6] NCCL INFO Channel 03/0 : 6[6] -> 15[7] [send] via NET/IB/9/GDRDMA
x08j03289:87146:90127 [6] NCCL INFO GPU Direct RDMA Enabled for GPU 6 / HCA 9 (distance 4 <= 4), read 1
x08j03289:87139:90126 [0] NCCL INFO Channel 04/0 : 9[1] -> 0[0] [receive] via NET/IB/6/GDRDMA
x08j03290:58217:61249 [5] NCCL INFO Channel 01/0 : 13[5] -> 10[2] via P2P/CUMEM/read
x08j03290:58217:61235 [5] NCCL INFO New proxy send connection 9 from local rank 5, transport 0
x08j03289:87146:90110 [6] NCCL INFO New proxy send connection 15 from local rank 6, transport 2
x08j03290:58217:61249 [5] NCCL INFO Connected to proxy localRank 5 -> connection 0x7f97c8001138
x08j03289:87146:90127 [6] NCCL INFO Connected to proxy localRank 6 -> connection 0x7fb678001408
x08j03290:58213:61239 [2] NCCL INFO New proxy recv connection 9 from local rank 2, transport 0
x08j03290:58213:61248 [2] NCCL INFO Connected to proxy localRank 2 -> connection 0x7fadbc001138
x08j03289:87146:90127 [6] NCCL INFO Channel 07/0 : 6[6] -> 15[7] [send] via NET/IB/9/GDRDMA
x08j03289:87139:90113 [0] NCCL INFO New proxy recv connection 10 from local rank 0, transport 0
x08j03289:87139:90126 [0] NCCL INFO Connected to proxy localRank 0 -> connection 0x7f6e380011b0
x08j03290:58215:61236 [4] NCCL INFO New proxy recv connection 9 from local rank 4, transport 0
x08j03290:58215:61254 [4] NCCL INFO Connected to proxy localRank 4 -> connection 0x7fd364001138
x08j03290:58214:61255 [3] NCCL INFO Channel 01/0 : 11[3] -> 9[1] via P2P/CUMEM/read
x08j03290:58217:61249 [5] NCCL INFO Channel 02/0 : 13[5] -> 10[2] via P2P/CUMEM/read
x08j03289:87143:90108 [4] NCCL INFO New proxy recv connection 10 from local rank 4, transport 0
x08j03289:87143:90128 [4] NCCL INFO Connected to proxy localRank 4 -> connection 0x7fcfb80011b0
x08j03290:58214:61238 [3] NCCL INFO New proxy send connection 9 from local rank 3, transport 0
x08j03290:58217:61235 [5] NCCL INFO New proxy send connection 10 from local rank 5, transport 0
x08j03290:58214:61255 [3] NCCL INFO Connected to proxy localRank 3 -> connection 0x7f87bc001138
x08j03289:87144:90123 [5] NCCL INFO Channel 02/0 : 5[5] -> 2[2] via P2P/CUMEM/read
x08j03289:87142:90124 [3] NCCL INFO Channel 02/0 : 3[3] -> 1[1] via P2P/CUMEM/read
x08j03289:87142:90107 [3] NCCL INFO New proxy send connection 10 from local rank 3, transport 0
x08j03290:58217:61249 [5] NCCL INFO Connected to proxy localRank 5 -> connection 0x7f97c80011b0
x08j03289:87148:90111 [7] NCCL INFO New proxy send connection 8 from local rank 6, transport 0
x08j03289:87144:90105 [5] NCCL INFO New proxy send connection 10 from local rank 5, transport 0
x08j03289:87144:90123 [5] NCCL INFO Connected to proxy localRank 5 -> connection 0x7fe2d80011b0
x08j03290:58219:61233 [6] NCCL INFO New proxy send connection 14 from local rank 6, transport 2
x08j03289:87146:90127 [6] NCCL INFO Connected to proxy localRank 7 -> connection 0x7f1c9c0010c0
x08j03289:87142:90124 [3] NCCL INFO Connected to proxy localRank 3 -> connection 0x7fb47c0011b0
x08j03289:87148:90121 [7] NCCL INFO Channel 00/0 : 7[7] -> 4[4] via P2P/CUMEM/read
x08j03289:87148:90111 [7] NCCL INFO New proxy send connection 9 from local rank 7, transport 0
x08j03289:87148:90121 [7] NCCL INFO Connected to proxy localRank 7 -> connection 0x7f1c9c001138
x08j03289:87141:90109 [2] NCCL INFO New proxy recv connection 10 from local rank 2, transport 0
x08j03289:87141:90125 [2] NCCL INFO Connected to proxy localRank 2 -> connection 0x7fc3240011b0
x08j03290:58219:61250 [6] NCCL INFO Connected to proxy localRank 6 -> connection 0x7fd658001390
x08j03289:87142:90124 [3] NCCL INFO Channel 03/0 : 3[3] -> 1[1] via P2P/CUMEM/read
x08j03289:87142:90107 [3] NCCL INFO New proxy send connection 11 from local rank 3, transport 0
x08j03290:58213:61239 [2] NCCL INFO New proxy recv connection 10 from local rank 2, transport 0
x08j03290:58213:61248 [2] NCCL INFO Connected to proxy localRank 2 -> connection 0x7fadbc0011b0
x08j03290:58219:61262 [6] NCCL INFO [Proxy Progress] Device 6 CPU core 28
x08j03289:87142:90124 [3] NCCL INFO Connected to proxy localRank 3 -> connection 0x7fb47c001228
x08j03289:87144:90123 [5] NCCL INFO Channel 03/0 : 5[5] -> 2[2] via P2P/CUMEM/read
x08j03290:58219:61250 [6] NCCL INFO Channel 03/0 : 14[6] -> 7[7] [send] via NET/IB/9/GDRDMA
x08j03290:58219:61250 [6] NCCL INFO GPU Direct RDMA Enabled for GPU 14 / HCA 9 (distance 4 <= 4), read 1
x08j03290:58215:61236 [4] NCCL INFO New proxy recv connection 10 from local rank 4, transport 0
x08j03289:87144:90105 [5] NCCL INFO New proxy send connection 11 from local rank 5, transport 0
x08j03290:58219:61233 [6] NCCL INFO New proxy send connection 15 from local rank 6, transport 2
x08j03289:87144:90123 [5] NCCL INFO Connected to proxy localRank 5 -> connection 0x7fe2d8001228
x08j03289:87140:90106 [1] NCCL INFO New proxy recv connection 2 from local rank 1, transport 0
x08j03289:87140:90122 [1] NCCL INFO Connected to proxy localRank 1 -> connection 0x7ff1a0000df0
x08j03290:58215:61254 [4] NCCL INFO Connected to proxy localRank 4 -> connection 0x7fd3640011b0
x08j03290:58219:61250 [6] NCCL INFO Connected to proxy localRank 6 -> connection 0x7fd658001408
x08j03290:58209:61240 [0] NCCL INFO New proxy recv connection 8 from local rank 0, transport 2
x08j03289:87141:90109 [2] NCCL INFO New proxy recv connection 11 from local rank 2, transport 0
x08j03289:87141:90125 [2] NCCL INFO Connected to proxy localRank 2 -> connection 0x7fc324001228
x08j03290:58219:61250 [6] NCCL INFO Channel 07/0 : 14[6] -> 7[7] [send] via NET/IB/9/GDRDMA
x08j03289:87143:90108 [4] NCCL INFO New proxy recv connection 11 from local rank 4, transport 0
x08j03289:87143:90128 [4] NCCL INFO Connected to proxy localRank 4 -> connection 0x7fcfb8001228
x08j03290:58212:61237 [1] NCCL INFO New proxy recv connection 2 from local rank 1, transport 0
x08j03290:58223:61251 [7] NCCL INFO Channel 00/0 : 15[7] -> 12[4] via P2P/CUMEM/read
x08j03290:58209:61263 [0] NCCL INFO [Proxy Progress] Device 0 CPU core 19
x08j03290:58209:61252 [0] NCCL INFO Connected to proxy localRank 0 -> connection 0x7f8b580010c0
x08j03290:58217:61249 [5] NCCL INFO Channel 03/0 : 13[5] -> 10[2] via P2P/CUMEM/read
x08j03290:58212:61253 [1] NCCL INFO Connected to proxy localRank 1 -> connection 0x7f97dc000df0
x08j03290:58223:61232 [7] NCCL INFO New proxy send connection 8 from local rank 7, transport 0
x08j03290:58223:61251 [7] NCCL INFO Connected to proxy localRank 7 -> connection 0x7f7b180010c0
x08j03290:58217:61235 [5] NCCL INFO New proxy send connection 11 from local rank 5, transport 0
x08j03290:58217:61249 [5] NCCL INFO Connected to proxy localRank 5 -> connection 0x7f97c8001228
x08j03290:58214:61255 [3] NCCL INFO Channel 02/0 : 11[3] -> 9[1] via P2P/CUMEM/read
x08j03290:58209:61252 [0] NCCL INFO Channel 00/0 : 1[1] -> 8[0] [receive] via NET/IB/6/GDRDMA
x08j03290:58209:61252 [0] NCCL INFO GPU Direct RDMA Enabled for GPU 8 / HCA 6 (distance 4 <= 4), read 0
x08j03290:58214:61238 [3] NCCL INFO New proxy send connection 10 from local rank 3, transport 0
x08j03290:58214:61255 [3] NCCL INFO Connected to proxy localRank 3 -> connection 0x7f87bc0011b0
x08j03290:58209:61240 [0] NCCL INFO New proxy recv connection 9 from local rank 0, transport 2
x08j03290:58209:61252 [0] NCCL INFO Connected to proxy localRank 0 -> connection 0x7f8b58001138
x08j03290:58209:61252 [0] NCCL INFO Channel 04/0 : 1[1] -> 8[0] [receive] via NET/IB/6/GDRDMA
x08j03290:58213:61239 [2] NCCL INFO New proxy recv connection 11 from local rank 2, transport 0
x08j03290:58213:61248 [2] NCCL INFO Connected to proxy localRank 2 -> connection 0x7fadbc001228
x08j03290:58209:61240 [0] NCCL INFO New proxy recv connection 10 from local rank 0, transport 0
x08j03290:58209:61252 [0] NCCL INFO Connected to proxy localRank 0 -> connection 0x7f8b580011b0
x08j03290:58215:61236 [4] NCCL INFO New proxy recv connection 11 from local rank 4, transport 0
x08j03290:58215:61254 [4] NCCL INFO Connected to proxy localRank 4 -> connection 0x7fd364001228
x08j03290:58223:61251 [7] NCCL INFO Channel 01/0 : 15[7] -> 12[4] via P2P/CUMEM/read
x08j03290:58223:61232 [7] NCCL INFO New proxy send connection 9 from local rank 6, transport 0
x08j03290:58219:61250 [6] NCCL INFO Connected to proxy localRank 7 -> connection 0x7f7b18001138
x08j03290:58223:61232 [7] NCCL INFO New proxy send connection 10 from local rank 7, transport 0
x08j03290:58217:61249 [5] NCCL INFO Channel 04/0 : 13[5] -> 10[2] via P2P/CUMEM/read
x08j03290:58223:61251 [7] NCCL INFO Connected to proxy localRank 7 -> connection 0x7f7b180011b0
x08j03290:58217:61235 [5] NCCL INFO New proxy send connection 12 from local rank 5, transport 0
x08j03290:58217:61249 [5] NCCL INFO Connected to proxy localRank 5 -> connection 0x7f97c80012a0
x08j03290:58214:61255 [3] NCCL INFO Channel 03/0 : 11[3] -> 9[1] via P2P/CUMEM/read
x08j03290:58212:61237 [1] NCCL INFO New proxy recv connection 3 from local rank 1, transport 0
x08j03290:58214:61238 [3] NCCL INFO New proxy send connection 11 from local rank 3, transport 0
x08j03290:58212:61253 [1] NCCL INFO Connected to proxy localRank 1 -> connection 0x7f97dc000e68
x08j03290:58214:61255 [3] NCCL INFO Connected to proxy localRank 3 -> connection 0x7f87bc001228
x08j03290:58213:61239 [2] NCCL INFO New proxy recv connection 12 from local rank 2, transport 0
x08j03290:58213:61248 [2] NCCL INFO Connected to proxy localRank 2 -> connection 0x7fadbc0012a0
x08j03289:87142:90124 [3] NCCL INFO Channel 04/0 : 3[3] -> 1[1] via P2P/CUMEM/read
x08j03289:87144:90123 [5] NCCL INFO Channel 04/0 : 5[5] -> 2[2] via P2P/CUMEM/read
x08j03289:87142:90107 [3] NCCL INFO New proxy send connection 12 from local rank 3, transport 0
x08j03289:87144:90105 [5] NCCL INFO New proxy send connection 12 from local rank 5, transport 0
x08j03289:87142:90124 [3] NCCL INFO Connected to proxy localRank 3 -> connection 0x7fb47c0012a0
x08j03289:87144:90123 [5] NCCL INFO Connected to proxy localRank 5 -> connection 0x7fe2d80012a0
x08j03289:87140:90106 [1] NCCL INFO New proxy recv connection 3 from local rank 1, transport 0
x08j03289:87143:90108 [4] NCCL INFO New proxy recv connection 12 from local rank 4, transport 0
x08j03289:87140:90122 [1] NCCL INFO Connected to proxy localRank 1 -> connection 0x7ff1a0000e68
x08j03289:87143:90128 [4] NCCL INFO Connected to proxy localRank 4 -> connection 0x7fcfb80012a0
x08j03290:58223:61251 [7] NCCL INFO Channel 02/0 : 15[7] -> 12[4] via P2P/CUMEM/read
x08j03289:87141:90109 [2] NCCL INFO New proxy recv connection 12 from local rank 2, transport 0
x08j03289:87141:90125 [2] NCCL INFO Connected to proxy localRank 2 -> connection 0x7fc3240012a0
x08j03289:87139:90113 [0] NCCL INFO New proxy recv connection 11 from local rank 0, transport 0
x08j03289:87139:90126 [0] NCCL INFO Connected to proxy localRank 0 -> connection 0x7f6e38001228
x08j03290:58223:61232 [7] NCCL INFO New proxy send connection 11 from local rank 7, transport 0
x08j03290:58223:61251 [7] NCCL INFO Connected to proxy localRank 7 -> connection 0x7f7b18001228
x08j03290:58212:61237 [1] NCCL INFO New proxy recv connection 4 from local rank 1, transport 0
x08j03290:58213:61239 [2] NCCL INFO New proxy recv connection 13 from local rank 2, transport 0
x08j03290:58213:61248 [2] NCCL INFO Connected to proxy localRank 2 -> connection 0x7fadbc001318
x08j03290:58212:61253 [1] NCCL INFO Connected to proxy localRank 1 -> connection 0x7f97dc000ee0
x08j03290:58217:61249 [5] NCCL INFO Channel 05/0 : 13[5] -> 10[2] via P2P/CUMEM/read
x08j03290:58217:61235 [5] NCCL INFO New proxy send connection 13 from local rank 5, transport 0
x08j03290:58217:61249 [5] NCCL INFO Connected to proxy localRank 5 -> connection 0x7f97c8001318
x08j03290:58214:61255 [3] NCCL INFO Channel 04/0 : 11[3] -> 9[1] via P2P/CUMEM/read
x08j03290:58214:61238 [3] NCCL INFO New proxy send connection 12 from local rank 3, transport 0
x08j03290:58214:61255 [3] NCCL INFO Connected to proxy localRank 3 -> connection 0x7f87bc0012a0
x08j03289:87144:90123 [5] NCCL INFO Channel 05/0 : 5[5] -> 2[2] via P2P/CUMEM/read
x08j03289:87144:90105 [5] NCCL INFO New proxy send connection 13 from local rank 5, transport 0
x08j03289:87144:90123 [5] NCCL INFO Connected to proxy localRank 5 -> connection 0x7fe2d8001318
x08j03290:58213:61239 [2] NCCL INFO New proxy recv connection 14 from local rank 2, transport 0
x08j03289:87142:90124 [3] NCCL INFO Channel 05/0 : 3[3] -> 1[1] via P2P/CUMEM/read
x08j03289:87142:90107 [3] NCCL INFO New proxy send connection 13 from local rank 3, transport 0
x08j03289:87142:90124 [3] NCCL INFO Connected to proxy localRank 3 -> connection 0x7fb47c001318
x08j03289:87148:90121 [7] NCCL INFO Channel 01/0 : 7[7] -> 4[4] via P2P/CUMEM/read
x08j03289:87148:90111 [7] NCCL INFO New proxy send connection 10 from local rank 7, transport 0
x08j03289:87148:90121 [7] NCCL INFO Connected to proxy localRank 7 -> connection 0x7f1c9c0011b0
x08j03289:87139:90113 [0] NCCL INFO New proxy recv connection 12 from local rank 0, transport 0
x08j03289:87139:90126 [0] NCCL INFO Connected to proxy localRank 0 -> connection 0x7f6e380012a0
x08j03290:58213:61248 [2] NCCL INFO Connected to proxy localRank 2 -> connection 0x7fadbc001390
x08j03290:58212:61237 [1] NCCL INFO New proxy recv connection 5 from local rank 1, transport 0
x08j03290:58217:61249 [5] NCCL INFO Channel 06/0 : 13[5] -> 10[2] via P2P/CUMEM/read
x08j03290:58212:61253 [1] NCCL INFO Connected to proxy localRank 1 -> connection 0x7f97dc000f58
x08j03290:58217:61235 [5] NCCL INFO New proxy send connection 14 from local rank 5, transport 0
x08j03290:58217:61249 [5] NCCL INFO Connected to proxy localRank 5 -> connection 0x7f97c8001390
x08j03289:87144:90123 [5] NCCL INFO Channel 06/0 : 5[5] -> 2[2] via P2P/CUMEM/read
x08j03289:87144:90105 [5] NCCL INFO New proxy send connection 14 from local rank 5, transport 0
x08j03289:87144:90123 [5] NCCL INFO Connected to proxy localRank 5 -> connection 0x7fe2d8001390
x08j03290:58214:61255 [3] NCCL INFO Channel 05/0 : 11[3] -> 9[1] via P2P/CUMEM/read
x08j03290:58214:61238 [3] NCCL INFO New proxy send connection 13 from local rank 3, transport 0
x08j03290:58214:61255 [3] NCCL INFO Connected to proxy localRank 3 -> connection 0x7f87bc001318
x08j03290:58213:61239 [2] NCCL INFO New proxy recv connection 15 from local rank 2, transport 0
x08j03289:87142:90124 [3] NCCL INFO Channel 06/0 : 3[3] -> 1[1] via P2P/CUMEM/read
x08j03289:87142:90107 [3] NCCL INFO New proxy send connection 14 from local rank 3, transport 0
x08j03289:87142:90124 [3] NCCL INFO Connected to proxy localRank 3 -> connection 0x7fb47c001390
x08j03289:87139:90113 [0] NCCL INFO New proxy recv connection 13 from local rank 0, transport 0
x08j03289:87139:90126 [0] NCCL INFO Connected to proxy localRank 0 -> connection 0x7f6e38001318
x08j03289:87148:90121 [7] NCCL INFO Channel 02/0 : 7[7] -> 4[4] via P2P/CUMEM/read
x08j03289:87148:90111 [7] NCCL INFO New proxy send connection 11 from local rank 7, transport 0
x08j03289:87148:90121 [7] NCCL INFO Connected to proxy localRank 7 -> connection 0x7f1c9c001228
x08j03290:58213:61248 [2] NCCL INFO Connected to proxy localRank 2 -> connection 0x7fadbc001408
x08j03290:58217:61249 [5] NCCL INFO Channel 07/0 : 13[5] -> 10[2] via P2P/CUMEM/read
x08j03290:58212:61237 [1] NCCL INFO New proxy recv connection 6 from local rank 1, transport 0
x08j03290:58217:61235 [5] NCCL INFO New proxy send connection 15 from local rank 5, transport 0
x08j03290:58212:61253 [1] NCCL INFO Connected to proxy localRank 1 -> connection 0x7f97dc000fd0
x08j03290:58217:61249 [5] NCCL INFO Connected to proxy localRank 5 -> connection 0x7f97c8001408
x08j03290:58214:61255 [3] NCCL INFO Channel 06/0 : 11[3] -> 9[1] via P2P/CUMEM/read
x08j03290:58214:61238 [3] NCCL INFO New proxy send connection 14 from local rank 3, transport 0
x08j03290:58214:61255 [3] NCCL INFO Connected to proxy localRank 3 -> connection 0x7f87bc001390
x08j03290:58212:61237 [1] NCCL INFO New proxy recv connection 7 from local rank 1, transport 0
x08j03290:58212:61253 [1] NCCL INFO Connected to proxy localRank 1 -> connection 0x7f97dc001048
x08j03290:58214:61255 [3] NCCL INFO Channel 07/0 : 11[3] -> 9[1] via P2P/CUMEM/read
x08j03290:58209:61240 [0] NCCL INFO New proxy recv connection 11 from local rank 0, transport 0
x08j03290:58209:61252 [0] NCCL INFO Connected to proxy localRank 0 -> connection 0x7f8b58001228
x08j03290:58214:61238 [3] NCCL INFO New proxy send connection 15 from local rank 3, transport 0
x08j03290:58214:61255 [3] NCCL INFO Connected to proxy localRank 3 -> connection 0x7f87bc001408
x08j03290:58214:61238 [3] NCCL INFO New proxy send connection 16 from local rank 2, transport 0
x08j03290:58213:61248 [2] NCCL INFO Connected to proxy localRank 3 -> connection 0x7f87bc001480
x08j03290:58215:61236 [4] NCCL INFO New proxy recv connection 12 from local rank 4, transport 0
x08j03290:58215:61236 [4] NCCL INFO New proxy send connection 13 from local rank 5, transport 0
x08j03290:58217:61249 [5] NCCL INFO Connected to proxy localRank 4 -> connection 0x7fd364001318
x08j03290:58215:61254 [4] NCCL INFO Connected to proxy localRank 4 -> connection 0x7fd3640012a0
x08j03290:58212:61237 [1] NCCL INFO New proxy recv connection 8 from local rank 1, transport 0
x08j03290:58212:61253 [1] NCCL INFO Connected to proxy localRank 1 -> connection 0x7f97dc0010c0
x08j03290:58223:61251 [7] NCCL INFO Channel 03/0 : 15[7] -> 12[4] via P2P/CUMEM/read
x08j03290:58223:61232 [7] NCCL INFO New proxy send connection 12 from local rank 7, transport 0
x08j03290:58223:61251 [7] NCCL INFO Connected to proxy localRank 7 -> connection 0x7f7b180012a0
x08j03290:58209:61240 [0] NCCL INFO New proxy recv connection 12 from local rank 0, transport 0
x08j03290:58209:61252 [0] NCCL INFO Connected to proxy localRank 0 -> connection 0x7f8b580012a0
x08j03290:58215:61236 [4] NCCL INFO New proxy recv connection 14 from local rank 4, transport 0
x08j03290:58215:61254 [4] NCCL INFO Connected to proxy localRank 4 -> connection 0x7fd364001390
x08j03290:58212:61237 [1] NCCL INFO New proxy recv connection 9 from local rank 1, transport 0
x08j03290:58212:61253 [1] NCCL INFO Connected to proxy localRank 1 -> connection 0x7f97dc001138
x08j03289:87144:90123 [5] NCCL INFO Channel 07/0 : 5[5] -> 2[2] via P2P/CUMEM/read
x08j03289:87144:90105 [5] NCCL INFO New proxy send connection 15 from local rank 5, transport 0
x08j03289:87144:90123 [5] NCCL INFO Connected to proxy localRank 5 -> connection 0x7fe2d8001408
x08j03289:87139:90113 [0] NCCL INFO New proxy recv connection 14 from local rank 0, transport 0
x08j03289:87139:90126 [0] NCCL INFO Connected to proxy localRank 0 -> connection 0x7f6e38001390
x08j03289:87148:90121 [7] NCCL INFO Channel 03/0 : 7[7] -> 4[4] via P2P/CUMEM/read
x08j03289:87148:90111 [7] NCCL INFO New proxy send connection 12 from local rank 7, transport 0
x08j03289:87148:90121 [7] NCCL INFO Connected to proxy localRank 7 -> connection 0x7f1c9c0012a0
x08j03289:87143:90108 [4] NCCL INFO New proxy recv connection 13 from local rank 4, transport 0
x08j03289:87143:90128 [4] NCCL INFO Connected to proxy localRank 4 -> connection 0x7fcfb8001318
x08j03289:87139:90113 [0] NCCL INFO New proxy recv connection 15 from local rank 0, transport 0
x08j03289:87139:90126 [0] NCCL INFO Connected to proxy localRank 0 -> connection 0x7f6e38001408
x08j03289:87148:90121 [7] NCCL INFO Channel 04/0 : 7[7] -> 4[4] via P2P/CUMEM/read
x08j03289:87148:90111 [7] NCCL INFO New proxy send connection 13 from local rank 7, transport 0
x08j03289:87148:90121 [7] NCCL INFO Connected to proxy localRank 7 -> connection 0x7f1c9c001318
x08j03289:87140:90106 [1] NCCL INFO New proxy recv connection 4 from local rank 1, transport 0
x08j03289:87140:90122 [1] NCCL INFO Connected to proxy localRank 1 -> connection 0x7ff1a0000ee0
x08j03290:58209:61240 [0] NCCL INFO New proxy recv connection 13 from local rank 0, transport 0
x08j03290:58209:61252 [0] NCCL INFO Connected to proxy localRank 0 -> connection 0x7f8b58001318
x08j03289:87141:90109 [2] NCCL INFO New proxy recv connection 13 from local rank 2, transport 0
x08j03289:87148:90121 [7] NCCL INFO Channel 05/0 : 7[7] -> 4[4] via P2P/CUMEM/read
x08j03289:87148:90111 [7] NCCL INFO New proxy send connection 14 from local rank 7, transport 0
x08j03289:87148:90121 [7] NCCL INFO Connected to proxy localRank 7 -> connection 0x7f1c9c001390
x08j03289:87141:90125 [2] NCCL INFO Connected to proxy localRank 2 -> connection 0x7fc324001318
x08j03289:87148:90121 [7] NCCL INFO Channel 06/0 : 7[7] -> 4[4] via P2P/CUMEM/read
x08j03289:87148:90111 [7] NCCL INFO New proxy send connection 15 from local rank 7, transport 0
x08j03289:87148:90121 [7] NCCL INFO Connected to proxy localRank 7 -> connection 0x7f1c9c001408
x08j03289:87141:90109 [2] NCCL INFO New proxy recv connection 14 from local rank 2, transport 0
x08j03289:87141:90125 [2] NCCL INFO Connected to proxy localRank 2 -> connection 0x7fc324001390
x08j03289:87142:90124 [3] NCCL INFO Channel 07/0 : 3[3] -> 1[1] via P2P/CUMEM/read
x08j03289:87142:90107 [3] NCCL INFO New proxy send connection 15 from local rank 3, transport 0
x08j03289:87142:90124 [3] NCCL INFO Connected to proxy localRank 3 -> connection 0x7fb47c001408
x08j03289:87143:90108 [4] NCCL INFO New proxy recv connection 14 from local rank 4, transport 0
x08j03289:87143:90128 [4] NCCL INFO Connected to proxy localRank 4 -> connection 0x7fcfb8001390
x08j03289:87148:90121 [7] NCCL INFO Channel 07/0 : 7[7] -> 4[4] via P2P/CUMEM/read
x08j03289:87148:90111 [7] NCCL INFO New proxy send connection 16 from local rank 7, transport 0
x08j03289:87148:90121 [7] NCCL INFO Connected to proxy localRank 7 -> connection 0x7f1c9c001480
x08j03289:87141:90109 [2] NCCL INFO New proxy recv connection 15 from local rank 2, transport 0
x08j03289:87141:90125 [2] NCCL INFO Connected to proxy localRank 2 -> connection 0x7fc324001408
x08j03290:58209:61240 [0] NCCL INFO New proxy recv connection 14 from local rank 0, transport 0
x08j03289:87140:90106 [1] NCCL INFO New proxy recv connection 5 from local rank 1, transport 0
x08j03289:87140:90122 [1] NCCL INFO Connected to proxy localRank 1 -> connection 0x7ff1a0000f58
x08j03290:58209:61252 [0] NCCL INFO Connected to proxy localRank 0 -> connection 0x7f8b58001390
x08j03290:58215:61236 [4] NCCL INFO New proxy recv connection 15 from local rank 4, transport 0
x08j03290:58223:61251 [7] NCCL INFO Channel 04/0 : 15[7] -> 12[4] via P2P/CUMEM/read
x08j03290:58215:61254 [4] NCCL INFO Connected to proxy localRank 4 -> connection 0x7fd364001408
x08j03290:58223:61232 [7] NCCL INFO New proxy send connection 13 from local rank 7, transport 0
x08j03290:58223:61251 [7] NCCL INFO Connected to proxy localRank 7 -> connection 0x7f7b18001318
x08j03290:58212:61253 [1] NCCL INFO Channel 01/0 : 9[1] -> 8[0] via P2P/CUMEM/read
x08j03290:58212:61237 [1] NCCL INFO New proxy send connection 10 from local rank 1, transport 0
x08j03290:58212:61253 [1] NCCL INFO Connected to proxy localRank 1 -> connection 0x7f97dc0011b0
x08j03290:58213:61239 [2] NCCL INFO New proxy send connection 16 from local rank 3, transport 0
x08j03290:58214:61255 [3] NCCL INFO Connected to proxy localRank 2 -> connection 0x7fadbc001480
x08j03289:87142:90107 [3] NCCL INFO New proxy send connection 16 from local rank 2, transport 0
x08j03289:87141:90125 [2] NCCL INFO Connected to proxy localRank 3 -> connection 0x7fb47c001480
x08j03289:87140:90106 [1] NCCL INFO New proxy recv connection 6 from local rank 1, transport 0
x08j03289:87140:90122 [1] NCCL INFO Connected to proxy localRank 1 -> connection 0x7ff1a0000fd0
x08j03290:58209:61240 [0] NCCL INFO New proxy recv connection 15 from local rank 0, transport 0
x08j03290:58209:61252 [0] NCCL INFO Connected to proxy localRank 0 -> connection 0x7f8b58001408
x08j03290:58212:61253 [1] NCCL INFO Channel 02/0 : 9[1] -> 8[0] via P2P/CUMEM/read
x08j03290:58212:61237 [1] NCCL INFO New proxy send connection 11 from local rank 1, transport 0
x08j03290:58212:61253 [1] NCCL INFO Connected to proxy localRank 1 -> connection 0x7f97dc001228
x08j03290:58212:61253 [1] NCCL INFO Channel 03/0 : 9[1] -> 8[0] via P2P/CUMEM/read
x08j03289:87140:90106 [1] NCCL INFO New proxy recv connection 7 from local rank 1, transport 0
x08j03289:87140:90122 [1] NCCL INFO Connected to proxy localRank 1 -> connection 0x7ff1a0001048
x08j03290:58212:61237 [1] NCCL INFO New proxy send connection 12 from local rank 1, transport 0
x08j03290:58212:61253 [1] NCCL INFO Connected to proxy localRank 1 -> connection 0x7f97dc0012a0
x08j03289:87143:90108 [4] NCCL INFO New proxy recv connection 15 from local rank 4, transport 0
x08j03289:87143:90128 [4] NCCL INFO Connected to proxy localRank 4 -> connection 0x7fcfb8001408
x08j03289:87143:90108 [4] NCCL INFO New proxy send connection 16 from local rank 5, transport 0
x08j03289:87144:90123 [5] NCCL INFO Connected to proxy localRank 4 -> connection 0x7fcfb8001480
x08j03290:58215:61236 [4] NCCL INFO New proxy recv connection 16 from local rank 4, transport 0
x08j03290:58215:61254 [4] NCCL INFO Connected to proxy localRank 4 -> connection 0x7fd364001480
x08j03289:87140:90106 [1] NCCL INFO New proxy recv connection 8 from local rank 1, transport 0
x08j03289:87140:90122 [1] NCCL INFO Connected to proxy localRank 1 -> connection 0x7ff1a00010c0
x08j03289:87144:90105 [5] NCCL INFO New proxy send connection 16 from local rank 4, transport 0
x08j03289:87143:90128 [4] NCCL INFO Connected to proxy localRank 5 -> connection 0x7fe2d8001480
x08j03289:87146:90110 [6] NCCL INFO New proxy send connection 16 from local rank 7, transport 0
x08j03289:87148:90121 [7] NCCL INFO Connected to proxy localRank 6 -> connection 0x7fb678001480
x08j03290:58212:61253 [1] NCCL INFO Channel 05/0 : 9[1] -> 8[0] via P2P/CUMEM/read
x08j03290:58212:61237 [1] NCCL INFO New proxy send connection 13 from local rank 1, transport 0
x08j03290:58212:61253 [1] NCCL INFO Connected to proxy localRank 1 -> connection 0x7f97dc001318
x08j03290:58212:61253 [1] NCCL INFO Channel 06/0 : 9[1] -> 8[0] via P2P/CUMEM/read
x08j03290:58223:61251 [7] NCCL INFO Channel 05/0 : 15[7] -> 12[4] via P2P/CUMEM/read
x08j03290:58212:61237 [1] NCCL INFO New proxy send connection 14 from local rank 1, transport 0
x08j03290:58212:61253 [1] NCCL INFO Connected to proxy localRank 1 -> connection 0x7f97dc001390
x08j03290:58223:61232 [7] NCCL INFO New proxy send connection 14 from local rank 7, transport 0
x08j03290:58223:61251 [7] NCCL INFO Connected to proxy localRank 7 -> connection 0x7f7b18001390
x08j03289:87140:90106 [1] NCCL INFO New proxy recv connection 9 from local rank 1, transport 0
x08j03289:87140:90122 [1] NCCL INFO Connected to proxy localRank 1 -> connection 0x7ff1a0001138
x08j03290:58223:61251 [7] NCCL INFO Channel 06/0 : 15[7] -> 12[4] via P2P/CUMEM/read
x08j03290:58223:61232 [7] NCCL INFO New proxy send connection 15 from local rank 7, transport 0
x08j03290:58212:61253 [1] NCCL INFO Channel 07/0 : 9[1] -> 8[0] via P2P/CUMEM/read
x08j03290:58223:61251 [7] NCCL INFO Connected to proxy localRank 7 -> connection 0x7f7b18001408
x08j03290:58212:61237 [1] NCCL INFO New proxy send connection 15 from local rank 1, transport 0
x08j03290:58212:61253 [1] NCCL INFO Connected to proxy localRank 1 -> connection 0x7f97dc001408
x08j03289:87140:90122 [1] NCCL INFO Channel 01/0 : 1[1] -> 0[0] via P2P/CUMEM/read
x08j03289:87140:90106 [1] NCCL INFO New proxy send connection 10 from local rank 1, transport 0
x08j03289:87140:90122 [1] NCCL INFO Connected to proxy localRank 1 -> connection 0x7ff1a00011b0
x08j03289:87141:90109 [2] NCCL INFO New proxy send connection 16 from local rank 3, transport 0
x08j03289:87142:90124 [3] NCCL INFO Connected to proxy localRank 2 -> connection 0x7fc324001480
x08j03289:87140:90122 [1] NCCL INFO Channel 02/0 : 1[1] -> 0[0] via P2P/CUMEM/read
x08j03289:87140:90106 [1] NCCL INFO New proxy send connection 11 from local rank 1, transport 0
x08j03289:87140:90122 [1] NCCL INFO Connected to proxy localRank 1 -> connection 0x7ff1a0001228
x08j03290:58223:61251 [7] NCCL INFO Channel 07/0 : 15[7] -> 12[4] via P2P/CUMEM/read
x08j03290:58223:61232 [7] NCCL INFO New proxy send connection 16 from local rank 7, transport 0
x08j03290:58223:61251 [7] NCCL INFO Connected to proxy localRank 7 -> connection 0x7f7b18001480
x08j03290:58219:61233 [6] NCCL INFO New proxy send connection 16 from local rank 0, transport 0
x08j03290:58209:61252 [0] NCCL INFO Connected to proxy localRank 6 -> connection 0x7fd658001480
x08j03290:58214:61238 [3] NCCL INFO New proxy send connection 17 from local rank 1, transport 0
x08j03290:58212:61253 [1] NCCL INFO Connected to proxy localRank 3 -> connection 0x7f87bc0014f8
x08j03289:87140:90122 [1] NCCL INFO Channel 03/0 : 1[1] -> 0[0] via P2P/CUMEM/read
x08j03289:87140:90106 [1] NCCL INFO New proxy send connection 12 from local rank 1, transport 0
x08j03289:87140:90122 [1] NCCL INFO Connected to proxy localRank 1 -> connection 0x7ff1a00012a0
x08j03289:87140:90122 [1] NCCL INFO Channel 05/0 : 1[1] -> 0[0] via P2P/CUMEM/read
x08j03289:87140:90106 [1] NCCL INFO New proxy send connection 13 from local rank 1, transport 0
x08j03289:87140:90122 [1] NCCL INFO Connected to proxy localRank 1 -> connection 0x7ff1a0001318
x08j03290:58219:61233 [6] NCCL INFO New proxy send connection 17 from local rank 7, transport 0
x08j03290:58223:61251 [7] NCCL INFO Connected to proxy localRank 6 -> connection 0x7fd6580014f8
x08j03290:58217:61235 [5] NCCL INFO New proxy send connection 16 from local rank 4, transport 0
x08j03290:58215:61254 [4] NCCL INFO Connected to proxy localRank 5 -> connection 0x7f97c8001480
x08j03289:87140:90122 [1] NCCL INFO Channel 06/0 : 1[1] -> 0[0] via P2P/CUMEM/read
x08j03289:87140:90106 [1] NCCL INFO New proxy send connection 14 from local rank 1, transport 0
x08j03289:87140:90122 [1] NCCL INFO Connected to proxy localRank 1 -> connection 0x7ff1a0001390
x08j03289:87140:90122 [1] NCCL INFO Channel 07/0 : 1[1] -> 0[0] via P2P/CUMEM/read
x08j03289:87140:90106 [1] NCCL INFO New proxy send connection 15 from local rank 1, transport 0
x08j03289:87140:90122 [1] NCCL INFO Connected to proxy localRank 1 -> connection 0x7ff1a0001408
x08j03289:87146:90110 [6] NCCL INFO New proxy send connection 17 from local rank 0, transport 0
x08j03289:87139:90126 [0] NCCL INFO Connected to proxy localRank 6 -> connection 0x7fb6780014f8
x08j03289:87142:90107 [3] NCCL INFO New proxy send connection 17 from local rank 1, transport 0
x08j03289:87140:90122 [1] NCCL INFO Connected to proxy localRank 3 -> connection 0x7fb47c0014f8
x08j03290:58213:61239 [2] NCCL INFO New proxy send connection 17 from local rank 5, transport 0
x08j03290:58217:61249 [5] NCCL INFO Connected to proxy localRank 2 -> connection 0x7fadbc0014f8
x08j03290:58217:61235 [5] NCCL INFO New proxy send connection 17 from local rank 2, transport 0
x08j03290:58213:61248 [2] NCCL INFO Connected to proxy localRank 5 -> connection 0x7f97c80014f8
x08j03290:58212:61237 [1] NCCL INFO New proxy send connection 16 from local rank 3, transport 0
x08j03290:58214:61255 [3] NCCL INFO Connected to proxy localRank 1 -> connection 0x7f97dc001480
x08j03290:58209:61240 [0] NCCL INFO New proxy send connection 16 from local rank 6, transport 0
x08j03290:58219:61250 [6] NCCL INFO Connected to proxy localRank 0 -> connection 0x7f8b58001480
x08j03289:87144:90105 [5] NCCL INFO New proxy send connection 17 from local rank 2, transport 0
x08j03289:87141:90125 [2] NCCL INFO Connected to proxy localRank 5 -> connection 0x7fe2d80014f8
x08j03289:87139:90113 [0] NCCL INFO New proxy send connection 16 from local rank 6, transport 0
x08j03289:87146:90127 [6] NCCL INFO Connected to proxy localRank 0 -> connection 0x7f6e38001480
x08j03289:87141:90109 [2] NCCL INFO NET/IB: NCCL Dev 7 IbDev 2 Port 1 qpn 32404 mtu 5 query_ece={supported=1, vendor_id=0x15b3, options=0x30000008, comp_mask=0x0} GID 3 (0/879EFE21FFFF0000) fifoRkey=0x1804c3 fifoLkey=0x1804c3
x08j03289:87141:90109 [2] NCCL INFO NET/IB: NCCL Dev 7 IbDev 2 Port 1 qpn 32405 mtu 5 query_ece={supported=1, vendor_id=0x15b3, options=0x30000008, comp_mask=0x0} GID 3 (0/879EFE21FFFF0000) fifoRkey=0x178b4b fifoLkey=0x178b4b
x08j03289:87141:90109 [2] NCCL INFO NET/IB: IbDev 2 Port 1 qpn 96420 set_ece={supported=1, vendor_id=0x15b3, options=0x0, comp_mask=0x0}
x08j03289:87140:90106 [1] NCCL INFO New proxy send connection 16 from local rank 3, transport 0
x08j03289:87142:90124 [3] NCCL INFO Connected to proxy localRank 1 -> connection 0x7ff1a0001480
#Qps: 1 (96424 )
x08j03290:58213:61239 [2] NCCL INFO NET/IB: NCCL Dev 7 IbDev 2 Port 1 qpn 96424 mtu 5 query_ece={supported=1, vendor_id=0x15b3, options=0x30000008, comp_mask=0x0} GID 3 (0/8B9EFE21FFFF0000) fifoRkey=0x1625e4 fifoLkey=0x1625e4
#Qps: 1 (96425 )
x08j03290:58213:61239 [2] NCCL INFO NET/IB: NCCL Dev 7 IbDev 2 Port 1 qpn 96425 mtu 5 query_ece={supported=1, vendor_id=0x15b3, options=0x30000008, comp_mask=0x0} GID 3 (0/8B9EFE21FFFF0000) fifoRkey=0x175111 fifoLkey=0x175111
x08j03289:87141:90109 [2] NCCL INFO NET/IB: IbDev 2 Port 1 qpn 96422 set_ece={supported=1, vendor_id=0x15b3, options=0x0, comp_mask=0x0}
x08j03289:87143:90108 [4] NCCL INFO New proxy send connection 17 from local rank 7, transport 0
x08j03289:87148:90121 [7] NCCL INFO Connected to proxy localRank 4 -> connection 0x7fcfb80014f8
x08j03290:58213:61239 [2] NCCL INFO NET/IB: IbDev 2 Port 1 qpn 32406 set_ece={supported=1, vendor_id=0x15b3, options=0x0, comp_mask=0x0}
x08j03290:58223:61232 [7] NCCL INFO New proxy send connection 17 from local rank 4, transport 0
x08j03290:58215:61254 [4] NCCL INFO Connected to proxy localRank 7 -> connection 0x7f7b180014f8
#Qps: 1 (117871 )
x08j03290:58215:61236 [4] NCCL INFO NET/IB: NCCL Dev 8 IbDev 3 Port 1 qpn 117871 mtu 5 query_ece={supported=1, vendor_id=0x15b3, options=0x30000008, comp_mask=0x0} GID 3 (0/8C9EFE21FFFF0000) fifoRkey=0x165f1e fifoLkey=0x165f1e
x08j03290:58209:61240 [0] NCCL INFO New proxy send connection 17 from local rank 1, transport 0
x08j03290:58212:61253 [1] NCCL INFO Connected to proxy localRank 0 -> connection 0x7f8b580014f8
#Qps: 1 (117872 )
x08j03290:58215:61236 [4] NCCL INFO NET/IB: NCCL Dev 8 IbDev 3 Port 1 qpn 117872 mtu 5 query_ece={supported=1, vendor_id=0x15b3, options=0x30000008, comp_mask=0x0} GID 3 (0/8C9EFE21FFFF0000) fifoRkey=0x161edd fifoLkey=0x161edd
x08j03290:58213:61239 [2] NCCL INFO NET/IB: IbDev 2 Port 1 qpn 32408 set_ece={supported=1, vendor_id=0x15b3, options=0x0, comp_mask=0x0}
x08j03290:58215:61236 [4] NCCL INFO NET/IB: IbDev 3 Port 1 qpn 32215 set_ece={supported=1, vendor_id=0x15b3, options=0x0, comp_mask=0x0}
x08j03289:87141:90109 [2] NCCL INFO New proxy send connection 17 from local rank 5, transport 0
x08j03289:87144:90123 [5] NCCL INFO Connected to proxy localRank 2 -> connection 0x7fc3240014f8
x08j03290:58215:61236 [4] NCCL INFO NET/IB: IbDev 3 Port 1 qpn 32217 set_ece={supported=1, vendor_id=0x15b3, options=0x0, comp_mask=0x0}
x08j03289:87148:90111 [7] NCCL INFO New proxy send connection 17 from local rank 4, transport 0
x08j03289:87143:90128 [4] NCCL INFO Connected to proxy localRank 7 -> connection 0x7f1c9c0014f8
x08j03289:87143:90108 [4] NCCL INFO NET/IB: NCCL Dev 8 IbDev 3 Port 1 qpn 32219 mtu 5 query_ece={supported=1, vendor_id=0x15b3, options=0x30000008, comp_mask=0x0} GID 3 (0/889EFE21FFFF0000) fifoRkey=0x15b576 fifoLkey=0x15b576
x08j03289:87143:90108 [4] NCCL INFO NET/IB: NCCL Dev 8 IbDev 3 Port 1 qpn 32220 mtu 5 query_ece={supported=1, vendor_id=0x15b3, options=0x30000008, comp_mask=0x0} GID 3 (0/889EFE21FFFF0000) fifoRkey=0x15e1a0 fifoLkey=0x15e1a0
x08j03290:58212:61237 [1] NCCL INFO New proxy send connection 17 from local rank 0, transport 0
x08j03290:58209:61252 [0] NCCL INFO Connected to proxy localRank 1 -> connection 0x7f97dc0014f8
#Qps: 1 (32692 )
x08j03289:87140:90106 [1] NCCL INFO NET/IB: NCCL Dev 6 IbDev 1 Port 1 qpn 32692 mtu 5 query_ece={supported=1, vendor_id=0x15b3, options=0x30000008, comp_mask=0x0} GID 3 (0/869EFE21FFFF0000) fifoRkey=0x1ffdbc fifoLkey=0x1ffdbc
#Qps: 1 (32693 )
x08j03289:87140:90106 [1] NCCL INFO NET/IB: NCCL Dev 6 IbDev 1 Port 1 qpn 32693 mtu 5 query_ece={supported=1, vendor_id=0x15b3, options=0x30000008, comp_mask=0x0} GID 3 (0/869EFE21FFFF0000) fifoRkey=0x1ffcbb fifoLkey=0x1ffcbb
x08j03289:87143:90108 [4] NCCL INFO NET/IB: IbDev 3 Port 1 qpn 117873 set_ece={supported=1, vendor_id=0x15b3, options=0x0, comp_mask=0x0}
x08j03289:87140:90106 [1] NCCL INFO NET/IB: IbDev 1 Port 1 qpn 108512 set_ece={supported=1, vendor_id=0x15b3, options=0x0, comp_mask=0x0}
x08j03289:87139:90113 [0] NCCL INFO New proxy send connection 17 from local rank 1, transport 0
x08j03289:87140:90122 [1] NCCL INFO Connected to proxy localRank 0 -> connection 0x7f6e380014f8
x08j03290:58215:61236 [4] NCCL INFO New proxy send connection 17 from local rank 7, transport 0
x08j03290:58223:61251 [7] NCCL INFO Connected to proxy localRank 4 -> connection 0x7fd3640014f8
x08j03289:87140:90106 [1] NCCL INFO NET/IB: IbDev 1 Port 1 qpn 108514 set_ece={supported=1, vendor_id=0x15b3, options=0x0, comp_mask=0x0}
x08j03289:87143:90108 [4] NCCL INFO NET/IB: IbDev 3 Port 1 qpn 117875 set_ece={supported=1, vendor_id=0x15b3, options=0x0, comp_mask=0x0}
#Qps: 1 (123845 )
x08j03290:58219:61233 [6] NCCL INFO NET/IB: NCCL Dev 9 IbDev 4 Port 1 qpn 123845 mtu 5 query_ece={supported=1, vendor_id=0x15b3, options=0x30000008, comp_mask=0x0} GID 3 (0/8D9EFE21FFFF0000) fifoRkey=0x16e6a6 fifoLkey=0x16e6a6
#Qps: 1 (123846 )
x08j03290:58219:61233 [6] NCCL INFO NET/IB: NCCL Dev 9 IbDev 4 Port 1 qpn 123846 mtu 5 query_ece={supported=1, vendor_id=0x15b3, options=0x30000008, comp_mask=0x0} GID 3 (0/8D9EFE21FFFF0000) fifoRkey=0x15edab fifoLkey=0x15edab
x08j03289:87140:90106 [1] NCCL INFO New proxy send connection 17 from local rank 0, transport 0
x08j03289:87139:90126 [0] NCCL INFO Connected to proxy localRank 1 -> connection 0x7ff1a00014f8
#Qps: 1 (108516 )
x08j03290:58212:61237 [1] NCCL INFO NET/IB: NCCL Dev 6 IbDev 1 Port 1 qpn 108516 mtu 5 query_ece={supported=1, vendor_id=0x15b3, options=0x30000008, comp_mask=0x0} GID 3 (0/8A9EFE21FFFF0000) fifoRkey=0x16c280 fifoLkey=0x16c280
#Qps: 1 (108517 )
x08j03290:58212:61237 [1] NCCL INFO NET/IB: NCCL Dev 6 IbDev 1 Port 1 qpn 108517 mtu 5 query_ece={supported=1, vendor_id=0x15b3, options=0x30000008, comp_mask=0x0} GID 3 (0/8A9EFE21FFFF0000) fifoRkey=0x120ccc fifoLkey=0x120ccc
x08j03290:58219:61233 [6] NCCL INFO NET/IB: IbDev 4 Port 1 qpn 32095 set_ece={supported=1, vendor_id=0x15b3, options=0x0, comp_mask=0x0}
x08j03290:58212:61237 [1] NCCL INFO NET/IB: IbDev 1 Port 1 qpn 32694 set_ece={supported=1, vendor_id=0x15b3, options=0x0, comp_mask=0x0}
x08j03290:58219:61233 [6] NCCL INFO NET/IB: IbDev 4 Port 1 qpn 32101 set_ece={supported=1, vendor_id=0x15b3, options=0x0, comp_mask=0x0}
x08j03290:58212:61237 [1] NCCL INFO NET/IB: IbDev 1 Port 1 qpn 32696 set_ece={supported=1, vendor_id=0x15b3, options=0x0, comp_mask=0x0}
x08j03289:87146:90110 [6] NCCL INFO NET/IB: NCCL Dev 9 IbDev 4 Port 1 qpn 32103 mtu 5 query_ece={supported=1, vendor_id=0x15b3, options=0x30000008, comp_mask=0x0} GID 3 (0/899EFE21FFFF0000) fifoRkey=0x16cf8d fifoLkey=0x16cf8d
x08j03289:87146:90110 [6] NCCL INFO NET/IB: NCCL Dev 9 IbDev 4 Port 1 qpn 32104 mtu 5 query_ece={supported=1, vendor_id=0x15b3, options=0x30000008, comp_mask=0x0} GID 3 (0/899EFE21FFFF0000) fifoRkey=0x16ad6c fifoLkey=0x16ad6c
x08j03289:87146:90110 [6] NCCL INFO NET/IB: IbDev 4 Port 1 qpn 123847 set_ece={supported=1, vendor_id=0x15b3, options=0x0, comp_mask=0x0}
x08j03289:87146:90110 [6] NCCL INFO NET/IB: IbDev 4 Port 1 qpn 123849 set_ece={supported=1, vendor_id=0x15b3, options=0x0, comp_mask=0x0}
x08j03289:87139:90126 [0] NCCL INFO Connected all rings, use ring PXN 0 GDR 1
x08j03289:87144:90123 [5] NCCL INFO Connected all rings, use ring PXN 0 GDR 1
x08j03289:87146:90127 [6] NCCL INFO Connected all rings, use ring PXN 0 GDR 1
x08j03289:87140:90122 [1] NCCL INFO Connected all rings, use ring PXN 0 GDR 1
x08j03289:87141:90125 [2] NCCL INFO Connected all rings, use ring PXN 0 GDR 1
x08j03289:87143:90128 [4] NCCL INFO Connected all rings, use ring PXN 0 GDR 1
x08j03289:87148:90121 [7] NCCL INFO Connected all rings, use ring PXN 0 GDR 1
x08j03290:58219:61250 [6] NCCL INFO Connected all rings, use ring PXN 0 GDR 1
x08j03289:87142:90124 [3] NCCL INFO Connected all rings, use ring PXN 0 GDR 1
x08j03290:58214:61255 [3] NCCL INFO Connected all rings, use ring PXN 0 GDR 1
x08j03290:58215:61254 [4] NCCL INFO Connected all rings, use ring PXN 0 GDR 1
x08j03290:58223:61251 [7] NCCL INFO Connected all rings, use ring PXN 0 GDR 1
x08j03290:58217:61249 [5] NCCL INFO Connected all rings, use ring PXN 0 GDR 1
x08j03290:58212:61253 [1] NCCL INFO Connected all rings, use ring PXN 0 GDR 1
x08j03290:58213:61248 [2] NCCL INFO Connected all rings, use ring PXN 0 GDR 1
x08j03290:58209:61252 [0] NCCL INFO Connected all rings, use ring PXN 0 GDR 1
bytes: 1048576
bytes: 1048576
bytes: 1048576
bytes: 1048576
bytes: 1048576
bytes: 1048576
bytes: 1048576
bytes: 1048576
bytes: 1048576
bytes: 1048576
bytes: 1048576
bytes: 1048576
bytes: 1048576
bytes: 1048576
bytes: 1048576
bytes: 1048576
bytes: 1048576
bytes: 1048576
bytes: 1048576
bytes: 1048576
bytes: 1048576
bytes: 1048576
bytes: 1048576
bytes: 1048576
bytes: 1048576
bytes: 1048576
bytes: 1048576
bytes: 1048576
bytes: 1048576
bytes: 1048576
bytes: 1048576
bytes: 1048576
bytes: 1048576
bytes: 1048576
bytes: 1048576
bytes: 1048576
bytes: 1048576
bytes: 1048576
bytes: 1048576
bytes: 1048576
bytes: 1048576
bytes: 1048576
bytes: 1048576
bytes: 1048576
bytes: 1048576
bytes: 1048576
bytes: 1048576
bytes: 1048576
bytes: 1048576
bytes: 1048576
bytes: 1048576
bytes: 1048576
bytes: 1048576
bytes: 1048576
bytes: 1048576
bytes: 1048576
bytes: 1048576
bytes: 1048576
bytes: 1048576
bytes: 1048576
bytes: 1048576
bytes: 1048576
bytes: 1048576
bytes: 1048576
bytes: 1048576
bytes: 1048576
bytes: 1048576
bytes: 1048576
bytes: 1048576
bytes: 1048576
bytes: 1048576
bytes: 1048576
bytes: 1048576
bytes: 1048576
bytes: 1048576
bytes: 1048576
bytes: 1048576
bytes: 1048576
bytes: 1048576
bytes: 1048576
bytes: 1048576
bytes: 1048576
bytes: 1048576
bytes: 1048576
bytes: 1048576
bytes: 1048576
bytes: 1048576
bytes: 1048576
bytes: 1048576
bytes: 1048576
bytes: 1048576
bytes: 1048576
bytes: 1048576
bytes: 1048576
bytes: 1048576
bytes: 1048576
bytes: 1048576
bytes: 1048576
bytes: 1048576
bytes: 1048576
bytes: 1048576
bytes: 1048576
bytes: 1048576
bytes: 1048576
bytes: 1048576
bytes: 1048576
bytes: 1048576
bytes: 1048576
bytes: 1048576
bytes: 1048576
bytes: 1048576
bytes: 1048576
bytes: 1048576
bytes: 1048576
bytes: 1048576
bytes: 1048576
bytes: 1048576
bytes: 1048576
bytes: 1048576
bytes: 1048576
bytes: 1048576
bytes: 1048576
bytes: 1048576
bytes: 1048576
bytes: 1048576
bytes: 1048576
bytes: 1048576
bytes: 1048576
bytes: 1048576
bytes: 1048576
bytes: 1048576
bytes: 1048576
bytes: 1048576
bytes: 1048576
bytes: 1048576
bytes: 1048576
bytes: 1048576
bytes: 1048576
bytes: 1048576
bytes: 1048576
bytes: 1048576
bytes: 1048576
bytes: 1048576
bytes: 1048576
bytes: 1048576
bytes: 1048576
bytes: 1048576
bytes: 1048576
bytes: 1048576
bytes: 1048576
bytes: 1048576
bytes: 1048576
bytes: 1048576
bytes: 1048576
bytes: 1048576
bytes: 1048576
bytes: 1048576
bytes: 1048576
bytes: 1048576
bytes: 1048576
bytes: 1048576
bytes: 1048576
bytes: 1048576
bytes: 1048576
bytes: 1048576
bytes: 1048576
bytes: 1048576
bytes: 1048576
bytes: 1048576
bytes: 1048576
bytes: 1048576
bytes: 1048576
bytes: 1048576
bytes: 1048576
bytes: 1048576
bytes: 1048576
bytes: 1048576
bytes: 1048576
bytes: 1048576
bytes: 1048576
bytes: 1048576
bytes: 1048576
bytes: 1048576
bytes: 1048576
bytes: 1048576
bytes: 1048576
bytes: 1048576
bytes: 1048576
bytes: 1048576
bytes: 1048576
bytes: 1048576
bytes: 1048576
bytes: 1048576
bytes: 1048576
bytes: 1048576
bytes: 1048576
bytes: 1048576
bytes: 1048576
bytes: 1048576
bytes: 1048576
bytes: 1048576
bytes: 1048576
bytes: 1048576
bytes: 1048576
bytes: 1048576
bytes: 1048576
bytes: 1048576
bytes: 1048576
bytes: 1048576
bytes: 1048576
bytes: 1048576
bytes: 1048576
bytes: 1048576
bytes: 1048576
bytes: 1048576
bytes: 1048576
bytes: 1048576
bytes: 1048576
bytes: 1048576
bytes: 1048576
bytes: 1048576
bytes: 1048576
bytes: 1048576
bytes: 1048576
bytes: 1048576
bytes: 1048576
bytes: 1048576
bytes: 1048576
bytes: 1048576
bytes: 1048576
bytes: 1048576
bytes: 1048576
bytes: 1048576
bytes: 1048576
bytes: 1048576
bytes: 1048576
bytes: 1048576
bytes: 1048576
bytes: 1048576
bytes: 1048576
   268435456      67108864     float     sum      -1bytes: 1048576
bytes: 1048576
bytes: 1048576
bytes: 1048576
bytes: 1048576
bytes: 1048576
bytes: 1048576
bytes: 1048576
bytes: 1048576
bytes: 1048576
bytes: 1048576
bytes: 1048576
bytes: 1048576
bytes: 1048576
bytes: 1048576
bytes: 1048576
bytes: 1048576
bytes: 1048576
bytes: 1048576
bytes: 1048576
bytes: 1048576
bytes: 1048576
bytes: 1048576
bytes: 1048576
bytes: 1048576
bytes: 1048576
bytes: 1048576
bytes: 1048576
bytes: 1048576
bytes: 1048576
bytes: 1048576
bytes: 1048576
bytes: 1048576
bytes: 1048576
bytes: 1048576
bytes: 1048576
bytes: 1048576
bytes: 1048576
bytes: 1048576
bytes: 1048576
bytes: 1048576
bytes: 1048576
bytes: 1048576
bytes: 1048576
bytes: 1048576
bytes: 1048576
bytes: 1048576
bytes: 1048576
bytes: 1048576
bytes: 1048576
bytes: 1048576
bytes: 1048576
bytes: 1048576
bytes: 1048576
bytes: 1048576
bytes: 1048576
bytes: 1048576
bytes: 1048576
bytes: 1048576
bytes: 1048576
bytes: 1048576
bytes: 1048576
bytes: 1048576
bytes: 1048576
bytes: 1048576
bytes: 1048576
bytes: 1048576
bytes: 1048576
bytes: 1048576
bytes: 1048576
bytes: 1048576
bytes: 1048576
bytes: 1048576
bytes: 1048576
bytes: 1048576
bytes: 1048576
bytes: 1048576
bytes: 1048576
bytes: 1048576
bytes: 1048576
bytes: 1048576
bytes: 1048576
bytes: 1048576
bytes: 1048576
bytes: 1048576
bytes: 1048576
bytes: 1048576
bytes: 1048576
bytes: 1048576
bytes: 1048576
bytes: 1048576
bytes: 1048576
bytes: 1048576
bytes: 1048576
bytes: 1048576
bytes: 1048576
bytes: 1048576
bytes: 1048576
bytes: 1048576
bytes: 1048576
bytes: 1048576
bytes: 1048576
bytes: 1048576
bytes: 1048576
bytes: 1048576
bytes: 1048576
bytes: 1048576
bytes: 1048576
bytes: 1048576
bytes: 1048576
bytes: 1048576
bytes: 1048576
bytes: 1048576
bytes: 1048576
bytes: 1048576
bytes: 1048576
bytes: 1048576
bytes: 1048576
bytes: 1048576
bytes: 1048576
start_time: 5163833574796761
start_time: 5163833574805563
start_time: 5163833574802350
start_time: 5163833574810711
start_time: 5163833574799888
start_time: 5163833574801653
start_time: 5163833574808948
start_time: 5163833574797133
start_time: 24207407147347230
bytes: 1048576
bytes: 1048576
bytes: 1048576
bytes: 1048576
bytes: 1048576
bytes: 1048576
start_time: 24207407147347224
start_time: 24207407147346369
start_time: 24207407147351189
bytes: 1048576
bytes: 1048576
start_time: 24207407147347136
start_time: 24207407147364496
start_time: 24207407147364088
start_time: 24207407147358817
bytes: 1048576
bytes: 1048576
bytes: 1048576
bytes: 1048576
bytes: 1048576
bytes: 1048576
bytes: 1048576
bytes: 1048576
bytes: 1048576
bytes: 1048576
bytes: 1048576
bytes: 1048576
bytes: 1048576
bytes: 1048576
bytes: 1048576
bytes: 1048576
bytes: 1048576
bytes: 1048576
bytes: 1048576
bytes: 1048576
bytes: 1048576
bytes: 1048576
bytes: 1048576
bytes: 1048576
bytes: 1048576
bytes: 1048576
bytes: 1048576
bytes: 1048576
bytes: 1048576
bytes: 1048576
bytes: 1048576
bytes: 1048576
bytes: 1048576
bytes: 1048576
bytes: 1048576
bytes: 1048576
bytes: 1048576
bytes: 1048576
bytes: 1048576
bytes: 1048576
bytes: 1048576
bytes: 1048576
bytes: 1048576
bytes: 1048576
bytes: 1048576
bytes: 1048576
bytes: 1048576
bytes: 1048576
bytes: 1048576
bytes: 1048576
bytes: 1048576
bytes: 1048576
bytes: 1048576
bytes: 1048576
bytes: 1048576
bytes: 1048576
bytes: 1048576
bytes: 1048576
bytes: 1048576
bytes: 1048576
bytes: 1048576
bytes: 1048576
bytes: 1048576
bytes: 1048576
bytes: 1048576
bytes: 1048576
bytes: 1048576
bytes: 1048576
bytes: 1048576
bytes: 1048576
bytes: 1048576
bytes: 1048576
bytes: 1048576
bytes: 1048576
bytes: 1048576
bytes: 1048576
bytes: 1048576
bytes: 1048576
bytes: 1048576
bytes: 1048576
bytes: 1048576
bytes: 1048576
bytes: 1048576
bytes: 1048576
bytes: 1048576
bytes: 1048576
bytes: 1048576
bytes: 1048576
bytes: 1048576
bytes: 1048576
bytes: 1048576
bytes: 1048576
bytes: 1048576
bytes: 1048576
bytes: 1048576
bytes: 1048576
bytes: 1048576
bytes: 1048576
bytes: 1048576
bytes: 1048576
bytes: 1048576
bytes: 1048576
bytes: 1048576
bytes: 1048576
bytes: 1048576
bytes: 1048576
bytes: 1048576
bytes: 1048576
bytes: 1048576
bytes: 1048576
bytes: 1048576
bytes: 1048576
bytes: 1048576
bytes: 1048576
bytes: 1048576
bytes: 1048576
bytes: 1048576
bytes: 1048576
bytes: 1048576
bytes: 1048576
bytes: 1048576
bytes: 1048576
bytes: 1048576
bytes: 1048576
bytes: 1048576
bytes: 1048576
bytes: 1048576
bytes: 1048576
bytes: 1048576
bytes: 1048576
bytes: 1048576
bytes: 1048576
bytes: 1048576
bytes: 1048576
bytes: 1048576
bytes: 1048576
bytes: 1048576
bytes: 1048576
bytes: 1048576
bytes: 1048576
bytes: 1048576
bytes: 1048576
bytes: 1048576
bytes: 1048576
bytes: 1048576
bytes: 1048576
bytes: 1048576
bytes: 1048576
bytes: 1048576
bytes: 1048576
bytes: 1048576
bytes: 1048576
bytes: 1048576
bytes: 1048576
bytes: 1048576
bytes: 1048576
bytes: 1048576
bytes: 1048576
bytes: 1048576
bytes: 1048576
bytes: 1048576
bytes: 1048576
bytes: 1048576
bytes: 1048576
bytes: 1048576
bytes: 1048576
bytes: 1048576
bytes: 1048576
bytes: 1048576
bytes: 1048576
bytes: 1048576
bytes: 1048576
bytes: 1048576
bytes: 1048576
bytes: 1048576
bytes: 1048576
bytes: 1048576
bytes: 1048576
bytes: 1048576
bytes: 1048576
bytes: 1048576
bytes: 1048576
bytes: 1048576
bytes: 1048576
bytes: 1048576
bytes: 1048576
bytes: 1048576
bytes: 1048576
bytes: 1048576
bytes: 1048576
bytes: 1048576
bytes: 1048576
bytes: 1048576
bytes: 1048576
bytes: 1048576
bytes: 1048576
bytes: 1048576
bytes: 1048576
bytes: 1048576
bytes: 1048576
bytes: 1048576
bytes: 1048576
bytes: 1048576
bytes: 1048576
bytes: 1048576
bytes: 1048576
bytes: 1048576
bytes: 1048576
bytes: 1048576
bytes: 1048576
bytes: 1048576
bytes: 1048576
bytes: 1048576
bytes: 1048576
bytes: 1048576
bytes: 1048576
bytes: 1048576
bytes: 1048576
bytes: 1048576
bytes: 1048576
bytes: 1048576
bytes: 1048576
bytes: 1048576
bytes: 1048576
bytes: 1048576
bytes: 1048576
bytes: 1048576
bytes: 1048576
bytes: 1048576
bytes: 1048576
bytes: 1048576
bytes: 1048576
bytes: 1048576
bytes: 1048576
bytes: 1048576
bytes: 1048576
bytes: 1048576
bytes: 1048576
bytes: 1048576
bytes: 1048576
bytes: 1048576
bytes: 1048576
bytes: 1048576
bytes: 1048576
bytes: 1048576
bytes: 1048576
bytes: 1048576
bytes: 1048576
bytes: 1048576
bytes: 1048576
bytes: 1048576
bytes: 1048576
bytes: 1048576
bytes: 1048576
bytes: 1048576
bytes: 1048576
bytes: 1048576
bytes: 1048576
bytes: 1048576
bytes: 1048576
bytes: 1048576
bytes: 1048576
bytes: 1048576
bytes: 1048576
bytes: 1048576
bytes: 1048576
bytes: 1048576
bytes: 1048576
bytes: 1048576
bytes: 1048576
bytes: 1048576
bytes: 1048576
bytes: 1048576
bytes: 1048576
bytes: 1048576
bytes: 1048576
bytes: 1048576
bytes: 1048576
bytes: 1048576
bytes: 1048576
bytes: 1048576
bytes: 1048576
bytes: 1048576
bytes: 1048576
bytes: 1048576
bytes: 1048576
bytes: 1048576
bytes: 1048576
bytes: 1048576
bytes: 1048576
bytes: 1048576
bytes: 1048576
bytes: 1048576
bytes: 1048576
bytes: 1048576
bytes: 1048576
bytes: 1048576
bytes: 1048576
bytes: 1048576
bytes: 1048576
bytes: 1048576
bytes: 1048576
bytes: 1048576
bytes: 1048576
bytes: 1048576
bytes: 1048576
bytes: 1048576
bytes: 1048576
bytes: 1048576
bytes: 1048576
bytes: 1048576
bytes: 1048576
bytes: 1048576
bytes: 1048576
bytes: 1048576
bytes: 1048576
bytes: 1048576
bytes: 1048576
bytes: 1048576
bytes: 1048576
bytes: 1048576
bytes: 1048576
bytes: 1048576
bytes: 1048576
bytes: 1048576
bytes: 1048576
bytes: 1048576
bytes: 1048576
bytes: 1048576
bytes: 1048576
bytes: 1048576
bytes: 1048576
bytes: 1048576
bytes: 1048576
bytes: 1048576
bytes: 1048576
bytes: 1048576
bytes: 1048576
bytes: 1048576
bytes: 1048576
bytes: 1048576
bytes: 1048576
bytes: 1048576
bytes: 1048576
bytes: 1048576
bytes: 1048576
bytes: 1048576
bytes: 1048576
bytes: 1048576
bytes: 1048576
bytes: 1048576
bytes: 1048576
bytes: 1048576
bytes: 1048576
bytes: 1048576
bytes: 1048576
bytes: 1048576
bytes: 1048576
bytes: 1048576
bytes: 1048576
bytes: 1048576
bytes: 1048576
bytes: 1048576
bytes: 1048576
bytes: 1048576
bytes: 1048576
bytes: 1048576
bytes: 1048576
bytes: 1048576
bytes: 1048576
bytes: 1048576
bytes: 1048576
bytes: 1048576
bytes: 1048576
bytes: 1048576
bytes: 1048576
bytes: 1048576
bytes: 1048576
bytes: 1048576
bytes: 1048576
bytes: 1048576
bytes: 1048576
bytes: 1048576
bytes: 1048576
bytes: 1048576
bytes: 1048576
bytes: 1048576
bytes: 1048576
bytes: 1048576
bytes: 1048576
bytes: 1048576
bytes: 1048576
bytes: 1048576
bytes: 1048576
bytes: 1048576
bytes: 1048576
bytes: 1048576
bytes: 1048576
bytes: 1048576
bytes: 1048576
bytes: 1048576
bytes: 1048576
bytes: 1048576
bytes: 1048576
bytes: 1048576
bytes: 1048576
bytes: 1048576
bytes: 1048576
bytes: 1048576
bytes: 1048576
bytes: 1048576
bytes: 1048576
bytes: 1048576
bytes: 1048576
bytes: 1048576
bytes: 1048576
bytes: 1048576
bytes: 1048576
bytes: 1048576
bytes: 1048576
bytes: 1048576
bytes: 1048576
bytes: 1048576
bytes: 1048576
bytes: 1048576
bytes: 1048576
bytes: 1048576
bytes: 1048576
bytes: 1048576
bytes: 1048576
bytes: 1048576
bytes: 1048576
bytes: 1048576
bytes: 1048576
bytes: 1048576
bytes: 1048576
bytes: 1048576
bytes: 1048576
bytes: 1048576
bytes: 1048576
bytes: 1048576
bytes: 1048576
bytes: 1048576
bytes: 1048576
bytes: 1048576
bytes: 1048576
bytes: 1048576
bytes: 1048576
bytes: 1048576
bytes: 1048576
bytes: 1048576
bytes: 1048576
bytes: 1048576
bytes: 1048576
bytes: 1048576
bytes: 1048576
bytes: 1048576
bytes: 1048576
bytes: 1048576
bytes: 1048576
bytes: 1048576
bytes: 1048576
bytes: 1048576
bytes: 1048576
bytes: 1048576
bytes: 1048576
bytes: 1048576
bytes: 1048576
bytes: 1048576
bytes: 1048576
bytes: 1048576
bytes: 1048576
bytes: 1048576
bytes: 1048576
bytes: 1048576
bytes: 1048576
bytes: 1048576
bytes: 1048576
bytes: 1048576
bytes: 1048576
bytes: 1048576
bytes: 1048576
bytes: 1048576
bytes: 1048576
bytes: 1048576
bytes: 1048576
bytes: 1048576
bytes: 1048576
bytes: 1048576
bytes: 1048576
bytes: 1048576
bytes: 1048576
bytes: 1048576
bytes: 1048576
bytes: 1048576
bytes: 1048576
bytes: 1048576
bytes: 1048576
bytes: 1048576
bytes: 1048576
bytes: 1048576
bytes: 1048576
bytes: 1048576
bytes: 1048576
bytes: 1048576
bytes: 1048576
bytes: 1048576
bytes: 1048576
bytes: 1048576
bytes: 1048576
bytes: 1048576
bytes: 1048576
bytes: 1048576
bytes: 1048576
bytes: 1048576
bytes: 1048576
bytes: 1048576
bytes: 1048576
bytes: 1048576
bytes: 1048576
bytes: 1048576
bytes: 1048576
bytes: 1048576
bytes: 1048576
bytes: 1048576
bytes: 1048576
bytes: 1048576
bytes: 1048576
bytes: 1048576
bytes: 1048576
bytes: 1048576
bytes: 1048576
bytes: 1048576
bytes: 1048576
bytes: 1048576
bytes: 1048576
bytes: 1048576
bytes: 1048576
bytes: 1048576
bytes: 1048576
bytes: 1048576
bytes: 1048576
bytes: 1048576
bytes: 1048576
bytes: 1048576
bytes: 1048576
bytes: 1048576
bytes: 1048576
bytes: 1048576
bytes: 1048576
bytes: 1048576
bytes: 1048576
bytes: 1048576
bytes: 1048576
bytes: 1048576
bytes: 1048576
bytes: 1048576
bytes: 1048576
bytes: 1048576
bytes: 1048576
bytes: 1048576
bytes: 1048576
bytes: 1048576
bytes: 1048576
bytes: 1048576
bytes: 1048576
bytes: 1048576
bytes: 1048576
bytes: 1048576
bytes: 1048576
bytes: 1048576
bytes: 1048576
bytes: 1048576
bytes: 1048576
bytes: 1048576
bytes: 1048576
bytes: 1048576
bytes: 1048576
bytes: 1048576
bytes: 1048576
bytes: 1048576
bytes: 1048576
bytes: 1048576
bytes: 1048576
bytes: 1048576
bytes: 1048576
bytes: 1048576
bytes: 1048576
bytes: 1048576
bytes: 1048576
bytes: 1048576
bytes: 1048576
bytes: 1048576
bytes: 1048576
bytes: 1048576
bytes: 1048576
bytes: 1048576
bytes: 1048576
bytes: 1048576
bytes: 1048576
bytes: 1048576
bytes: 1048576
bytes: 1048576
bytes: 1048576
bytes: 1048576
bytes: 1048576
bytes: 1048576
bytes: 1048576
bytes: 1048576
bytes: 1048576
bytes: 1048576
bytes: 1048576
bytes: 1048576
bytes: 1048576
bytes: 1048576
bytes: 1048576
bytes: 1048576
bytes: 1048576
bytes: 1048576
bytes: 1048576
bytes: 1048576
bytes: 1048576
bytes: 1048576
bytes: 1048576
bytes: 1048576
bytes: 1048576
bytes: 1048576
bytes: 1048576
bytes: 1048576
bytes: 1048576
bytes: 1048576
bytes: 1048576
bytes: 1048576
bytes: 1048576
bytes: 1048576
bytes: 1048576
bytes: 1048576
bytes: 1048576
bytes: 1048576
bytes: 1048576
bytes: 1048576
bytes: 1048576
bytes: 1048576
bytes: 1048576
bytes: 1048576
bytes: 1048576
bytes: 1048576
bytes: 1048576
bytes: 1048576
bytes: 1048576
bytes: 1048576
bytes: 1048576
bytes: 1048576
bytes: 1048576
bytes: 1048576
bytes: 1048576
bytes: 1048576
bytes: 1048576
bytes: 1048576
bytes: 1048576
bytes: 1048576
bytes: 1048576
bytes: 1048576
bytes: 1048576
bytes: 1048576
bytes: 1048576
bytes: 1048576
bytes: 1048576
bytes: 1048576
bytes: 1048576
bytes: 1048576
bytes: 1048576
bytes: 1048576
bytes: 1048576
bytes: 1048576
bytes: 1048576
bytes: 1048576
bytes: 1048576
bytes: 1048576
bytes: 1048576
bytes: 1048576
bytes: 1048576
bytes: 1048576
bytes: 1048576
bytes: 1048576
bytes: 1048576
bytes: 1048576
bytes: 1048576
bytes: 1048576
bytes: 1048576
bytes: 1048576
bytes: 1048576
bytes: 1048576
bytes: 1048576
bytes: 1048576
bytes: 1048576
bytes: 1048576
bytes: 1048576
bytes: 1048576
bytes: 1048576
bytes: 1048576
bytes: 1048576
bytes: 1048576
bytes: 1048576
bytes: 1048576
bytes: 1048576
bytes: 1048576
bytes: 1048576
bytes: 1048576
bytes: 1048576
bytes: 1048576
bytes: 1048576
bytes: 1048576
bytes: 1048576
bytes: 1048576
bytes: 1048576
bytes: 1048576
bytes: 1048576
bytes: 1048576
bytes: 1048576
bytes: 1048576
bytes: 1048576
bytes: 1048576
bytes: 1048576
bytes: 1048576
bytes: 1048576
bytes: 1048576
bytes: 1048576
bytes: 1048576
bytes: 1048576
bytes: 1048576
bytes: 1048576
bytes: 1048576
bytes: 1048576
bytes: 1048576
bytes: 1048576
bytes: 1048576
bytes: 1048576
bytes: 1048576
bytes: 1048576
bytes: 1048576
bytes: 1048576
bytes: 1048576
bytes: 1048576
bytes: 1048576
bytes: 1048576
bytes: 1048576
bytes: 1048576
bytes: 1048576
bytes: 1048576
bytes: 1048576
bytes: 1048576
bytes: 1048576
bytes: 1048576
bytes: 1048576
bytes: 1048576
bytes: 1048576
bytes: 1048576
bytes: 1048576
bytes: 1048576
bytes: 1048576
bytes: 1048576
bytes: 1048576
bytes: 1048576
bytes: 1048576
bytes: 1048576
bytes: 1048576
bytes: 1048576
bytes: 1048576
bytes: 1048576
bytes: 1048576
bytes: 1048576
bytes: 1048576
bytes: 1048576
bytes: 1048576
bytes: 1048576
bytes: 1048576
bytes: 1048576
bytes: 1048576
bytes: 1048576
bytes: 1048576
bytes: 1048576
bytes: 1048576
bytes: 1048576
bytes: 1048576
bytes: 1048576
bytes: 1048576
bytes: 1048576
bytes: 1048576
bytes: 1048576
bytes: 1048576
bytes: 1048576
bytes: 1048576
bytes: 1048576
bytes: 1048576
bytes: 1048576
bytes: 1048576
bytes: 1048576
bytes: 1048576
bytes: 1048576
bytes: 1048576
bytes: 1048576
bytes: 1048576
bytes: 1048576
bytes: 1048576
bytes: 1048576
bytes: 1048576
bytes: 1048576
bytes: 1048576
bytes: 1048576
bytes: 1048576
bytes: 1048576
bytes: 1048576
bytes: 1048576
bytes: 1048576
bytes: 1048576
bytes: 1048576
bytes: 1048576
bytes: 1048576
bytes: 1048576
bytes: 1048576
bytes: 1048576
bytes: 1048576
bytes: 1048576
bytes: 1048576
bytes: 1048576
bytes: 1048576
bytes: 1048576
bytes: 1048576
bytes: 1048576
bytes: 1048576
bytes: 1048576
bytes: 1048576
bytes: 1048576
bytes: 1048576
bytes: 1048576
bytes: 1048576
bytes: 1048576
bytes: 1048576
bytes: 1048576
bytes: 1048576
bytes: 1048576
bytes: 1048576
bytes: 1048576
bytes: 1048576
bytes: 1048576
bytes: 1048576
bytes: 1048576
bytes: 1048576
bytes: 1048576
bytes: 1048576
bytes: 1048576
bytes: 1048576
bytes: 1048576
bytes: 1048576
bytes: 1048576
bytes: 1048576
bytes: 1048576
bytes: 1048576
bytes: 1048576
bytes: 1048576
bytes: 1048576
bytes: 1048576
bytes: 1048576
bytes: 1048576
bytes: 1048576
bytes: 1048576
bytes: 1048576
bytes: 1048576
bytes: 1048576
bytes: 1048576
bytes: 1048576
bytes: 1048576
bytes: 1048576
bytes: 1048576
bytes: 1048576
bytes: 1048576
bytes: 1048576
bytes: 1048576
bytes: 1048576
bytes: 1048576
bytes: 1048576
bytes: 1048576
bytes: 1048576
bytes: 1048576
bytes: 1048576
bytes: 1048576
bytes: 1048576
bytes: 1048576
bytes: 1048576
bytes: 1048576
bytes: 1048576
bytes: 1048576
bytes: 1048576
bytes: 1048576
bytes: 1048576
bytes: 1048576
bytes: 1048576
bytes: 1048576
bytes: 1048576
bytes: 1048576
bytes: 1048576
bytes: 1048576
bytes: 1048576
bytes: 1048576
bytes: 1048576
bytes: 1048576
bytes: 1048576
bytes: 1048576
bytes: 1048576
bytes: 1048576
bytes: 1048576
bytes: 1048576
bytes: 1048576
bytes: 1048576
bytes: 1048576
bytes: 1048576
bytes: 1048576
bytes: 1048576
bytes: 1048576
bytes: 1048576
bytes: 1048576
bytes: 1048576
bytes: 1048576
bytes: 1048576
bytes: 1048576
bytes: 1048576
bytes: 1048576
bytes: 1048576
bytes: 1048576
bytes: 1048576
bytes: 1048576
bytes: 1048576
bytes: 1048576
bytes: 1048576
bytes: 1048576
bytes: 1048576
bytes: 1048576
bytes: 1048576
bytes: 1048576
bytes: 1048576
bytes: 1048576
bytes: 1048576
bytes: 1048576
bytes: 1048576
bytes: 1048576
bytes: 1048576
bytes: 1048576
bytes: 1048576
bytes: 1048576
bytes: 1048576
bytes: 1048576
bytes: 1048576
bytes: 1048576
bytes: 1048576
bytes: 1048576
bytes: 1048576
bytes: 1048576
bytes: 1048576
bytes: 1048576
bytes: 1048576
bytes: 1048576
bytes: 1048576
bytes: 1048576
bytes: 1048576
bytes: 1048576
bytes: 1048576
bytes: 1048576
bytes: 1048576
bytes: 1048576
bytes: 1048576
bytes: 1048576
bytes: 1048576
bytes: 1048576
bytes: 1048576
bytes: 1048576
bytes: 1048576
bytes: 1048576
bytes: 1048576
bytes: 1048576
bytes: 1048576
bytes: 1048576
bytes: 1048576
bytes: 1048576
bytes: 1048576
bytes: 1048576
bytes: 1048576
bytes: 1048576
bytes: 1048576
bytes: 1048576
bytes: 1048576
bytes: 1048576
bytes: 1048576
bytes: 1048576
bytes: 1048576
bytes: 1048576
bytes: 1048576
bytes: 1048576
bytes: 1048576
bytes: 1048576
bytes: 1048576
bytes: 1048576
bytes: 1048576
bytes: 1048576
bytes: 1048576
bytes: 1048576
bytes: 1048576
bytes: 1048576
bytes: 1048576
bytes: 1048576
bytes: 1048576
bytes: 1048576
bytes: 1048576
bytes: 1048576
bytes: 1048576
bytes: 1048576
bytes: 1048576
bytes: 1048576
bytes: 1048576
bytes: 1048576
bytes: 1048576
bytes: 1048576
bytes: 1048576
bytes: 1048576
bytes: 1048576
bytes: 1048576
bytes: 1048576
bytes: 1048576
bytes: 1048576
bytes: 1048576
bytes: 1048576
bytes: 1048576
bytes: 1048576
bytes: 1048576
bytes: 1048576
bytes: 1048576
bytes: 1048576
bytes: 1048576
bytes: 1048576
bytes: 1048576
bytes: 1048576
bytes: 1048576
bytes: 1048576
bytes: 1048576
bytes: 1048576
bytes: 1048576
bytes: 1048576
bytes: 1048576
bytes: 1048576
bytes: 1048576
bytes: 1048576
bytes: 1048576
bytes: 1048576
bytes: 1048576
bytes: 1048576
bytes: 1048576
bytes: 1048576
bytes: 1048576
bytes: 1048576
bytes: 1048576
bytes: 1048576
bytes: 1048576
bytes: 1048576
bytes: 1048576
bytes: 1048576
bytes: 1048576
bytes: 1048576
bytes: 1048576
bytes: 1048576
bytes: 1048576
bytes: 1048576
bytes: 1048576
bytes: 1048576
bytes: 1048576
bytes: 1048576
bytes: 1048576
bytes: 1048576
bytes: 1048576
bytes: 1048576
bytes: 1048576
bytes: 1048576
bytes: 1048576
bytes: 1048576
bytes: 1048576
bytes: 1048576
bytes: 1048576
bytes: 1048576
bytes: 1048576
bytes: 1048576
bytes: 1048576
bytes: 1048576
bytes: 1048576
bytes: 1048576
bytes: 1048576
bytes: 1048576
bytes: 1048576
bytes: 1048576
bytes: 1048576
bytes: 1048576
bytes: 1048576
bytes: 1048576
bytes: 1048576
bytes: 1048576
bytes: 1048576
bytes: 1048576
bytes: 1048576
bytes: 1048576
bytes: 1048576
bytes: 1048576
bytes: 1048576
bytes: 1048576
bytes: 1048576
bytes: 1048576
bytes: 1048576
bytes: 1048576
bytes: 1048576
bytes: 1048576
bytes: 1048576
bytes: 1048576
bytes: 1048576
bytes: 1048576
bytes: 1048576
bytes: 1048576
bytes: 1048576
bytes: 1048576
bytes: 1048576
bytes: 1048576
bytes: 1048576
bytes: 1048576
bytes: 1048576
bytes: 1048576
bytes: 1048576
bytes: 1048576
bytes: 1048576
bytes: 1048576
bytes: 1048576
bytes: 1048576
bytes: 1048576
bytes: 1048576
bytes: 1048576
bytes: 1048576
bytes: 1048576
bytes: 1048576
bytes: 1048576
bytes: 1048576
bytes: 1048576
bytes: 1048576
bytes: 1048576
bytes: 1048576
bytes: 1048576
bytes: 1048576
bytes: 1048576
bytes: 1048576
bytes: 1048576
bytes: 1048576
bytes: 1048576
bytes: 1048576
bytes: 1048576
bytes: 1048576
bytes: 1048576
bytes: 1048576
bytes: 1048576
bytes: 1048576
bytes: 1048576
bytes: 1048576
bytes: 1048576
bytes: 1048576
bytes: 1048576
bytes: 1048576
bytes: 1048576
bytes: 1048576
bytes: 1048576
bytes: 1048576
bytes: 1048576
bytes: 1048576
bytes: 1048576
bytes: 1048576
bytes: 1048576
bytes: 1048576
bytes: 1048576
bytes: 1048576
bytes: 1048576
bytes: 1048576
bytes: 1048576
bytes: 1048576
bytes: 1048576
bytes: 1048576
bytes: 1048576
bytes: 1048576
bytes: 1048576
end_time: 5163833636662231
bytes: 1048576
bytes: 1048576
end_time: 5163833636701640
end_time: 5163833636745197
end_time: 5163833636771560
end_time: 5163833636870039
end_time: 24207407209403185
end_time: 5163833636904304
end_time: 24207407209408299
end_time: 24207407209470702
end_time: 5163833637020757
end_time: 5163833637142777
end_time: 24207407209517269
end_time: 24207407209525471
end_time: 24207407209578417
end_time: 24207407209573392
end_time: 24207407209678434
bytes: 1048576
bytes: 1048576
bytes: 1048576
bytes: 1048576
bytes: 1048576
bytes: 1048576
bytes: 1048576
bytes: 1048576
bytes: 1048576
bytes: 1048576
bytes: 1048576
bytes: 1048576
bytes: 1048576
bytes: 1048576
bytes: 1048576
bytes: 1048576
bytes: 1048576
bytes: 1048576
bytes: 1048576
bytes: 1048576
bytes: 1048576
bytes: 1048576
bytes: 1048576
bytes: 1048576
bytes: 1048576
bytes: 1048576
bytes: 1048576
bytes: 1048576
bytes: 1048576
bytes: 1048576
bytes: 1048576
bytes: 1048576
bytes: 1048576
bytes: 1048576
bytes: 1048576
bytes: 1048576
bytes: 1048576
bytes: 1048576
bytes: 1048576
bytes: 1048576
bytes: 1048576
bytes: 1048576
bytes: 1048576
bytes: 1048576
bytes: 1048576
bytes: 1048576
bytes: 1048576
bytes: 1048576
bytes: 1048576
bytes: 1048576
bytes: 1048576
bytes: 1048576
bytes: 1048576
bytes: 1048576
bytes: 1048576
bytes: 1048576
bytes: 1048576
bytes: 1048576
bytes: 1048576
bytes: 1048576
bytes: 1048576
bytes: 1048576
bytes: 1048576
bytes: 1048576
bytes: 1048576
bytes: 1048576
bytes: 1048576
bytes: 1048576
bytes: 1048576
bytes: 1048576
bytes: 1048576
bytes: 1048576
bytes: 1048576
bytes: 1048576
bytes: 1048576
bytes: 1048576
bytes: 1048576
bytes: 1048576
bytes: 1048576
bytes: 1048576
bytes: 1048576
bytes: 1048576
bytes: 1048576
bytes: 1048576
bytes: 1048576
bytes: 1048576
bytes: 1048576
bytes: 1048576
bytes: 1048576
bytes: 1048576
bytes: 1048576
bytes: 1048576
bytes: 1048576
bytes: 1048576
bytes: 1048576
bytes: 1048576
bytes: 1048576
bytes: 1048576
bytes: 1048576
bytes: 1048576
bytes: 1048576
bytes: 1048576
bytes: 1048576
bytes: 1048576
bytes: 1048576
bytes: 1048576
bytes: 1048576
bytes: 1048576
bytes: 1048576
bytes: 1048576
bytes: 1048576
bytes: 1048576
bytes: 1048576
bytes: 1048576
bytes: 1048576
bytes: 1048576
bytes: 1048576
bytes: 1048576
bytes: 1048576
bytes: 1048576
   6210.8   43.22   81.04      0
PostSend 5163833542349994 32692 1 0
PostSend 5163833542365824 32693 1 0
PostSend 5163833542371949 32692 1 1
PostSend 5163833542374529 32693 1 1
PostSend 5163833542375759 32692 1 2
PostSend 5163833542378799 32693 1 2
PostSend 5163833542381866 32692 1 3
PostSend 5163833542383720 32693 1 3
PostSend 5163833542647189 32692 1 0
PostSend 5163833542651398 32693 1 0
PostSend 5163833542705211 32692 1 1
PostSend 5163833542707963 32693 1 1
PostSend 5163833542772798 32692 1 2
PostSend 5163833542775089 32693 1 2
PostSend 5163833542870538 32693 1 3
PostSend 5163833542875078 32692 1 3
PostSend 5163833542974354 32692 1 0
PostSend 5163833542976707 32693 1 0
PostSend 5163833543080623 32692 1 1
PostSend 5163833543083691 32693 1 1
PostSend 5163833543173811 32692 1 2
PostSend 5163833543177446 32693 1 2
PostSend 5163833543273825 32692 1 3
PostSend 5163833543277562 32693 1 3
PostSend 5163833543374854 32692 1 0
PostSend 5163833543378960 32693 1 0
PostSend 5163833543477202 32692 1 1
PostSend 5163833543480004 32693 1 1
PostSend 5163833543574827 32692 1 2
PostSend 5163833543577817 32693 1 2
PostSend 5163833543674660 32692 1 3
PostSend 5163833543678727 32693 1 3
PostSend 5163833543773108 32693 1 0
PostSend 5163833543775589 32692 1 0
PostSend 5163833543881530 32692 1 1
PostSend 5163833543883509 32693 1 1
PostSend 5163833543976766 32693 1 2
PostSend 5163833543979206 32692 1 2
PostSend 5163833544076864 32692 1 3
PostSend 5163833544080248 32693 1 3
PostSend 5163833544175963 32692 1 0
PostSend 5163833544178153 32693 1 0
PostSend 5163833544279636 32693 1 1
PostSend 5163833544281790 32692 1 1
PostSend 5163833544377496 32693 1 2
PostSend 5163833544380456 32692 1 2
PostSend 5163833544479016 32692 1 3
PostSend 5163833544480976 32693 1 3
PostSend 5163833544578673 32693 1 0
PostSend 5163833544580953 32692 1 0
PostSend 5163833544683176 32693 1 1
PostSend 5163833544685875 32692 1 1
PostSend 5163833544782390 32692 1 2
PostSend 5163833544784582 32693 1 2
PostSend 5163833544880837 32693 1 3
PostSend 5163833544882840 32692 1 3
PostSend 5163833544979616 32693 1 0
PostSend 5163833544983014 32692 1 0
PostSend 5163833545086674 32693 1 1
PostSend 5163833545089254 32692 1 1
PostSend 5163833545234180 32693 1 2
PostSend 5163833545236962 32692 1 2
PostSend 5163833545348280 32693 1 0
PostSend 5163833545354644 32692 1 0
PostSend 5163833545426489 32693 1 1
PostSend 5163833545433343 32692 1 1
PostSend 5163833545525604 32693 1 3
PostSend 5163833545530110 32692 1 2
PostSend 5163833545615114 32692 1 3
PostSend 5163833545617456 32693 1 2
PostSend 5163833545711716 32693 1 0
PostSend 5163833545714334 32692 1 0
PostSend 5163833545816022 32693 1 1
PostSend 5163833545818673 32692 1 1
PostSend 5163833545919749 32692 1 2
PostSend 5163833545922555 32693 1 3
PostSend 5163833546020466 32692 1 3
PostSend 5163833546022815 32693 1 2
PostSend 5163833546119703 32693 1 0
PostSend 5163833546122564 32692 1 0
PostSend 5163833546218919 32693 1 1
PostSend 5163833546221850 32692 1 1
PostSend 5163833546327539 32693 1 3
PostSend 5163833546330559 32692 1 2
PostSend 5163833546426726 32692 1 3
PostSend 5163833546429087 32693 1 2
PostSend 5163833546527929 32692 1 0
PostSend 5163833546530345 32693 1 0
PostSend 5163833546629202 32692 1 1
PostSend 5163833546633381 32693 1 1
PostSend 5163833546737146 32692 1 2
PostSend 5163833546740053 32693 1 3
PostSend 5163833546833963 32692 1 3
PostSend 5163833546836604 32693 1 2
PostSend 5163833546938199 32693 1 0
PostSend 5163833546940560 32692 1 0
PostSend 5163833547039201 32693 1 1
PostSend 5163833547041911 32692 1 1
PostSend 5163833547144081 32692 1 2
PostSend 5163833547146302 32693 1 3
PostSend 5163833547245399 32692 1 3
PostSend 5163833547247718 32693 1 2
PostSend 5163833547344709 32692 1 0
PostSend 5163833547346829 32693 1 0
PostSend 5163833547443273 32693 1 1
PostSend 5163833547445864 32692 1 1
PostSend 5163833547546767 32692 1 2
PostSend 5163833547549012 32693 1 3
PostSend 5163833547643998 32692 1 3
PostSend 5163833547646311 32693 1 2
PostSend 5163833547742835 32692 1 0
PostSend 5163833547746012 32693 1 0
PostSend 5163833547844273 32693 1 1
PostSend 5163833547846436 32692 1 1
PostSend 5163833547944894 32692 1 2
PostSend 5163833547947380 32693 1 3
PostSend 5163833548043359 32692 1 3
PostSend 5163833548047489 32693 1 2
PostSend 5163833548138467 32693 1 0
PostSend 5163833548140677 32692 1 0
PostSend 5163833548539982 32692 1 0
PostSend 5163833548542042 32693 1 0
PostSend 5163833548542984 32692 1 1
PostSend 5163833548543910 32693 1 1
PostSend 5163833548545595 32692 1 2
PostSend 5163833548547339 32693 1 2
PostSend 5163833548548432 32692 1 3
PostSend 5163833548550238 32693 1 3
PostSend 5163833548715742 32693 1 0
PostSend 5163833548723369 32692 1 0
PostSend 5163833548823085 32692 1 1
PostSend 5163833548825444 32693 1 1
PostSend 5163833548920175 32692 1 2
PostSend 5163833548922628 32693 1 2
PostSend 5163833549014014 32693 1 3
PostSend 5163833549016586 32692 1 3
PostSend 5163833549111856 32693 1 0
PostSend 5163833549116483 32692 1 0
PostSend 5163833549219825 32692 1 1
PostSend 5163833549221846 32693 1 1
PostSend 5163833549314978 32693 1 2
PostSend 5163833549317302 32692 1 2
PostSend 5163833549410631 32693 1 3
PostSend 5163833549415311 32692 1 3
PostSend 5163833549510722 32693 1 0
PostSend 5163833549512822 32692 1 0
PostSend 5163833549613326 32693 1 1
PostSend 5163833549615399 32692 1 1
PostSend 5163833549710426 32693 1 2
PostSend 5163833549713024 32692 1 2
PostSend 5163833549807683 32693 1 3
PostSend 5163833549809975 32692 1 3
PostSend 5163833549906151 32692 1 0
PostSend 5163833549908779 32693 1 0
PostSend 5163833550006895 32693 1 1
PostSend 5163833550010712 32692 1 1
PostSend 5163833550103387 32693 1 2
PostSend 5163833550105431 32692 1 2
PostSend 5163833550201058 32693 1 3
PostSend 5163833550203074 32692 1 3
PostSend 5163833550301317 32693 1 0
PostSend 5163833550303404 32692 1 0
PostSend 5163833550404725 32692 1 1
PostSend 5163833550406819 32693 1 1
PostSend 5163833550499443 32693 1 2
PostSend 5163833550501865 32692 1 2
PostSend 5163833550598890 32693 1 3
PostSend 5163833550601663 32692 1 3
PostSend 5163833550697713 32693 1 0
PostSend 5163833550699721 32692 1 0
PostSend 5163833550801608 32692 1 1
PostSend 5163833550803660 32693 1 1
PostSend 5163833550901915 32692 1 2
PostSend 5163833550904040 32693 1 2
PostSend 5163833550999876 32693 1 3
PostSend 5163833551002070 32692 1 3
PostSend 5163833551096156 32693 1 0
PostSend 5163833551098513 32692 1 0
PostSend 5163833551201403 32693 1 1
PostSend 5163833551204196 32692 1 1
PostSend 5163833551345436 32693 1 2
PostSend 5163833551348674 32692 1 2
PostSend 5163833551459783 32692 1 0
PostSend 5163833551462285 32693 1 0
PostSend 5163833551537647 32692 1 3
PostSend 5163833551539613 32693 1 3
PostSend 5163833551644847 32693 1 1
PostSend 5163833551647074 32692 1 1
PostSend 5163833551720284 32693 1 2
PostSend 5163833551722885 32692 1 2
PostSend 5163833551821521 32693 1 0
PostSend 5163833551824164 32692 1 0
PostSend 5163833551920435 32693 1 3
PostSend 5163833551922642 32692 1 3
PostSend 5163833552023626 32693 1 1
PostSend 5163833552026194 32692 1 1
PostSend 5163833552123603 32693 1 2
PostSend 5163833552125963 32692 1 2
PostSend 5163833552226665 32693 1 0
PostSend 5163833552229128 32692 1 0
PostSend 5163833552326967 32693 1 3
PostSend 5163833552329102 32692 1 3
PostSend 5163833552431770 32693 1 1
PostSend 5163833552433850 32692 1 1
PostSend 5163833552534111 32693 1 2
PostSend 5163833552536597 32692 1 2
PostSend 5163833552635237 32693 1 0
PostSend 5163833552637782 32692 1 0
PostSend 5163833552735790 32693 1 3
PostSend 5163833552737872 32692 1 3
PostSend 5163833552843910 32693 1 1
PostSend 5163833552846190 32692 1 1
PostSend 5163833552943859 32692 1 2
PostSend 5163833552945927 32693 1 2
PostSend 5163833553042014 32693 1 0
PostSend 5163833553044703 32692 1 0
PostSend 5163833553142647 32693 1 3
PostSend 5163833553144711 32692 1 3
PostSend 5163833553249516 32692 1 1
PostSend 5163833553251840 32693 1 1
PostSend 5163833553346185 32692 1 2
PostSend 5163833553349364 32693 1 2
PostSend 5163833553445780 32693 1 0
PostSend 5163833553448582 32692 1 0
PostSend 5163833553546399 32693 1 3
PostSend 5163833553548630 32692 1 3
PostSend 5163833553653841 32692 1 1
PostSend 5163833553656130 32693 1 1
PostSend 5163833553752657 32692 1 2
PostSend 5163833553754701 32693 1 2
PostSend 5163833553851291 32693 1 0
PostSend 5163833553853706 32692 1 0
PostSend 5163833553949211 32693 1 3
PostSend 5163833553952005 32692 1 3
PostSend 5163833554051771 32693 1 1
PostSend 5163833554054007 32692 1 1
PostSend 5163833554145418 32693 1 2
PostSend 5163833554148077 32692 1 2
PostSend 5163833554239614 32693 1 0
PostSend 5163833554242126 32692 1 0
PostSend 5163833568723711 32692 1 0
PostSend 5163833568727215 32693 1 0
PostSend 5163833568765125 32692 1 1
PostSend 5163833568768109 32693 1 1
PostSend 5163833568850586 32693 1 0
PostSend 5163833568853385 32692 1 0
PostSend 5163833568913247 32693 1 2
PostSend 5163833568916354 32692 1 2
PostSend 5163833568991331 32693 1 1
PostSend 5163833568993553 32692 1 1
PostSend 5163833569054490 32693 1 0
PostSend 5163833569057144 32692 1 0
PostSend 5163833569117761 32693 1 3
PostSend 5163833569121756 32692 1 3
PostSend 5163833569199435 32692 1 2
PostSend 5163833569202231 32693 1 2
PostSend 5163833569298818 32693 1 1
PostSend 5163833569304144 32692 1 1
PostSend 5163833569405657 32692 1 0
PostSend 5163833569407708 32693 1 0
PostSend 5163833569503666 32693 1 3
PostSend 5163833569505928 32692 1 3
PostSend 5163833569614592 32692 1 2
PostSend 5163833569621579 32693 1 2
PostSend 5163833569713919 32693 1 1
PostSend 5163833569716356 32692 1 1
PostSend 5163833569808089 32692 1 0
PostSend 5163833569810823 32693 1 0
PostSend 5163833569903020 32693 1 3
PostSend 5163833569905106 32692 1 3
PostSend 5163833570000667 32693 1 2
PostSend 5163833570002704 32692 1 2
PostSend 5163833570099164 32692 1 1
PostSend 5163833570102653 32693 1 1
PostSend 5163833570205232 32692 1 0
PostSend 5163833570207484 32693 1 0
PostSend 5163833570301631 32693 1 3
PostSend 5163833570303806 32692 1 3
PostSend 5163833570402241 32692 1 2
PostSend 5163833570404241 32693 1 2
PostSend 5163833570504095 32693 1 1
PostSend 5163833570506072 32692 1 1
PostSend 5163833570603274 32693 1 0
PostSend 5163833570605460 32692 1 0
PostSend 5163833570700667 32693 1 3
PostSend 5163833570702666 32692 1 3
PostSend 5163833570799887 32693 1 2
PostSend 5163833570802317 32692 1 2
PostSend 5163833570895672 32693 1 1
PostSend 5163833570897772 32692 1 1
PostSend 5163833570999803 32692 1 0
PostSend 5163833571001771 32693 1 0
PostSend 5163833571098392 32692 1 3
PostSend 5163833571100372 32693 1 3
PostSend 5163833571197763 32693 1 2
PostSend 5163833571199723 32692 1 2
PostSend 5163833571294442 32693 1 1
PostSend 5163833571296887 32692 1 1
PostSend 5163833571400993 32692 1 0
PostSend 5163833571402973 32693 1 0
PostSend 5163833571550630 32692 1 2
PostSend 5163833571552817 32693 1 2
PostSend 5163833571666606 32693 1 1
PostSend 5163833571670445 32692 1 1
PostSend 5163833571745542 32693 1 0
PostSend 5163833571748088 32692 1 0
PostSend 5163833571839222 32692 1 2
PostSend 5163833571841502 32693 1 2
PostSend 5163833571919332 32693 1 3
PostSend 5163833571923092 32692 1 3
PostSend 5163833572021864 32692 1 1
PostSend 5163833572024508 32693 1 1
PostSend 5163833572119084 32693 1 0
PostSend 5163833572123550 32692 1 0
PostSend 5163833572228675 32693 1 2
PostSend 5163833572230699 32692 1 2
PostSend 5163833572329445 32692 1 3
PostSend 5163833572331484 32693 1 3
PostSend 5163833572426644 32693 1 1
PostSend 5163833572428692 32692 1 1
PostSend 5163833572528725 32692 1 0
PostSend 5163833572530749 32693 1 0
PostSend 5163833572635930 32692 1 2
PostSend 5163833572637981 32693 1 2
PostSend 5163833572734076 32692 1 3
PostSend 5163833572736132 32693 1 3
PostSend 5163833572832023 32693 1 1
PostSend 5163833572834258 32692 1 1
PostSend 5163833572931122 32693 1 0
PostSend 5163833572933222 32692 1 0
PostSend 5163833573043099 32692 1 2
PostSend 5163833573045067 32693 1 2
PostSend 5163833573138003 32693 1 3
PostSend 5163833573140415 32692 1 3
PostSend 5163833573238871 32692 1 1
PostSend 5163833573241467 32693 1 1
PostSend 5163833573338221 32693 1 0
PostSend 5163833573340944 32692 1 0
PostSend 5163833573444346 32693 1 2
PostSend 5163833573446359 32692 1 2
PostSend 5163833573542545 32692 1 3
PostSend 5163833573544580 32693 1 3
PostSend 5163833573642967 32692 1 1
PostSend 5163833573645547 32693 1 1
PostSend 5163833573739629 32693 1 0
PostSend 5163833573741836 32692 1 0
PostSend 5163833573844573 32692 1 2
PostSend 5163833573847140 32693 1 2
PostSend 5163833573942153 32692 1 3
PostSend 5163833573945024 32693 1 3
PostSend 5163833574039279 32692 1 1
PostSend 5163833574042282 32693 1 1
PostSend 5163833574134558 32692 1 0
PostSend 5163833574136598 32693 1 0
PostSend 5163833574239959 32693 1 2
PostSend 5163833574242079 32692 1 2
PostSend 5163833574333332 32692 1 3
PostSend 5163833574335927 32693 1 3
PostSend 5163833574419244 32692 1 1
PostSend 5163833574421689 32693 1 1
PostSend 5163833574881563 32693 1 0
PostSend 5163833574884227 32692 1 0
PostSend 5163833574920722 32693 1 1
PostSend 5163833574922918 32692 1 1
PostSend 5163833574981220 32693 1 2
PostSend 5163833574983273 32692 1 2
PostSend 5163833575043200 32693 1 0
PostSend 5163833575045981 32692 1 0
PostSend 5163833575107482 32693 1 1
PostSend 5163833575109620 32692 1 1
PostSend 5163833575171028 32692 1 3
PostSend 5163833575173856 32693 1 3
PostSend 5163833575257503 32693 1 2
PostSend 5163833575260072 32692 1 2
PostSend 5163833575353385 32693 1 0
PostSend 5163833575355385 32692 1 0
PostSend 5163833575456018 32692 1 1
PostSend 5163833575457958 32693 1 1
PostSend 5163833575560804 32693 1 3
PostSend 5163833575563455 32692 1 3
PostSend 5163833575656628 32692 1 2
PostSend 5163833575659959 32693 1 2
PostSend 5163833575754441 32692 1 0
PostSend 5163833575756713 32693 1 0
PostSend 5163833575852216 32693 1 1
PostSend 5163833575854484 32692 1 1
PostSend 5163833575954974 32693 1 3
PostSend 5163833575957821 32692 1 3
PostSend 5163833576052665 32692 1 2
PostSend 5163833576055300 32693 1 2
PostSend 5163833576150720 32692 1 0
PostSend 5163833576153119 32693 1 0
PostSend 5163833576249731 32693 1 1
PostSend 5163833576252078 32692 1 1
PostSend 5163833576350847 32692 1 3
PostSend 5163833576353843 32693 1 3
PostSend 5163833576448382 32692 1 2
PostSend 5163833576450500 32693 1 2
PostSend 5163833576545526 32693 1 0
PostSend 5163833576547888 32692 1 0
PostSend 5163833576642042 32692 1 1
PostSend 5163833576644810 32693 1 1
PostSend 5163833576752385 32692 1 3
PostSend 5163833576754867 32693 1 3
PostSend 5163833576885511 32693 1 2
PostSend 5163833576887909 32692 1 2
PostSend 5163833576983739 32692 1 0
PostSend 5163833576986928 32693 1 0
PostSend 5163833577122322 32693 1 1
PostSend 5163833577125874 32692 1 1
PostSend 5163833577225067 32692 1 3
PostSend 5163833577227292 32693 1 3
PostSend 5163833577363058 32692 1 2
PostSend 5163833577366152 32693 1 2
PostSend 5163833577460521 32693 1 0
PostSend 5163833577463272 32692 1 0
PostSend 5163833577596489 32692 1 1
PostSend 5163833577601363 32693 1 1
PostSend 5163833577702447 32693 1 3
PostSend 5163833577704873 32692 1 3
PostSend 5163833577883792 32692 1 0
PostSend 5163833577886434 32693 1 0
PostSend 5163833577996021 32692 1 1
PostSend 5163833577998959 32693 1 1
PostSend 5163833578074889 32692 1 2
PostSend 5163833578077488 32693 1 2
PostSend 5163833578181361 32693 1 0
PostSend 5163833578183468 32692 1 0
PostSend 5163833578264236 32692 1 3
PostSend 5163833578266494 32693 1 3
PostSend 5163833578365052 32693 1 1
PostSend 5163833578367141 32692 1 1
PostSend 5163833578466220 32692 1 2
PostSend 5163833578468289 32693 1 2
PostSend 5163833578569138 32693 1 0
PostSend 5163833578571401 32692 1 0
PostSend 5163833578669557 32693 1 3
PostSend 5163833578673039 32692 1 3
PostSend 5163833578771505 32693 1 1
PostSend 5163833578773961 32692 1 1
PostSend 5163833578870249 32692 1 2
PostSend 5163833578872363 32693 1 2
PostSend 5163833578976348 32692 1 0
PostSend 5163833578979518 32693 1 0
PostSend 5163833579074530 32692 1 3
PostSend 5163833579076676 32693 1 3
PostSend 5163833579174298 32692 1 1
PostSend 5163833579176308 32693 1 1
PostSend 5163833579272765 32692 1 2
PostSend 5163833579274791 32693 1 2
PostSend 5163833579377631 32692 1 0
PostSend 5163833579380418 32693 1 0
PostSend 5163833579478694 32692 1 3
PostSend 5163833579480663 32693 1 3
PostSend 5163833579577564 32692 1 1
PostSend 5163833579579575 32693 1 1
PostSend 5163833579678316 32692 1 2
PostSend 5163833579680619 32693 1 2
PostSend 5163833579783590 32692 1 0
PostSend 5163833579785576 32693 1 0
PostSend 5163833579882393 32693 1 3
PostSend 5163833579884538 32692 1 3
PostSend 5163833579982057 32692 1 1
PostSend 5163833579984201 32693 1 1
PostSend 5163833580079269 32693 1 2
PostSend 5163833580081641 32692 1 2
PostSend 5163833580183844 32692 1 0
PostSend 5163833580186344 32693 1 0
PostSend 5163833580284340 32693 1 3
PostSend 5163833580286751 32692 1 3
PostSend 5163833580384377 32692 1 1
PostSend 5163833580386561 32693 1 1
PostSend 5163833580482183 32693 1 2
PostSend 5163833580484384 32692 1 2
PostSend 5163833580589007 32692 1 0
PostSend 5163833580591392 32693 1 0
PostSend 5163833580683986 32693 1 3
PostSend 5163833580686662 32692 1 3
PostSend 5163833580776907 32693 1 1
PostSend 5163833580779205 32692 1 1
PostSend 5163833581555076 32692 1 0
PostSend 5163833581557093 32693 1 0
PostSend 5163833581593695 32693 1 1
PostSend 5163833581596370 32692 1 1
PostSend 5163833581743058 32693 1 0
PostSend 5163833581747061 32692 1 0
PostSend 5163833581801609 32693 1 1
PostSend 5163833581806050 32692 1 1
PostSend 5163833581861367 32693 1 0
PostSend 5163833581865616 32692 1 0
PostSend 5163833581920811 32693 1 2
PostSend 5163833581923148 32692 1 2
PostSend 5163833581976839 32693 1 1
PostSend 5163833581978965 32692 1 1
PostSend 5163833582031644 32693 1 3
PostSend 5163833582035475 32692 1 3
PostSend 5163833582101601 32693 1 0
PostSend 5163833582104122 32692 1 0
PostSend 5163833582208434 32692 1 2
PostSend 5163833582210380 32693 1 2
PostSend 5163833582306709 32693 1 1
PostSend 5163833582308714 32692 1 1
PostSend 5163833582402186 32693 1 3
PostSend 5163833582406207 32692 1 3
PostSend 5163833582503269 32693 1 0
PostSend 5163833582505283 32692 1 0
PostSend 5163833582608313 32693 1 2
PostSend 5163833582610448 32692 1 2
PostSend 5163833582706561 32693 1 1
PostSend 5163833582708585 32692 1 1
PostSend 5163833582804250 32693 1 3
PostSend 5163833582807570 32692 1 3
PostSend 5163833582904669 32693 1 0
PostSend 5163833582913580 32692 1 0
PostSend 5163833583006331 32692 1 2
PostSend 5163833583008421 32693 1 2
PostSend 5163833583108021 32692 1 1
PostSend 5163833583110005 32693 1 1
PostSend 5163833583203371 32693 1 3
PostSend 5163833583206357 32692 1 3
PostSend 5163833583301536 32693 1 0
PostSend 5163833583303511 32692 1 0
PostSend 5163833583406521 32693 1 2
PostSend 5163833583408529 32692 1 2
PostSend 5163833583501270 32693 1 1
PostSend 5163833583503349 32692 1 1
PostSend 5163833583600854 32693 1 3
PostSend 5163833583602854 32692 1 3
PostSend 5163833583697378 32693 1 0
PostSend 5163833583699547 32692 1 0
PostSend 5163833583801414 32693 1 2
PostSend 5163833583804888 32692 1 2
PostSend 5163833583900378 32693 1 1
PostSend 5163833583902391 32692 1 1
PostSend 5163833583998957 32692 1 3
PostSend 5163833584001024 32693 1 3
PostSend 5163833584098882 32692 1 0
PostSend 5163833584101335 32693 1 0
PostSend 5163833584207047 32692 1 2
PostSend 5163833584209191 32693 1 2
PostSend 5163833584346293 32692 1 1
PostSend 5163833584350914 32693 1 1
PostSend 5163833584458912 32692 1 0
PostSend 5163833584463529 32693 1 0
PostSend 5163833584540661 32692 1 2
PostSend 5163833584542686 32693 1 2
PostSend 5163833584641679 32693 1 1
PostSend 5163833584645554 32692 1 1
PostSend 5163833584723180 32693 1 3
PostSend 5163833584725956 32692 1 3
PostSend 5163833584822083 32692 1 0
PostSend 5163833584824274 32693 1 0
PostSend 5163833584924041 32693 1 2
PostSend 5163833584926082 32692 1 2
PostSend 5163833585030807 32693 1 1
PostSend 5163833585033677 32692 1 1
PostSend 5163833585129593 32692 1 3
PostSend 5163833585131615 32693 1 3
PostSend 5163833585230925 32692 1 0
PostSend 5163833585234203 32693 1 0
PostSend 5163833585330130 32693 1 2
PostSend 5163833585332143 32692 1 2
PostSend 5163833585434998 32692 1 1
PostSend 5163833585437030 32693 1 1
PostSend 5163833585535733 32692 1 3
PostSend 5163833585537900 32693 1 3
PostSend 5163833585641879 32693 1 0
PostSend 5163833585644053 32692 1 0
PostSend 5163833585735350 32693 1 2
PostSend 5163833585737337 32692 1 2
PostSend 5163833585840577 32693 1 1
PostSend 5163833585842786 32692 1 1
PostSend 5163833585937881 32693 1 3
PostSend 5163833585939925 32692 1 3
PostSend 5163833586037246 32693 1 0
PostSend 5163833586040276 32692 1 0
PostSend 5163833586135212 32693 1 2
PostSend 5163833586139860 32692 1 2
PostSend 5163833586241483 32693 1 1
PostSend 5163833586243723 32692 1 1
PostSend 5163833586342019 32693 1 3
PostSend 5163833586344015 32692 1 3
PostSend 5163833586440556 32692 1 0
PostSend 5163833586443246 32693 1 0
PostSend 5163833586539265 32693 1 2
PostSend 5163833586541357 32692 1 2
PostSend 5163833586645504 32693 1 1
PostSend 5163833586648003 32692 1 1
PostSend 5163833586740972 32692 1 3
PostSend 5163833586743231 32693 1 3
PostSend 5163833586838795 32693 1 0
PostSend 5163833586840795 32692 1 0
PostSend 5163833586942376 32693 1 2
PostSend 5163833586945043 32692 1 2
PostSend 5163833587040427 32692 1 1
PostSend 5163833587042782 32693 1 1
PostSend 5163833587136018 32692 1 3
PostSend 5163833587138142 32693 1 3
PostSend 5163833587236896 32693 1 0
PostSend 5163833587239072 32692 1 0
PostSend 5163833587944997 32693 1 0
PostSend 5163833587947207 32692 1 0
PostSend 5163833587985173 32693 1 1
PostSend 5163833587987358 32692 1 1
PostSend 5163833588141160 32692 1 0
PostSend 5163833588143446 32693 1 0
PostSend 5163833588198181 32692 1 1
PostSend 5163833588202836 32693 1 1
PostSend 5163833588256373 32692 1 0
PostSend 5163833588259511 32693 1 0
PostSend 5163833588311792 32692 1 2
PostSend 5163833588313830 32693 1 2
PostSend 5163833588368171 32692 1 1
PostSend 5163833588371002 32693 1 1
PostSend 5163833588425305 32692 1 3
PostSend 5163833588427268 32693 1 3
PostSend 5163833588506757 32692 1 0
PostSend 5163833588508806 32693 1 0
PostSend 5163833588609693 32692 1 2
PostSend 5163833588611735 32693 1 2
PostSend 5163833588705795 32692 1 1
PostSend 5163833588709490 32693 1 1
PostSend 5163833588802687 32692 1 3
PostSend 5163833588805112 32693 1 3
PostSend 5163833588901932 32693 1 0
PostSend 5163833588904183 32692 1 0
PostSend 5163833589006959 32692 1 2
PostSend 5163833589008971 32693 1 2
PostSend 5163833589106955 32692 1 1
PostSend 5163833589109006 32693 1 1
PostSend 5163833589204482 32693 1 3
PostSend 5163833589206498 32692 1 3
PostSend 5163833589303529 32693 1 0
PostSend 5163833589307459 32692 1 0
PostSend 5163833589408382 32692 1 2
PostSend 5163833589410435 32693 1 2
PostSend 5163833589505161 32692 1 1
PostSend 5163833589507188 32693 1 1
PostSend 5163833589603643 32692 1 3
PostSend 5163833589606223 32693 1 3
PostSend 5163833589702176 32693 1 0
PostSend 5163833589704814 32692 1 0
PostSend 5163833589805706 32692 1 2
PostSend 5163833589808589 32693 1 2
PostSend 5163833589901960 32692 1 1
PostSend 5163833589904201 32693 1 1
PostSend 5163833589999027 32693 1 3
PostSend 5163833590001832 32692 1 3
PostSend 5163833590100488 32693 1 0
PostSend 5163833590102484 32692 1 0
PostSend 5163833590204462 32692 1 2
PostSend 5163833590206389 32693 1 2
PostSend 5163833590299970 32693 1 1
PostSend 5163833590302392 32692 1 1
PostSend 5163833590396947 32693 1 3
PostSend 5163833590398922 32692 1 3
PostSend 5163833590495965 32692 1 0
PostSend 5163833590498027 32693 1 0
PostSend 5163833590602415 32692 1 2
PostSend 5163833590604420 32693 1 2
PostSend 5163833590745473 32693 1 1
PostSend 5163833590750249 32692 1 1
PostSend 5163833590863927 32693 1 0
PostSend 5163833590866011 32692 1 0
PostSend 5163833590942401 32693 1 2
PostSend 5163833590945067 32692 1 2
PostSend 5163833591039135 32693 1 3
PostSend 5163833591043123 32692 1 1
PostSend 5163833591126356 32692 1 3
PostSend 5163833591128374 32693 1 1
PostSend 5163833591227884 32693 1 0
PostSend 5163833591229901 32692 1 0
PostSend 5163833591321909 32693 1 2
PostSend 5163833591325169 32692 1 2
PostSend 5163833591429111 32693 1 3
PostSend 5163833591431210 32692 1 1
PostSend 5163833591528020 32692 1 3
PostSend 5163833591530407 32693 1 1
PostSend 5163833591625416 32692 1 0
PostSend 5163833591627445 32693 1 0
PostSend 5163833591746715 32693 1 2
PostSend 5163833591751724 32692 1 1
PostSend 5163833591833683 32692 1 2
PostSend 5163833591835924 32693 1 3
PostSend 5163833591935631 32692 1 3
PostSend 5163833591937592 32693 1 1
PostSend 5163833592033389 32693 1 0
PostSend 5163833592035832 32692 1 0
PostSend 5163833592133991 32692 1 1
PostSend 5163833592136595 32693 1 2
PostSend 5163833592238907 32692 1 2
PostSend 5163833592241510 32693 1 3
PostSend 5163833592340034 32693 1 1
PostSend 5163833592342008 32692 1 3
PostSend 5163833592437350 32693 1 0
PostSend 5163833592440176 32692 1 0
PostSend 5163833592536733 32692 1 1
PostSend 5163833592539301 32693 1 2
PostSend 5163833592645235 32692 1 2
PostSend 5163833592647265 32693 1 3
PostSend 5163833592742613 32693 1 1
PostSend 5163833592746530 32692 1 3
PostSend 5163833592845738 32692 1 0
PostSend 5163833592847772 32693 1 0
PostSend 5163833592943116 32693 1 2
PostSend 5163833592945133 32692 1 1
PostSend 5163833593047635 32692 1 2
PostSend 5163833593050336 32693 1 3
PostSend 5163833593144703 32693 1 1
PostSend 5163833593148063 32692 1 3
PostSend 5163833593241856 32692 1 0
PostSend 5163833593244097 32693 1 0
PostSend 5163833593342092 32693 1 2
PostSend 5163833593345270 32692 1 1
PostSend 5163833593445339 32693 1 3
PostSend 5163833593447423 32692 1 2
PostSend 5163833593551930 32693 1 1
PostSend 5163833593554363 32692 1 3
PostSend 5163833593637864 32693 1 0
PostSend 5163833593640378 32692 1 0
PostSend 5163833594015888 32692 1 0
PostSend 5163833594017873 32693 1 0
PostSend 5163833594018843 32692 1 1
PostSend 5163833594020481 32693 1 1
PostSend 5163833594021632 32692 1 2
PostSend 5163833594023594 32693 1 2
PostSend 5163833594057125 32692 1 3
PostSend 5163833594063566 32693 1 3
PostSend 5163833594200016 32692 1 0
PostSend 5163833594202069 32693 1 0
PostSend 5163833594294393 32693 1 1
PostSend 5163833594298360 32692 1 1
PostSend 5163833594393083 32692 1 2
PostSend 5163833594395155 32693 1 2
PostSend 5163833594505515 32693 1 3
PostSend 5163833594507833 32692 1 3
PostSend 5163833594589994 32693 1 0
PostSend 5163833594592029 32692 1 0
PostSend 5163833594694706 32692 1 1
PostSend 5163833594696883 32693 1 1
PostSend 5163833594793269 32692 1 2
PostSend 5163833594803042 32693 1 2
PostSend 5163833594891230 32693 1 3
PostSend 5163833594894111 32692 1 3
PostSend 5163833594989705 32693 1 0
PostSend 5163833594992940 32692 1 0
PostSend 5163833595095171 32693 1 1
PostSend 5163833595097174 32692 1 1
PostSend 5163833595193548 32693 1 2
PostSend 5163833595195786 32692 1 2
PostSend 5163833595289932 32692 1 3
PostSend 5163833595291932 32693 1 3
PostSend 5163833595386478 32693 1 0
PostSend 5163833595388944 32692 1 0
PostSend 5163833595491894 32693 1 1
PostSend 5163833595494776 32692 1 1
PostSend 5163833595617067 32692 1 2
PostSend 5163833595619126 32693 1 2
PostSend 5163833595731442 32692 1 3
PostSend 5163833595734514 32693 1 3
PostSend 5163833595868732 32692 1 0
PostSend 5163833595870802 32693 1 0
PostSend 5163833595997948 32693 1 1
PostSend 5163833595999992 32692 1 1
PostSend 5163833596113162 32692 1 2
PostSend 5163833596115819 32693 1 2
PostSend 5163833596247375 32692 1 3
PostSend 5163833596250252 32693 1 3
PostSend 5163833596366109 32693 1 0
PostSend 5163833596368443 32692 1 0
PostSend 5163833596497548 32692 1 1
PostSend 5163833596499676 32693 1 1
PostSend 5163833596627223 32692 1 2
PostSend 5163833596629442 32693 1 2
PostSend 5163833596742420 32693 1 3
PostSend 5163833596744646 32692 1 3
PostSend 5163833596875913 32692 1 0
PostSend 5163833596879196 32693 1 0
PostSend 5163833596982547 32692 1 1
PostSend 5163833596984505 32693 1 1
PostSend 5163833597130299 32693 1 2
PostSend 5163833597133729 32692 1 2
PostSend 5163833597238541 32693 1 3
PostSend 5163833597251536 32692 1 0
PostSend 5163833597343906 32692 1 3
PostSend 5163833597346807 32693 1 0
PostSend 5163833597455349 32693 1 1
PostSend 5163833597460036 32692 1 1
PostSend 5163833597574367 32692 1 2
PostSend 5163833597576440 32693 1 2
PostSend 5163833597684818 32692 1 0
PostSend 5163833597687179 32693 1 3
PostSend 5163833597808475 32692 1 3
PostSend 5163833597812021 32693 1 0
PostSend 5163833597920743 32692 1 1
PostSend 5163833597922799 32693 1 1
PostSend 5163833598048796 32692 1 2
PostSend 5163833598051725 32693 1 2
PostSend 5163833598162669 32692 1 0
PostSend 5163833598164619 32693 1 3
PostSend 5163833598287825 32692 1 3
PostSend 5163833598290438 32693 1 0
PostSend 5163833598407212 32693 1 1
PostSend 5163833598409894 32692 1 1
PostSend 5163833598505234 32692 1 2
PostSend 5163833598507578 32693 1 2
PostSend 5163833598603493 32693 1 3
PostSend 5163833598605495 32692 1 0
PostSend 5163833598702178 32692 1 3
PostSend 5163833598704553 32693 1 0
PostSend 5163833598806797 32693 1 1
PostSend 5163833598809708 32692 1 1
PostSend 5163833598910819 32693 1 2
PostSend 5163833598912777 32692 1 2
PostSend 5163833599009192 32693 1 3
PostSend 5163833599016438 32692 1 0
PostSend 5163833599108540 32692 1 3
PostSend 5163833599110775 32693 1 0
PostSend 5163833599210879 32693 1 1
PostSend 5163833599213191 32692 1 1
PostSend 5163833599311169 32692 1 2
PostSend 5163833599313530 32693 1 2
PostSend 5163833599408403 32693 1 3
PostSend 5163833599410878 32692 1 0
PostSend 5163833599506540 32693 1 0
PostSend 5163833599508535 32692 1 3
PostSend 5163833599608943 32692 1 1
PostSend 5163833599611371 32693 1 1
PostSend 5163833599703419 32693 1 2
PostSend 5163833599705978 32692 1 2
PostSend 5163833599794669 32693 1 3
PostSend 5163833599797397 32692 1 0
PostSend 5163833599892458 32693 1 0
PostSend 5163833599894458 32692 1 3
PostSend 5163833599986265 32693 1 1
PostSend 5163833599988242 32692 1 1
PostSend 5163833600071219 32692 1 2
PostSend 5163833600074319 32693 1 2
PostSend 5163833600158605 32693 1 3
PostSend 5163833600161418 32692 1 0
PostSend 5163833600505569 32693 1 0
PostSend 5163833600507599 32693 1 1
PostSend 5163833600508581 32692 1 0
PostSend 5163833600510483 32693 1 2
PostSend 5163833600512226 32692 1 1
PostSend 5163833600514230 32692 1 2
PostSend 5163833600518997 32693 1 3
PostSend 5163833600522162 32692 1 3
PostSend 5163833600682908 32693 1 0
PostSend 5163833600685366 32692 1 0
PostSend 5163833600788308 32693 1 1
PostSend 5163833600790527 32692 1 1
PostSend 5163833600884138 32693 1 2
PostSend 5163833600886571 32692 1 2
PostSend 5163833600986347 32693 1 3
PostSend 5163833600989534 32692 1 3
PostSend 5163833601082567 32693 1 0
PostSend 5163833601084592 32692 1 0
PostSend 5163833601187456 32693 1 1
PostSend 5163833601189451 32692 1 1
PostSend 5163833601285048 32693 1 2
PostSend 5163833601287032 32692 1 2
PostSend 5163833601384089 32693 1 3
PostSend 5163833601386056 32692 1 3
PostSend 5163833601487107 32693 1 0
PostSend 5163833601490378 32692 1 0
PostSend 5163833601585988 32693 1 1
PostSend 5163833601588195 32692 1 1
PostSend 5163833601684052 32693 1 2
PostSend 5163833601686314 32692 1 2
PostSend 5163833601779270 32692 1 3
PostSend 5163833601781926 32693 1 3
PostSend 5163833601877234 32693 1 0
PostSend 5163833601879355 32692 1 0
PostSend 5163833601978521 32693 1 1
PostSend 5163833601981143 32692 1 1
PostSend 5163833602075425 32693 1 2
PostSend 5163833602077616 32692 1 2
PostSend 5163833602175707 32692 1 3
PostSend 5163833602177782 32693 1 3
PostSend 5163833602271980 32692 1 0
PostSend 5163833602274009 32693 1 0
PostSend 5163833602374753 32693 1 1
PostSend 5163833602376879 32692 1 1
PostSend 5163833602468108 32693 1 2
PostSend 5163833602470108 32692 1 2
PostSend 5163833602567483 32693 1 3
PostSend 5163833602569752 32692 1 3
PostSend 5163833602665519 32693 1 0
PostSend 5163833602668053 32692 1 0
PostSend 5163833602772936 32692 1 1
PostSend 5163833602774973 32693 1 1
PostSend 5163833602868640 32692 1 2
PostSend 5163833602870784 32693 1 2
PostSend 5163833602964621 32693 1 3
PostSend 5163833602966766 32692 1 3
PostSend 5163833603063904 32693 1 0
PostSend 5163833603066536 32692 1 0
PostSend 5163833603168475 32692 1 1
PostSend 5163833603173710 32693 1 1
PostSend 5163833603310851 32693 1 2
PostSend 5163833603320886 32692 1 2
PostSend 5163833603425099 32693 1 0
PostSend 5163833603436694 32692 1 0
PostSend 5163833603503823 32693 1 3
PostSend 5163833603514694 32692 1 1
PostSend 5163833603609143 32692 1 2
PostSend 5163833603611315 32693 1 1
PostSend 5163833603692471 32692 1 3
PostSend 5163833603695031 32693 1 2
PostSend 5163833603790234 32692 1 0
PostSend 5163833603792464 32693 1 0
PostSend 5163833603888063 32692 1 1
PostSend 5163833603890199 32693 1 3
PostSend 5163833603995774 32692 1 2
PostSend 5163833603997741 32693 1 1
PostSend 5163833604096510 32692 1 3
PostSend 5163833604098844 32693 1 2
PostSend 5163833604194950 32693 1 0
PostSend 5163833604197385 32692 1 0
PostSend 5163833604295080 32692 1 1
PostSend 5163833604297263 32693 1 3
PostSend 5163833604401849 32692 1 2
PostSend 5163833604404024 32693 1 1
PostSend 5163833604501163 32692 1 3
PostSend 5163833604503480 32693 1 2
PostSend 5163833604600308 32693 1 0
PostSend 5163833604602704 32692 1 0
PostSend 5163833604702703 32692 1 1
PostSend 5163833604705761 32693 1 3
PostSend 5163833604808079 32693 1 1
PostSend 5163833604810103 32692 1 2
PostSend 5163833604907526 32693 1 2
PostSend 5163833604910381 32692 1 3
PostSend 5163833605003305 32692 1 0
PostSend 5163833605007521 32693 1 0
PostSend 5163833605104114 32693 1 3
PostSend 5163833605109009 32692 1 1
PostSend 5163833605211956 32693 1 1
PostSend 5163833605214792 32692 1 2
PostSend 5163833605311452 32693 1 2
PostSend 5163833605315007 32692 1 3
PostSend 5163833605409228 32693 1 0
PostSend 5163833605411426 32692 1 0
PostSend 5163833605507254 32693 1 3
PostSend 5163833605511804 32692 1 1
PostSend 5163833605613759 32693 1 1
PostSend 5163833605616174 32692 1 2
PostSend 5163833605709813 32693 1 2
PostSend 5163833605711968 32692 1 3
PostSend 5163833605802863 32692 1 0
PostSend 5163833605805279 32693 1 0
PostSend 5163833605896239 32693 1 3
PostSend 5163833605898373 32692 1 1
PostSend 5163833605990311 32693 1 1
PostSend 5163833605992289 32692 1 2
PostSend 5163833606076846 32693 1 2
PostSend 5163833606079299 32692 1 3
PostSend 5163833606162704 32692 1 0
PostSend 5163833606165255 32693 1 0
PostSend 5163833606508492 32693 1 0
PostSend 5163833606510832 32692 1 0
PostSend 5163833606511848 32693 1 1
PostSend 5163833606513560 32692 1 1
PostSend 5163833606515343 32693 1 2
PostSend 5163833606517048 32692 1 2
PostSend 5163833606521588 32693 1 3
PostSend 5163833606524861 32692 1 3
PostSend 5163833606687129 32692 1 0
PostSend 5163833606690300 32693 1 0
PostSend 5163833606788716 32693 1 1
PostSend 5163833606791337 32692 1 1
PostSend 5163833606891343 32693 1 2
PostSend 5163833606893583 32692 1 2
PostSend 5163833606987501 32693 1 3
PostSend 5163833606990359 32692 1 3
PostSend 5163833607087354 32693 1 0
PostSend 5163833607090430 32692 1 0
PostSend 5163833607192086 32693 1 1
PostSend 5163833607194622 32692 1 1
PostSend 5163833607288958 32693 1 2
PostSend 5163833607291372 32692 1 2
PostSend 5163833607386982 32692 1 3
PostSend 5163833607389205 32693 1 3
PostSend 5163833607483447 32693 1 0
PostSend 5163833607486073 32692 1 0
PostSend 5163833607587502 32692 1 1
PostSend 5163833607589903 32693 1 1
PostSend 5163833607683662 32693 1 2
PostSend 5163833607686110 32692 1 2
PostSend 5163833607782463 32693 1 3
PostSend 5163833607784852 32692 1 3
PostSend 5163833607879329 32693 1 0
PostSend 5163833607881776 32692 1 0
PostSend 5163833607982859 32693 1 1
PostSend 5163833607984994 32692 1 1
PostSend 5163833608078118 32693 1 2
PostSend 5163833608081204 32692 1 2
PostSend 5163833608177703 32693 1 3
PostSend 5163833608179642 32692 1 3
PostSend 5163833608275116 32693 1 0
PostSend 5163833608277217 32692 1 0
PostSend 5163833608377671 32692 1 1
PostSend 5163833608379953 32693 1 1
PostSend 5163833608472845 32693 1 2
PostSend 5163833608474864 32692 1 2
PostSend 5163833608572545 32693 1 3
PostSend 5163833608574618 32692 1 3
PostSend 5163833608667682 32692 1 0
PostSend 5163833608669780 32693 1 0
PostSend 5163833608773766 32692 1 1
PostSend 5163833608775816 32693 1 1
PostSend 5163833608870109 32693 1 2
PostSend 5163833608872864 32692 1 2
PostSend 5163833608968416 32692 1 3
PostSend 5163833608970755 32693 1 3
PostSend 5163833609068850 32692 1 0
PostSend 5163833609070881 32693 1 0
PostSend 5163833609176440 32692 1 1
PostSend 5163833609178411 32693 1 1
PostSend 5163833609312188 32692 1 2
PostSend 5163833609314595 32693 1 2
PostSend 5163833609425186 32692 1 0
PostSend 5163833609427887 32693 1 0
PostSend 5163833609506187 32693 1 3
PostSend 5163833609519139 32692 1 3
PostSend 5163833609614062 32693 1 1
PostSend 5163833609616259 32692 1 1
PostSend 5163833609693857 32693 1 2
PostSend 5163833609695964 32692 1 2
PostSend 5163833609794296 32693 1 0
PostSend 5163833609796756 32692 1 0
PostSend 5163833609915416 32693 1 1
PostSend 5163833609917627 32692 1 1
PostSend 5163833610000338 32693 1 3
PostSend 5163833610003130 32692 1 3
PostSend 5163833610098576 32693 1 2
PostSend 5163833610100674 32692 1 2
PostSend 5163833610197494 32693 1 0
PostSend 5163833610200330 32692 1 0
PostSend 5163833610298394 32693 1 1
PostSend 5163833610300423 32692 1 1
PostSend 5163833610403324 32692 1 3
PostSend 5163833610406349 32693 1 3
PostSend 5163833610500304 32692 1 2
PostSend 5163833610502599 32693 1 2
PostSend 5163833610601903 32692 1 0
PostSend 5163833610604191 32693 1 0
PostSend 5163833610701908 32692 1 1
PostSend 5163833610704326 32693 1 1
PostSend 5163833610806904 32692 1 3
PostSend 5163833610809046 32693 1 3
PostSend 5163833610905702 32693 1 2
PostSend 5163833610908138 32692 1 2
PostSend 5163833611005508 32692 1 0
PostSend 5163833611007452 32693 1 0
PostSend 5163833611104016 32693 1 1
PostSend 5163833611105999 32692 1 1
PostSend 5163833611209407 32692 1 3
PostSend 5163833611211503 32693 1 3
PostSend 5163833611313847 32693 1 2
PostSend 5163833611316407 32692 1 2
PostSend 5163833611409767 32693 1 0
PostSend 5163833611411820 32692 1 0
PostSend 5163833611509067 32692 1 1
PostSend 5163833611511082 32693 1 1
PostSend 5163833611616259 32693 1 3
PostSend 5163833611618282 32692 1 3
PostSend 5163833611710821 32692 1 2
PostSend 5163833611712992 32693 1 2
PostSend 5163833611811560 32692 1 0
PostSend 5163833611813532 32693 1 0
PostSend 5163833611909820 32692 1 1
PostSend 5163833611911833 32693 1 1
PostSend 5163833612009322 32693 1 3
PostSend 5163833612011301 32692 1 3
PostSend 5163833612104283 32693 1 2
PostSend 5163833612106697 32692 1 2
PostSend 5163833612191698 32693 1 0
PostSend 5163833612194183 32692 1 0
PostSend 5163833612541512 32693 1 0
PostSend 5163833612543775 32692 1 0
PostSend 5163833612544748 32693 1 1
PostSend 5163833612546511 32692 1 1
PostSend 5163833612548213 32693 1 2
PostSend 5163833612549908 32692 1 2
PostSend 5163833612555193 32693 1 3
PostSend 5163833612558352 32692 1 3
PostSend 5163833612718543 32693 1 0
PostSend 5163833612720593 32692 1 0
PostSend 5163833612826435 32692 1 1
PostSend 5163833612828476 32693 1 1
PostSend 5163833612926324 32693 1 2
PostSend 5163833612928578 32692 1 2
PostSend 5163833613028557 32692 1 3
PostSend 5163833613030600 32693 1 3
PostSend 5163833613126648 32692 1 0
PostSend 5163833613129284 32693 1 0
PostSend 5163833613234579 32693 1 1
PostSend 5163833613237001 32692 1 1
PostSend 5163833613327572 32693 1 2
PostSend 5163833613329999 32692 1 2
PostSend 5163833613428907 32692 1 3
PostSend 5163833613430877 32693 1 3
PostSend 5163833613524374 32693 1 0
PostSend 5163833613526371 32692 1 0
PostSend 5163833613628460 32693 1 1
PostSend 5163833613631096 32692 1 1
PostSend 5163833613725394 32692 1 2
PostSend 5163833613727481 32693 1 2
PostSend 5163833613824017 32692 1 3
PostSend 5163833613826336 32693 1 3
PostSend 5163833613921592 32693 1 0
PostSend 5163833613924046 32692 1 0
PostSend 5163833614027404 32693 1 1
PostSend 5163833614029608 32692 1 1
PostSend 5163833614125207 32692 1 2
PostSend 5163833614127893 32693 1 2
PostSend 5163833614221591 32693 1 3
PostSend 5163833614224474 32692 1 3
PostSend 5163833614319126 32693 1 0
PostSend 5163833614321603 32692 1 0
PostSend 5163833614424344 32692 1 1
PostSend 5163833614427002 32693 1 1
PostSend 5163833614521388 32692 1 2
PostSend 5163833614523513 32693 1 2
PostSend 5163833614617999 32692 1 3
PostSend 5163833614620473 32693 1 3
PostSend 5163833614715347 32693 1 0
PostSend 5163833614718070 32692 1 0
PostSend 5163833614817776 32693 1 1
PostSend 5163833614819926 32692 1 1
PostSend 5163833614917939 32692 1 2
PostSend 5163833614920578 32693 1 2
PostSend 5163833615018124 32692 1 3
PostSend 5163833615020074 32693 1 3
PostSend 5163833615116391 32692 1 0
PostSend 5163833615119415 32693 1 0
PostSend 5163833615221288 32692 1 1
PostSend 5163833615223317 32693 1 1
PostSend 5163833615363473 32693 1 2
PostSend 5163833615368462 32692 1 2
PostSend 5163833615478216 32692 1 0
PostSend 5163833615480711 32693 1 0
PostSend 5163833615555933 32692 1 3
PostSend 5163833615557917 32693 1 3
PostSend 5163833615659529 32693 1 1
PostSend 5163833615661972 32692 1 1
PostSend 5163833615741551 32693 1 2
PostSend 5163833615744166 32692 1 2
PostSend 5163833615839891 32692 1 0
PostSend 5163833615842377 32693 1 0
PostSend 5163833615939641 32693 1 3
PostSend 5163833615942182 32692 1 3
PostSend 5163833616043376 32692 1 1
PostSend 5163833616046768 32693 1 1
PostSend 5163833616143907 32692 1 2
PostSend 5163833616146132 32693 1 2
PostSend 5163833616242243 32693 1 0
PostSend 5163833616244385 32692 1 0
PostSend 5163833616341354 32692 1 3
PostSend 5163833616343514 32693 1 3
PostSend 5163833616450666 32692 1 1
PostSend 5163833616452684 32693 1 1
PostSend 5163833616561792 32692 1 0
PostSend 5163833616566713 32693 1 0
PostSend 5163833616644497 32693 1 2
PostSend 5163833616646966 32692 1 2
PostSend 5163833616744041 32693 1 3
PostSend 5163833616746371 32692 1 3
PostSend 5163833616845690 32692 1 1
PostSend 5163833616847868 32693 1 1
PostSend 5163833616952584 32693 1 0
PostSend 5163833616954628 32692 1 0
PostSend 5163833617084337 32693 1 2
PostSend 5163833617086337 32692 1 2
PostSend 5163833617184860 32692 1 3
PostSend 5163833617186852 32693 1 3
PostSend 5163833617327116 32692 1 1
PostSend 5163833617329340 32693 1 1
PostSend 5163833617428750 32692 1 0
PostSend 5163833617431513 32693 1 0
PostSend 5163833617565879 32693 1 2
PostSend 5163833617568258 32692 1 2
PostSend 5163833617665770 32693 1 3
PostSend 5163833617668195 32692 1 3
PostSend 5163833617807549 32693 1 1
PostSend 5163833617809533 32692 1 1
PostSend 5163833617906386 32693 1 0
PostSend 5163833617908804 32692 1 0
PostSend 5163833618045175 32693 1 2
PostSend 5163833618047619 32692 1 2
PostSend 5163833618140318 32692 1 3
PostSend 5163833618142291 32693 1 3
PostSend 5163833618239285 32692 1 1
PostSend 5163833618241256 32693 1 1
PostSend 5163833618334267 32693 1 0
PostSend 5163833618337103 32692 1 0
PostSend 5163833618424210 32693 1 2
PostSend 5163833618426974 32692 1 2
PostSend 5163833618773154 32693 1 0
PostSend 5163833618775229 32692 1 0
PostSend 5163833618776182 32693 1 1
PostSend 5163833618777979 32692 1 1
PostSend 5163833618779714 32693 1 2
PostSend 5163833618781707 32692 1 2
PostSend 5163833618787297 32693 1 3
PostSend 5163833618790399 32692 1 3
PostSend 5163833618950715 32693 1 0
PostSend 5163833618953171 32692 1 0
PostSend 5163833619056803 32692 1 1
PostSend 5163833619058783 32693 1 1
PostSend 5163833619165317 32692 1 2
PostSend 5163833619167301 32693 1 2
PostSend 5163833619312017 32692 1 0
PostSend 5163833619314759 32693 1 0
PostSend 5163833619378173 32692 1 3
PostSend 5163833619380461 32693 1 3
PostSend 5163833619453853 32692 1 1
PostSend 5163833619456113 32693 1 1
PostSend 5163833619551593 32693 1 2
PostSend 5163833619553591 32692 1 2
PostSend 5163833619652083 32692 1 0
PostSend 5163833619654140 32693 1 0
PostSend 5163833619749785 32693 1 3
PostSend 5163833619751951 32692 1 3
PostSend 5163833619854121 32692 1 1
PostSend 5163833619856111 32693 1 1
PostSend 5163833619961273 32692 1 2
PostSend 5163833619963296 32693 1 2
PostSend 5163833620049220 32693 1 0
PostSend 5163833620051797 32692 1 0
PostSend 5163833620153483 32693 1 3
PostSend 5163833620155486 32692 1 3
PostSend 5163833620294655 32693 1 1
PostSend 5163833620297696 32692 1 1
PostSend 5163833620363374 32693 1 2
PostSend 5163833620366014 32692 1 2
PostSend 5163833620444845 32692 1 0
PostSend 5163833620446869 32693 1 0
PostSend 5163833620541342 32693 1 3
PostSend 5163833620543469 32692 1 3
PostSend 5163833620646926 32693 1 1
PostSend 5163833620649175 32692 1 1
PostSend 5163833620740072 32693 1 2
PostSend 5163833620742908 32692 1 2
PostSend 5163833620837807 32692 1 0
PostSend 5163833620839948 32693 1 0
PostSend 5163833620939572 32692 1 3
PostSend 5163833620941614 32693 1 3
PostSend 5163833621042862 32692 1 1
PostSend 5163833621045182 32693 1 1
PostSend 5163833621141873 32692 1 2
PostSend 5163833621144575 32693 1 2
PostSend 5163833621241826 32692 1 0
PostSend 5163833621244200 32693 1 0
PostSend 5163833621337474 32693 1 3
PostSend 5163833621340215 32692 1 3
PostSend 5163833621446443 32693 1 1
PostSend 5163833621449153 32692 1 1
PostSend 5163833621588919 32693 1 0
PostSend 5163833621593734 32692 1 0
PostSend 5163833621723885 32693 1 2
PostSend 5163833621728860 32692 1 2
PostSend 5163833621800692 32693 1 1
PostSend 5163833621805394 32692 1 1
PostSend 5163833621884674 32693 1 0
PostSend 5163833621887632 32692 1 0
PostSend 5163833621964460 32693 1 3
PostSend 5163833621967140 32692 1 3
PostSend 5163833622064464 32693 1 2
PostSend 5163833622066693 32692 1 2
PostSend 5163833622162355 32693 1 1
PostSend 5163833622164335 32692 1 1
PostSend 5163833622265228 32693 1 0
PostSend 5163833622268827 32692 1 0
PostSend 5163833622367632 32692 1 3
PostSend 5163833622369628 32693 1 3
PostSend 5163833622465172 32693 1 2
PostSend 5163833622467197 32692 1 2
PostSend 5163833622567837 32693 1 1
PostSend 5163833622570671 32692 1 1
PostSend 5163833622671746 32693 1 0
PostSend 5163833622673738 32692 1 0
PostSend 5163833622770188 32693 1 3
PostSend 5163833622772365 32692 1 3
PostSend 5163833622868815 32693 1 2
PostSend 5163833622870913 32692 1 2
PostSend 5163833622969424 32693 1 1
PostSend 5163833622971424 32692 1 1
PostSend 5163833623076075 32693 1 0
PostSend 5163833623078106 32692 1 0
PostSend 5163833623177628 32692 1 3
PostSend 5163833623179623 32693 1 3
PostSend 5163833623283014 32693 1 2
PostSend 5163833623285230 32692 1 2
PostSend 5163833623374743 32692 1 1
PostSend 5163833623377172 32693 1 1
PostSend 5163833623481049 32693 1 0
PostSend 5163833623483912 32692 1 0
PostSend 5163833623580260 32692 1 3
PostSend 5163833623582989 32693 1 3
PostSend 5163833623679202 32693 1 2
PostSend 5163833623681720 32692 1 2
PostSend 5163833623780934 32693 1 1
PostSend 5163833623782954 32692 1 1
PostSend 5163833623885393 32693 1 0
PostSend 5163833623887895 32692 1 0
PostSend 5163833623984764 32692 1 3
PostSend 5163833623987397 32693 1 3
PostSend 5163833624085068 32693 1 2
PostSend 5163833624087085 32692 1 2
PostSend 5163833624180963 32693 1 1
PostSend 5163833624183401 32692 1 1
PostSend 5163833624279373 32693 1 0
PostSend 5163833624281389 32692 1 0
PostSend 5163833624366223 32692 1 3
PostSend 5163833624368310 32693 1 3
PostSend 5163833624453500 32692 1 2
PostSend 5163833624455702 32693 1 2
PostSend 5163833624794003 32693 1 0
PostSend 5163833624796350 32692 1 0
PostSend 5163833624797327 32693 1 1
PostSend 5163833624798423 32692 1 1
PostSend 5163833624800184 32693 1 2
PostSend 5163833624801924 32692 1 2
PostSend 5163833624806913 32693 1 3
PostSend 5163833624809664 32692 1 3
PostSend 5163833624963590 32693 1 0
PostSend 5163833624965833 32692 1 0
PostSend 5163833625067678 32693 1 1
PostSend 5163833625069686 32692 1 1
PostSend 5163833625168194 32693 1 2
PostSend 5163833625170186 32692 1 2
PostSend 5163833625267014 32693 1 3
PostSend 5163833625269058 32692 1 3
PostSend 5163833625361911 32693 1 0
PostSend 5163833625364869 32692 1 0
PostSend 5163833625467620 32693 1 1
PostSend 5163833625469667 32692 1 1
PostSend 5163833625565778 32692 1 2
PostSend 5163833625568118 32693 1 2
PostSend 5163833625664702 32692 1 3
PostSend 5163833625667365 32693 1 3
PostSend 5163833625762885 32692 1 0
PostSend 5163833625766043 32693 1 0
PostSend 5163833625867528 32693 1 1
PostSend 5163833625870590 32692 1 1
PostSend 5163833625966676 32693 1 2
PostSend 5163833625968732 32692 1 2
PostSend 5163833626066773 32693 1 3
PostSend 5163833626068827 32692 1 3
PostSend 5163833626163758 32693 1 0
PostSend 5163833626167519 32692 1 0
PostSend 5163833626269185 32692 1 1
PostSend 5163833626271381 32693 1 1
PostSend 5163833626364411 32693 1 2
PostSend 5163833626367664 32692 1 2
PostSend 5163833626460415 32693 1 3
PostSend 5163833626464085 32692 1 3
PostSend 5163833626562207 32693 1 0
PostSend 5163833626564569 32692 1 0
PostSend 5163833626665090 32692 1 1
PostSend 5163833626667472 32693 1 1
PostSend 5163833626765034 32693 1 2
PostSend 5163833626767736 32692 1 2
PostSend 5163833626863180 32693 1 3
PostSend 5163833626865296 32692 1 3
PostSend 5163833626963692 32692 1 0
PostSend 5163833626965933 32693 1 0
PostSend 5163833627067525 32692 1 1
PostSend 5163833627070126 32693 1 1
PostSend 5163833627166288 32692 1 2
PostSend 5163833627168284 32693 1 2
PostSend 5163833627267853 32692 1 3
PostSend 5163833627269899 32693 1 3
PostSend 5163833627367554 32693 1 0
PostSend 5163833627370846 32692 1 0
PostSend 5163833627472978 32693 1 1
PostSend 5163833627475022 32692 1 1
PostSend 5163833627627715 32693 1 2
PostSend 5163833627631729 32692 1 2
PostSend 5163833627744090 32693 1 0
PostSend 5163833627747829 32692 1 0
PostSend 5163833627822399 32693 1 1
PostSend 5163833627825687 32692 1 1
PostSend 5163833627907812 32693 1 3
PostSend 5163833627910208 32692 1 3
PostSend 5163833627995281 32693 1 2
PostSend 5163833627998183 32692 1 2
PostSend 5163833628097882 32693 1 0
PostSend 5163833628100033 32692 1 0
PostSend 5163833628196758 32693 1 1
PostSend 5163833628201367 32692 1 1
PostSend 5163833628303196 32692 1 3
PostSend 5163833628305188 32693 1 3
PostSend 5163833628403315 32692 1 2
PostSend 5163833628405454 32693 1 2
PostSend 5163833628502506 32693 1 0
PostSend 5163833628504961 32692 1 0
PostSend 5163833628628108 32692 1 1
PostSend 5163833628630820 32693 1 1
PostSend 5163833628738764 32692 1 3
PostSend 5163833628741030 32693 1 3
PostSend 5163833628843330 32693 1 2
PostSend 5163833628845310 32692 1 2
PostSend 5163833628946389 32693 1 0
PostSend 5163833628948852 32692 1 0
PostSend 5163833629046879 32693 1 1
PostSend 5163833629049394 32692 1 1
PostSend 5163833629154636 32693 1 3
PostSend 5163833629156671 32692 1 3
PostSend 5163833629265795 32693 1 2
PostSend 5163833629267962 32692 1 2
PostSend 5163833629385451 32692 1 0
PostSend 5163833629387424 32693 1 0
PostSend 5163833629503102 32692 1 1
PostSend 5163833629505197 32693 1 1
PostSend 5163833629621091 32693 1 3
PostSend 5163833629623267 32692 1 3
PostSend 5163833629723576 32692 1 2
PostSend 5163833629726100 32693 1 2
PostSend 5163833629822664 32693 1 0
PostSend 5163833629825182 32692 1 0
PostSend 5163833629931653 32692 1 1
PostSend 5163833629934506 32693 1 1
PostSend 5163833630029077 32693 1 3
PostSend 5163833630031477 32692 1 3
PostSend 5163833630126170 32692 1 2
PostSend 5163833630128225 32693 1 2
PostSend 5163833630225649 32693 1 0
PostSend 5163833630228105 32692 1 0
PostSend 5163833630321181 32693 1 1
PostSend 5163833630324324 32692 1 1
PostSend 5163833630424495 32693 1 3
PostSend 5163833630426805 32692 1 3
PostSend 5163833630518105 32692 1 2
PostSend 5163833630520826 32693 1 2
PostSend 5163833630604793 32693 1 0
PostSend 5163833630607696 32692 1 0
PostSend 5163833630943635 32693 1 0
PostSend 5163833630945684 32692 1 0
PostSend 5163833630946644 32693 1 1
PostSend 5163833630948426 32692 1 1
PostSend 5163833630950210 32693 1 2
PostSend 5163833630951963 32692 1 2
PostSend 5163833630959765 32692 1 3
PostSend 5163833630963271 32693 1 3
PostSend 5163833631113113 32693 1 0
PostSend 5163833631115255 32692 1 0
PostSend 5163833631219362 32693 1 1
PostSend 5163833631221507 32692 1 1
PostSend 5163833631320631 32693 1 2
PostSend 5163833631322604 32692 1 2
PostSend 5163833631421235 32692 1 3
PostSend 5163833631423430 32693 1 3
PostSend 5163833631521806 32692 1 0
PostSend 5163833631523922 32693 1 0
PostSend 5163833631631566 32693 1 1
PostSend 5163833631633834 32692 1 1
PostSend 5163833631731805 32692 1 2
PostSend 5163833631733838 32693 1 2
PostSend 5163833631830396 32692 1 3
PostSend 5163833631833075 32693 1 3
PostSend 5163833631930523 32693 1 0
PostSend 5163833631933547 32692 1 0
PostSend 5163833632036161 32693 1 1
PostSend 5163833632038218 32692 1 1
PostSend 5163833632135171 32693 1 2
PostSend 5163833632137214 32692 1 2
PostSend 5163833632232048 32693 1 3
PostSend 5163833632234989 32692 1 3
PostSend 5163833632330817 32693 1 0
PostSend 5163833632333846 32692 1 0
PostSend 5163833632433850 32692 1 1
PostSend 5163833632435946 32693 1 1
PostSend 5163833632529878 32693 1 2
PostSend 5163833632535667 32692 1 2
PostSend 5163833632627311 32693 1 3
PostSend 5163833632630447 32692 1 3
PostSend 5163833632727845 32693 1 0
PostSend 5163833632730367 32692 1 0
PostSend 5163833632832708 32693 1 1
PostSend 5163833632834864 32692 1 1
PostSend 5163833632931373 32693 1 2
PostSend 5163833632934665 32692 1 2
PostSend 5163833633029037 32693 1 3
PostSend 5163833633031195 32692 1 3
PostSend 5163833633130335 32693 1 0
PostSend 5163833633132555 32692 1 0
PostSend 5163833633234234 32693 1 1
PostSend 5163833633236539 32692 1 1
PostSend 5163833633329930 32693 1 2
PostSend 5163833633331921 32692 1 2
PostSend 5163833633432321 32692 1 3
PostSend 5163833633434428 32693 1 3
PostSend 5163833633530211 32693 1 0
PostSend 5163833633535774 32692 1 0
PostSend 5163833633637255 32692 1 1
PostSend 5163833633639689 32693 1 1
PostSend 5163833633785140 32692 1 2
PostSend 5163833633787629 32693 1 2
PostSend 5163833633899995 32693 1 0
PostSend 5163833633902647 32692 1 0
PostSend 5163833633976863 32693 1 1
PostSend 5163833633979336 32692 1 1
PostSend 5163833634072255 32692 1 3
PostSend 5163833634077108 32693 1 2
PostSend 5163833634158263 32693 1 3
PostSend 5163833634160642 32692 1 2
PostSend 5163833634258194 32693 1 0
PostSend 5163833634260783 32692 1 0
PostSend 5163833634357062 32693 1 1
PostSend 5163833634359886 32692 1 1
PostSend 5163833634465893 32693 1 2
PostSend 5163833634467894 32692 1 3
PostSend 5163833634564840 32692 1 2
PostSend 5163833634567364 32693 1 3
PostSend 5163833634664331 32693 1 0
PostSend 5163833634666848 32692 1 0
PostSend 5163833634765188 32693 1 1
PostSend 5163833634767688 32692 1 1
PostSend 5163833634871320 32693 1 2
PostSend 5163833634873652 32692 1 3
PostSend 5163833634969031 32693 1 3
PostSend 5163833634971670 32692 1 2
PostSend 5163833635069041 32693 1 0
PostSend 5163833635072801 32692 1 0
PostSend 5163833635170369 32693 1 1
PostSend 5163833635173268 32692 1 1
PostSend 5163833635275813 32692 1 3
PostSend 5163833635277846 32693 1 2
PostSend 5163833635372787 32693 1 3
PostSend 5163833635374806 32692 1 2
PostSend 5163833635474714 32692 1 0
PostSend 5163833635476852 32693 1 0
PostSend 5163833635574726 32693 1 1
PostSend 5163833635576901 32692 1 1
PostSend 5163833635679829 32692 1 3
PostSend 5163833635682115 32693 1 2
PostSend 5163833635779328 32693 1 3
PostSend 5163833635781963 32692 1 2
PostSend 5163833635876538 32693 1 0
PostSend 5163833635878956 32692 1 0
PostSend 5163833635976223 32693 1 1
PostSend 5163833635978505 32692 1 1
PostSend 5163833636084919 32692 1 3
PostSend 5163833636087618 32693 1 2
PostSend 5163833636185354 32692 1 2
PostSend 5163833636188350 32693 1 3
PostSend 5163833636283791 32693 1 0
PostSend 5163833636286036 32692 1 0
PostSend 5163833636381281 32693 1 1
PostSend 5163833636383628 32692 1 1
PostSend 5163833636484617 32693 1 2
PostSend 5163833636487444 32692 1 3
PostSend 5163833636584458 32693 1 3
PostSend 5163833636588018 32692 1 2
PostSend 5163833636678884 32693 1 0
PostSend 5163833636681774 32692 1 0
PostSend 5163833645766052 32693 1 0
PostSend 5163833645769217 32692 1 0
PostSend 5163833645814551 32693 1 1
PostSend 5163833645824463 32692 1 1
PostSend 5163833645926172 32692 1 0
PostSend 5163833645933963 32693 1 0
PostSend 5163833646008901 32692 1 2
PostSend 5163833646011716 32693 1 2
PostSend 5163833646093795 32692 1 1
PostSend 5163833646096201 32693 1 1
PostSend 5163833646155797 32693 1 0
PostSend 5163833646158355 32692 1 0
PostSend 5163833646219546 32693 1 3
PostSend 5163833646222732 32692 1 2
PostSend 5163833646287173 32692 1 3
PostSend 5163833646289548 32693 1 2
PostSend 5163833646390012 32693 1 1
PostSend 5163833646392415 32692 1 1
PostSend 5163833646494900 32693 1 0
PostSend 5163833646497614 32692 1 0
PostSend 5163833646621003 32693 1 3
PostSend 5163833646623556 32692 1 2
PostSend 5163833646756556 32693 1 2
PostSend 5163833646759487 32692 1 3
PostSend 5163833646834987 32693 1 1
PostSend 5163833646837437 32692 1 1
PostSend 5163833646943241 32693 1 0
PostSend 5163833646946188 32692 1 0
PostSend 5163833647078878 32692 1 2
PostSend 5163833647081467 32693 1 3
PostSend 5163833647175891 32693 1 2
PostSend 5163833647179622 32692 1 3
PostSend 5163833647275978 32692 1 1
PostSend 5163833647278469 32693 1 1
PostSend 5163833647414631 32693 1 0
PostSend 5163833647417436 32692 1 0
PostSend 5163833647512749 32692 1 2
PostSend 5163833647515093 32693 1 3
PostSend 5163833647617277 32692 1 3
PostSend 5163833647619920 32693 1 2
PostSend 5163833647744801 32692 1 1
PostSend 5163833647747124 32693 1 1
PostSend 5163833647854433 32693 1 0
PostSend 5163833647858413 32692 1 0
PostSend 5163833647944052 32693 1 3
PostSend 5163833647946943 32692 1 2
PostSend 5163833648079152 32693 1 2
PostSend 5163833648082051 32692 1 3
PostSend 5163833648178155 32692 1 1
PostSend 5163833648180535 32693 1 1
PostSend 5163833648293519 32693 1 0
PostSend 5163833648295883 32692 1 0
PostSend 5163833648414749 32692 1 2
PostSend 5163833648417048 32693 1 3
PostSend 5163833648514639 32693 1 2
PostSend 5163833648517046 32692 1 3
PostSend 5163833648614451 32693 1 1
PostSend 5163833648616955 32692 1 1
PostSend 5163833648741150 32693 1 0
PostSend 5163833648743661 32692 1 0
PostSend 5163833648916557 32693 1 2
PostSend 5163833648922111 32692 1 2
PostSend 5163833649032566 32693 1 1
PostSend 5163833649036264 32692 1 1
PostSend 5163833649112856 32693 1 3
PostSend 5163833649118536 32692 1 3
PostSend 5163833649222861 32693 1 0
PostSend 5163833649225197 32692 1 0
PostSend 5163833649306672 32692 1 2
PostSend 5163833649309149 32693 1 2
PostSend 5163833649416664 32693 1 1
PostSend 5163833649418950 32692 1 1
PostSend 5163833649518896 32693 1 3
PostSend 5163833649521697 32692 1 3
PostSend 5163833649622447 32693 1 0
PostSend 5163833649625256 32692 1 0
PostSend 5163833649756405 32693 1 2
PostSend 5163833649759032 32692 1 2
PostSend 5163833649859374 32693 1 1
PostSend 5163833649861733 32692 1 1
PostSend 5163833649960759 32692 1 3
PostSend 5163833649963249 32693 1 3
PostSend 5163833650099024 32693 1 0
PostSend 5163833650101381 32692 1 0
PostSend 5163833650196727 32693 1 2
PostSend 5163833650199210 32692 1 2
PostSend 5163833650297537 32693 1 1
PostSend 5163833650299856 32692 1 1
PostSend 5163833650428179 32693 1 3
PostSend 5163833650430553 32692 1 3
PostSend 5163833650536845 32692 1 0
PostSend 5163833650539315 32693 1 0
PostSend 5163833650635931 32692 1 2
PostSend 5163833650638346 32693 1 2
PostSend 5163833650762000 32693 1 1
PostSend 5163833650764601 32692 1 1
PostSend 5163833650872177 32693 1 3
PostSend 5163833650874844 32692 1 3
PostSend 5163833650975670 32692 1 0
PostSend 5163833650978428 32693 1 0
PostSend 5163833651097912 32693 1 2
PostSend 5163833651100204 32692 1 2
PostSend 5163833651211015 32693 1 1
PostSend 5163833651214594 32692 1 1
PostSend 5163833651309130 32693 1 3
PostSend 5163833651311679 32692 1 3
PostSend 5163833651428439 32692 1 0
PostSend 5163833651432782 32693 1 0
PostSend 5163833651542338 32693 1 2
PostSend 5163833651544747 32692 1 2
PostSend 5163833651634308 32692 1 1
PostSend 5163833651636703 32693 1 1
PostSend 5163833651724916 32692 1 3
PostSend 5163833651727264 32693 1 3
PostSend 5163833651817565 32693 1 0
PostSend 5163833651819982 32692 1 0
PostSend 5163833651903763 32693 1 2
PostSend 5163833651906277 32692 1 2
PostSend 5163833651991609 32693 1 1
PostSend 5163833651994028 32692 1 1
PollCq 5163833542507799 32692 1 0
PollCq 5163833542512756 32693 1 0
PollCq 5163833542607989 32692 1 1
PollCq 5163833542611984 32693 1 1
PollCq 5163833542704686 32692 1 2
PollCq 5163833542707420 32693 1 2
PollCq 5163833542803764 32692 1 3
PollCq 5163833542804306 32693 1 3
PollCq 5163833542903748 32693 1 0
PollCq 5163833542907047 32692 1 0
PollCq 5163833543008489 32692 1 1
PollCq 5163833543008983 32693 1 1
PollCq 5163833543105972 32693 1 2
PollCq 5163833543106247 32692 1 2
PollCq 5163833543205354 32692 1 3
PollCq 5163833543205591 32693 1 3
PollCq 5163833543304241 32692 1 0
PollCq 5163833543304793 32693 1 0
PollCq 5163833543408806 32692 1 1
PollCq 5163833543409283 32693 1 1
PollCq 5163833543507723 32692 1 2
PollCq 5163833543508557 32693 1 2
PollCq 5163833543606654 32692 1 3
PollCq 5163833543607359 32693 1 3
PollCq 5163833543705854 32692 1 0
PollCq 5163833543706330 32693 1 0
PollCq 5163833543810861 32692 1 1
PollCq 5163833543811254 32693 1 1
PollCq 5163833543908938 32693 1 2
PollCq 5163833543909452 32692 1 2
PollCq 5163833544008349 32692 1 3
PollCq 5163833544008952 32693 1 3
PollCq 5163833544106358 32692 1 0
PollCq 5163833544107940 32693 1 0
PollCq 5163833544210975 32692 1 1
PollCq 5163833544211370 32693 1 1
PollCq 5163833544310679 32692 1 2
PollCq 5163833544311061 32693 1 2
PollCq 5163833544408994 32692 1 3
PollCq 5163833544409632 32693 1 3
PollCq 5163833544510121 32693 1 0
PollCq 5163833544510490 32692 1 0
PollCq 5163833544615045 32693 1 1
PollCq 5163833544615441 32692 1 1
PollCq 5163833544713283 32692 1 2
PollCq 5163833544713475 32693 1 2
PollCq 5163833544812665 32693 1 3
PollCq 5163833544813055 32692 1 3
PollCq 5163833544912529 32693 1 0
PollCq 5163833544913502 32692 1 0
PollCq 5163833545017613 32693 1 1
PollCq 5163833545018270 32692 1 1
PollCq 5163833545117207 32693 1 2
PollCq 5163833545117548 32692 1 2
PollCq 5163833545218904 32693 1 3
PollCq 5163833545219739 32692 1 3
PollCq 5163833545319637 32693 1 0
PollCq 5163833545320106 32692 1 0
PollCq 5163833545425883 32693 1 1
PollCq 5163833545426088 32692 1 1
PollCq 5163833545527652 32692 1 2
PollCq 5163833545527867 32693 1 2
PollCq 5163833545626932 32693 1 0
PollCq 5163833545627598 32692 1 0
PollCq 5163833545727519 32693 1 1
PollCq 5163833545729756 32692 1 1
PollCq 5163833545834109 32693 1 3
PollCq 5163833545834343 32692 1 2
PollCq 5163833545934553 32693 1 2
PollCq 5163833545934982 32692 1 3
PollCq 5163833546034091 32693 1 0
PollCq 5163833546035002 32692 1 0
PollCq 5163833546134765 32693 1 1
PollCq 5163833546134950 32692 1 1
PollCq 5163833546240723 32693 1 3
PollCq 5163833546241439 32692 1 2
PollCq 5163833546340645 32693 1 2
PollCq 5163833546340851 32692 1 3
PollCq 5163833546441540 32693 1 0
PollCq 5163833546442595 32692 1 0
PollCq 5163833546542952 32692 1 1
PollCq 5163833546543153 32693 1 1
PollCq 5163833546650220 32693 1 3
PollCq 5163833546650433 32692 1 2
PollCq 5163833546750262 32693 1 2
PollCq 5163833546750577 32692 1 3
PollCq 5163833546851886 32693 1 0
PollCq 5163833546852369 32692 1 0
PollCq 5163833546954019 32693 1 1
PollCq 5163833546954203 32692 1 1
PollCq 5163833547059967 32692 1 2
PollCq 5163833547060163 32693 1 3
PollCq 5163833547159678 32692 1 3
PollCq 5163833547160111 32693 1 2
PollCq 5163833547259643 32692 1 0
PollCq 5163833547260063 32693 1 0
PollCq 5163833547358580 32692 1 1
PollCq 5163833547359004 32693 1 1
PollCq 5163833547461618 32692 1 2
PollCq 5163833547461805 32693 1 3
PollCq 5163833547560003 32692 1 3
PollCq 5163833547561102 32693 1 2
PollCq 5163833547659273 32692 1 0
PollCq 5163833547659466 32693 1 0
PollCq 5163833547758539 32693 1 1
PollCq 5163833547758757 32692 1 1
PollCq 5163833547861834 32693 1 3
PollCq 5163833547862036 32692 1 2
PollCq 5163833547959178 32693 1 2
PollCq 5163833547959361 32692 1 3
PollCq 5163833548056663 32693 1 0
PollCq 5163833548057760 32692 1 0
PollCq 5163833548152097 32692 1 1
PollCq 5163833548152313 32693 1 1
PollCq 5163833548251825 32692 1 2
PollCq 5163833548252656 32693 1 3
PollCq 5163833548351141 32692 1 3
PollCq 5163833548351329 32693 1 2
PollCq 5163833548451488 32692 1 0
PollCq 5163833548452255 32693 1 0
PollCq 5163833548649793 32693 1 0
PollCq 5163833548650226 32692 1 0
PollCq 5163833548753311 32693 1 1
PollCq 5163833548754188 32692 1 1
PollCq 5163833548849700 32693 1 2
PollCq 5163833548850090 32692 1 2
PollCq 5163833548946076 32693 1 3
PollCq 5163833548946833 32692 1 3
PollCq 5163833549044793 32693 1 0
PollCq 5163833549045488 32692 1 0
PollCq 5163833549148475 32693 1 1
PollCq 5163833549149420 32692 1 1
PollCq 5163833549245554 32693 1 2
PollCq 5163833549246201 32692 1 2
PollCq 5163833549343047 32693 1 3
PollCq 5163833549344005 32692 1 3
PollCq 5163833549441858 32693 1 0
PollCq 5163833549442557 32692 1 0
PollCq 5163833549545445 32693 1 1
PollCq 5163833549546126 32692 1 1
PollCq 5163833549642513 32693 1 2
PollCq 5163833549643166 32692 1 2
PollCq 5163833549739373 32693 1 3
PollCq 5163833549740257 32692 1 3
PollCq 5163833549838330 32693 1 0
PollCq 5163833549838741 32692 1 0
PollCq 5163833549941446 32693 1 1
PollCq 5163833549942133 32692 1 1
PollCq 5163833550037455 32693 1 2
PollCq 5163833550038061 32692 1 2
PollCq 5163833550134600 32693 1 3
PollCq 5163833550135494 32692 1 3
PollCq 5163833550233806 32693 1 0
PollCq 5163833550234186 32692 1 0
PollCq 5163833550336589 32693 1 1
PollCq 5163833550337260 32692 1 1
PollCq 5163833550433193 32693 1 2
PollCq 5163833550433570 32692 1 2
PollCq 5163833550535572 32693 1 3
PollCq 5163833550535810 32692 1 3
PollCq 5163833550631328 32692 1 0
PollCq 5163833550631524 32693 1 0
PollCq 5163833550734834 32692 1 1
PollCq 5163833550735032 32693 1 1
PollCq 5163833550832812 32692 1 2
PollCq 5163833550833003 32693 1 2
PollCq 5163833550931125 32693 1 3
PollCq 5163833550931788 32692 1 3
PollCq 5163833551028821 32693 1 0
PollCq 5163833551029015 32692 1 0
PollCq 5163833551134155 32693 1 1
PollCq 5163833551134633 32692 1 1
PollCq 5163833551231826 32693 1 2
PollCq 5163833551232015 32692 1 2
PollCq 5163833551331866 32693 1 3
PollCq 5163833551332068 32692 1 3
PollCq 5163833551431885 32693 1 0
PollCq 5163833551432658 32692 1 0
PollCq 5163833551540581 32692 1 1
PollCq 5163833551540812 32693 1 1
PollCq 5163833551636560 32692 1 2
PollCq 5163833551636869 32693 1 2
PollCq 5163833551735226 32693 1 0
PollCq 5163833551736100 32692 1 0
PollCq 5163833551835413 32693 1 3
PollCq 5163833551836260 32692 1 3
PollCq 5163833551939173 32693 1 1
PollCq 5163833551939586 32692 1 1
PollCq 5163833552038077 32693 1 2
PollCq 5163833552038481 32692 1 2
PollCq 5163833552140352 32693 1 0
PollCq 5163833552140536 32692 1 0
PollCq 5163833552241287 32693 1 3
PollCq 5163833552241716 32692 1 3
PollCq 5163833552348153 32693 1 1
PollCq 5163833552348553 32692 1 1
PollCq 5163833552447749 32693 1 2
PollCq 5163833552448416 32692 1 2
PollCq 5163833552550278 32693 1 0
PollCq 5163833552550944 32692 1 0
PollCq 5163833552651917 32693 1 3
PollCq 5163833552652153 32692 1 3
PollCq 5163833552758702 32692 1 1
PollCq 5163833552758902 32693 1 1
PollCq 5163833552857806 32692 1 2
PollCq 5163833552857998 32693 1 2
PollCq 5163833552957114 32693 1 0
PollCq 5163833552957786 32692 1 0
PollCq 5163833553057821 32693 1 3
PollCq 5163833553058034 32692 1 3
PollCq 5163833553162650 32692 1 1
PollCq 5163833553162854 32693 1 1
PollCq 5163833553261232 32693 1 2
PollCq 5163833553261636 32692 1 2
PollCq 5163833553361754 32693 1 0
PollCq 5163833553362212 32692 1 0
PollCq 5163833553461778 32693 1 3
PollCq 5163833553462462 32692 1 3
PollCq 5163833553567362 32692 1 1
PollCq 5163833553567563 32693 1 1
PollCq 5163833553666757 32693 1 2
PollCq 5163833553667147 32692 1 2
PollCq 5163833553766241 32693 1 0
PollCq 5163833553767272 32692 1 0
PollCq 5163833553865205 32693 1 3
PollCq 5163833553865427 32692 1 3
PollCq 5163833553969374 32693 1 1
PollCq 5163833553969807 32692 1 1
PollCq 5163833554063837 32693 1 2
PollCq 5163833554064356 32692 1 2
PollCq 5163833554158815 32693 1 0
PollCq 5163833554159923 32692 1 0
PollCq 5163833554254620 32693 1 3
PollCq 5163833554255206 32692 1 3
PollCq 5163833554350397 32693 1 1
PollCq 5163833554350973 32692 1 1
PollCq 5163833554465370 32693 1 2
PollCq 5163833554465583 32692 1 2
PollCq 5163833554570343 32693 1 0
PollCq 5163833554570919 32692 1 0
PollCq 5163833568824824 32692 1 0
PollCq 5163833568825508 32693 1 0
PollCq 5163833568930733 32692 1 1
PollCq 5163833568931294 32693 1 1
PollCq 5163833569030577 32692 1 0
PollCq 5163833569031223 32693 1 0
PollCq 5163833569131008 32692 1 2
PollCq 5163833569131889 32693 1 2
PollCq 5163833569229937 32693 1 1
PollCq 5163833569230135 32692 1 1
PollCq 5163833569336789 32692 1 0
PollCq 5163833569337005 32693 1 0
PollCq 5163833569433969 32693 1 3
PollCq 5163833569434155 32692 1 3
PollCq 5163833569536480 32692 1 2
PollCq 5163833569536677 32693 1 2
PollCq 5163833569633185 32693 1 1
PollCq 5163833569636124 32692 1 1
PollCq 5163833569736761 32693 1 0
PollCq 5163833569737245 32692 1 0
PollCq 5163833569833812 32693 1 3
PollCq 5163833569834789 32692 1 3
PollCq 5163833569933469 32693 1 2
PollCq 5163833569934597 32692 1 2
PollCq 5163833570033001 32692 1 1
PollCq 5163833570033195 32693 1 1
PollCq 5163833570137896 32692 1 0
PollCq 5163833570138083 32693 1 0
PollCq 5163833570234020 32692 1 3
PollCq 5163833570234504 32693 1 3
PollCq 5163833570333550 32692 1 2
PollCq 5163833570334007 32693 1 2
PollCq 5163833570433854 32692 1 1
PollCq 5163833570434041 32693 1 1
PollCq 5163833570536490 32692 1 0
PollCq 5163833570536678 32693 1 0
PollCq 5163833570633157 32692 1 3
PollCq 5163833570633579 32693 1 3
PollCq 5163833570731291 32692 1 2
PollCq 5163833570731997 32693 1 2
PollCq 5163833570829031 32692 1 1
PollCq 5163833570829271 32693 1 1
PollCq 5163833570932501 32692 1 0
PollCq 5163833570932698 32693 1 0
PollCq 5163833571030437 32692 1 3
PollCq 5163833571030625 32693 1 3
PollCq 5163833571128268 32692 1 2
PollCq 5163833571129287 32693 1 2
PollCq 5163833571227565 32692 1 1
PollCq 5163833571228032 32693 1 1
PollCq 5163833571333038 32692 1 0
PollCq 5163833571333246 32693 1 0
PollCq 5163833571429863 32692 1 3
PollCq 5163833571430272 32693 1 3
PollCq 5163833571529780 32692 1 2
PollCq 5163833571530441 32693 1 2
PollCq 5163833571630912 32692 1 1
PollCq 5163833571631307 32693 1 1
PollCq 5163833571735703 32692 1 0
PollCq 5163833571736067 32693 1 0
PollCq 5163833571835175 32692 1 2
PollCq 5163833571835414 32693 1 2
PollCq 5163833571936366 32692 1 1
PollCq 5163833571938072 32693 1 1
PollCq 5163833572037682 32692 1 0
PollCq 5163833572038410 32693 1 0
PollCq 5163833572142927 32692 1 2
PollCq 5163833572143394 32693 1 2
PollCq 5163833572242577 32692 1 3
PollCq 5163833572242766 32693 1 3
PollCq 5163833572343580 32692 1 1
PollCq 5163833572344422 32693 1 1
PollCq 5163833572443326 32692 1 0
PollCq 5163833572443739 32693 1 0
PollCq 5163833572549482 32692 1 2
PollCq 5163833572549888 32693 1 2
PollCq 5163833572647697 32692 1 3
PollCq 5163833572647884 32693 1 3
PollCq 5163833572746561 32692 1 1
PollCq 5163833572746975 32693 1 1
PollCq 5163833572846745 32692 1 0
PollCq 5163833572847254 32693 1 0
PollCq 5163833572952972 32692 1 2
PollCq 5163833572953667 32693 1 2
PollCq 5163833573052501 32692 1 3
PollCq 5163833573053349 32693 1 3
PollCq 5163833573153983 32692 1 1
PollCq 5163833573155007 32693 1 1
PollCq 5163833573253892 32692 1 0
PollCq 5163833573254917 32693 1 0
PollCq 5163833573359586 32692 1 2
PollCq 5163833573359795 32693 1 2
PollCq 5163833573458068 32692 1 3
PollCq 5163833573458253 32693 1 3
PollCq 5163833573557134 32692 1 1
PollCq 5163833573558002 32693 1 1
PollCq 5163833573655556 32692 1 0
PollCq 5163833573655912 32693 1 0
PollCq 5163833573759974 32692 1 2
PollCq 5163833573760694 32693 1 2
PollCq 5163833573857329 32692 1 3
PollCq 5163833573857741 32693 1 3
PollCq 5163833573955351 32692 1 1
PollCq 5163833573956374 32693 1 1
PollCq 5163833574052668 32692 1 0
PollCq 5163833574053170 32693 1 0
PollCq 5163833574154882 32692 1 2
PollCq 5163833574155565 32693 1 2
PollCq 5163833574250864 32692 1 3
PollCq 5163833574251061 32693 1 3
PollCq 5163833574339036 32692 1 1
PollCq 5163833574339403 32693 1 1
PollCq 5163833574426497 32692 1 0
PollCq 5163833574426858 32693 1 0
PollCq 5163833574518518 32692 1 2
PollCq 5163833574519070 32693 1 2
PollCq 5163833574604977 32692 1 3
PollCq 5163833574605521 32693 1 3
PollCq 5163833574691781 32692 1 1
PollCq 5163833574692399 32693 1 1
PollCq 5163833574984953 32693 1 0
PollCq 5163833574985202 32692 1 0
PollCq 5163833575091706 32692 1 1
PollCq 5163833575091920 32693 1 1
PollCq 5163833575190028 32693 1 2
PollCq 5163833575190727 32692 1 2
PollCq 5163833575287346 32693 1 0
PollCq 5163833575288034 32692 1 0
PollCq 5163833575388823 32692 1 1
PollCq 5163833575389004 32693 1 1
PollCq 5163833575493318 32692 1 3
PollCq 5163833575493736 32693 1 3
PollCq 5163833575590878 32693 1 2
PollCq 5163833575591100 32692 1 2
PollCq 5163833575686729 32692 1 0
PollCq 5163833575687058 32693 1 0
PollCq 5163833575785457 32692 1 1
PollCq 5163833575786010 32693 1 1
PollCq 5163833575887999 32692 1 3
PollCq 5163833575888891 32693 1 3
PollCq 5163833575985633 32692 1 2
PollCq 5163833575986052 32693 1 2
PollCq 5163833576083594 32692 1 0
PollCq 5163833576084168 32693 1 0
PollCq 5163833576182196 32692 1 1
PollCq 5163833576182857 32693 1 1
PollCq 5163833576285078 32692 1 3
PollCq 5163833576285556 32693 1 3
PollCq 5163833576381276 32692 1 2
PollCq 5163833576381687 32693 1 2
PollCq 5163833576478016 32692 1 0
PollCq 5163833576478889 32693 1 0
PollCq 5163833576575742 32692 1 1
PollCq 5163833576576152 32693 1 1
PollCq 5163833576683851 32692 1 3
PollCq 5163833576684566 32693 1 3
PollCq 5163833576817249 32692 1 2
PollCq 5163833576818704 32693 1 2
PollCq 5163833576915799 32692 1 0
PollCq 5163833576917603 32693 1 0
PollCq 5163833577053280 32692 1 1
PollCq 5163833577054114 32693 1 1
PollCq 5163833577158725 32693 1 3
PollCq 5163833577159177 32692 1 3
PollCq 5163833577294789 32692 1 2
PollCq 5163833577296754 32693 1 2
PollCq 5163833577392535 32692 1 0
PollCq 5163833577392914 32693 1 0
PollCq 5163833577528878 32692 1 1
PollCq 5163833577529562 32693 1 1
PollCq 5163833577634833 32692 1 3
PollCq 5163833577635335 32693 1 3
PollCq 5163833577770152 32692 1 2
PollCq 5163833577771059 32693 1 2
PollCq 5163833577873095 32692 1 0
PollCq 5163833577873839 32693 1 0
PollCq 5163833577973513 32692 1 1
PollCq 5163833577973975 32693 1 1
PollCq 5163833578079590 32692 1 3
PollCq 5163833578080263 32693 1 3
PollCq 5163833578178471 32692 1 0
PollCq 5163833578178686 32693 1 0
PollCq 5163833578279036 32692 1 1
PollCq 5163833578281207 32693 1 1
PollCq 5163833578379460 32692 1 2
PollCq 5163833578379916 32693 1 2
PollCq 5163833578485340 32692 1 0
PollCq 5163833578485749 32693 1 0
PollCq 5163833578585824 32693 1 3
PollCq 5163833578586030 32692 1 3
PollCq 5163833578685431 32692 1 1
PollCq 5163833578686112 32693 1 1
PollCq 5163833578785523 32692 1 2
PollCq 5163833578785902 32693 1 2
PollCq 5163833578890515 32692 1 0
PollCq 5163833578891150 32693 1 0
PollCq 5163833578988163 32692 1 3
PollCq 5163833578988353 32693 1 3
PollCq 5163833579087834 32692 1 1
PollCq 5163833579088475 32693 1 1
PollCq 5163833579188909 32692 1 2
PollCq 5163833579189107 32693 1 2
PollCq 5163833579292001 32692 1 0
PollCq 5163833579294113 32693 1 0
PollCq 5163833579391873 32692 1 3
PollCq 5163833579392104 32693 1 3
PollCq 5163833579491918 32692 1 1
PollCq 5163833579492414 32693 1 1
PollCq 5163833579592593 32693 1 2
PollCq 5163833579593023 32692 1 2
PollCq 5163833579697186 32693 1 0
PollCq 5163833579698138 32692 1 0
PollCq 5163833579796223 32693 1 3
PollCq 5163833579796690 32692 1 3
PollCq 5163833579896592 32693 1 1
PollCq 5163833579897650 32692 1 1
PollCq 5163833579995621 32693 1 2
PollCq 5163833579996505 32692 1 2
PollCq 5163833580099676 32693 1 0
PollCq 5163833580100062 32692 1 0
PollCq 5163833580199453 32693 1 3
PollCq 5163833580200126 32692 1 3
PollCq 5163833580299276 32693 1 1
PollCq 5163833580300167 32692 1 1
PollCq 5163833580399159 32693 1 2
PollCq 5163833580399821 32692 1 2
PollCq 5163833580504407 32693 1 0
PollCq 5163833580505070 32692 1 0
PollCq 5163833580600442 32693 1 3
PollCq 5163833580601094 32692 1 3
PollCq 5163833580696176 32693 1 1
PollCq 5163833580697147 32692 1 1
PollCq 5163833580792671 32693 1 2
PollCq 5163833580792907 32692 1 2
PollCq 5163833580887643 32693 1 0
PollCq 5163833580888234 32692 1 0
PollCq 5163833580981849 32692 1 3
PollCq 5163833580982041 32693 1 3
PollCq 5163833581069972 32693 1 1
PollCq 5163833581070701 32692 1 1
PollCq 5163833581653990 32692 1 0
PollCq 5163833581654668 32693 1 0
PollCq 5163833581749319 32693 1 1
PollCq 5163833581749623 32692 1 1
PollCq 5163833581840051 32693 1 0
PollCq 5163833581844762 32692 1 0
PollCq 5163833581935865 32693 1 1
PollCq 5163833581938964 32692 1 1
PollCq 5163833582035110 32693 1 0
PollCq 5163833582037253 32692 1 0
PollCq 5163833582139763 32693 1 2
PollCq 5163833582140446 32692 1 2
PollCq 5163833582238696 32693 1 1
PollCq 5163833582239540 32692 1 1
PollCq 5163833582336875 32693 1 3
PollCq 5163833582337536 32692 1 3
PollCq 5163833582436708 32693 1 0
PollCq 5163833582437048 32692 1 0
PollCq 5163833582540129 32693 1 2
PollCq 5163833582541745 32692 1 2
PollCq 5163833582638889 32693 1 1
PollCq 5163833582639563 32692 1 1
PollCq 5163833582737789 32693 1 3
PollCq 5163833582738442 32692 1 3
PollCq 5163833582835787 32693 1 0
PollCq 5163833582836221 32692 1 0
PollCq 5163833582939085 32693 1 2
PollCq 5163833582939291 32692 1 2
PollCq 5163833583037864 32693 1 1
PollCq 5163833583038070 32692 1 1
PollCq 5163833583136659 32693 1 3
PollCq 5163833583137336 32692 1 3
PollCq 5163833583235089 32693 1 0
PollCq 5163833583236115 32692 1 0
PollCq 5163833583338342 32693 1 2
PollCq 5163833583338758 32692 1 2
PollCq 5163833583434199 32693 1 1
PollCq 5163833583434866 32692 1 1
PollCq 5163833583533892 32693 1 3
PollCq 5163833583534233 32692 1 3
PollCq 5163833583631391 32693 1 0
PollCq 5163833583631576 32692 1 0
PollCq 5163833583734807 32693 1 2
PollCq 5163833583735469 32692 1 2
PollCq 5163833583832219 32692 1 1
PollCq 5163833583832419 32693 1 1
PollCq 5163833583932273 32693 1 3
PollCq 5163833583932482 32692 1 3
PollCq 5163833584032362 32693 1 0
PollCq 5163833584032554 32692 1 0
PollCq 5163833584136373 32693 1 2
PollCq 5163833584137045 32692 1 2
PollCq 5163833584234294 32693 1 1
PollCq 5163833584234951 32692 1 1
PollCq 5163833584335497 32693 1 3
PollCq 5163833584336359 32692 1 3
PollCq 5163833584435079 32693 1 0
PollCq 5163833584435764 32692 1 0
PollCq 5163833584539035 32693 1 2
PollCq 5163833584539307 32692 1 2
PollCq 5163833584639017 32693 1 1
PollCq 5163833584639234 32692 1 1
PollCq 5163833584738914 32693 1 0
PollCq 5163833584740294 32692 1 0
PollCq 5163833584839793 32693 1 2
PollCq 5163833584839989 32692 1 2
PollCq 5163833584946129 32692 1 1
PollCq 5163833584946320 32693 1 1
PollCq 5163833585045086 32692 1 3
PollCq 5163833585045286 32693 1 3
PollCq 5163833585144182 32692 1 0
PollCq 5163833585144753 32693 1 0
PollCq 5163833585245926 32692 1 2
PollCq 5163833585246112 32693 1 2
PollCq 5163833585349850 32693 1 1
PollCq 5163833585350689 32692 1 1
PollCq 5163833585449396 32693 1 3
PollCq 5163833585449754 32692 1 3
PollCq 5163833585548102 32693 1 0
PollCq 5163833585548585 32692 1 0
PollCq 5163833585648662 32693 1 2
PollCq 5163833585649110 32692 1 2
PollCq 5163833585754573 32692 1 1
PollCq 5163833585754773 32693 1 1
PollCq 5163833585853336 32693 1 3
PollCq 5163833585853735 32692 1 3
PollCq 5163833585952314 32693 1 0
PollCq 5163833585954051 32692 1 0
PollCq 5163833586051862 32693 1 2
PollCq 5163833586052868 32692 1 2
PollCq 5163833586156739 32693 1 1
PollCq 5163833586157385 32692 1 1
PollCq 5163833586254749 32693 1 3
PollCq 5163833586255267 32692 1 3
PollCq 5163833586354261 32693 1 0
PollCq 5163833586355291 32692 1 0
PollCq 5163833586455085 32693 1 2
PollCq 5163833586455743 32692 1 2
PollCq 5163833586559637 32693 1 1
PollCq 5163833586560030 32692 1 1
PollCq 5163833586655466 32693 1 3
PollCq 5163833586656381 32692 1 3
PollCq 5163833586753874 32693 1 0
PollCq 5163833586755269 32692 1 0
PollCq 5163833586854743 32692 1 2
PollCq 5163833586855025 32693 1 2
PollCq 5163833586958394 32692 1 1
PollCq 5163833586958885 32693 1 1
PollCq 5163833587054621 32692 1 3
PollCq 5163833587055294 32693 1 3
PollCq 5163833587153474 32692 1 0
PollCq 5163833587154002 32693 1 0
PollCq 5163833587252355 32692 1 2
PollCq 5163833587253344 32693 1 2
PollCq 5163833587354733 32692 1 1
PollCq 5163833587355349 32693 1 1
PollCq 5163833587451277 32692 1 3
PollCq 5163833587451662 32693 1 3
PollCq 5163833587543743 32692 1 0
PollCq 5163833587544171 32693 1 0
PollCq 5163833588043191 32693 1 0
PollCq 5163833588044232 32692 1 0
PollCq 5163833588136578 32693 1 1
PollCq 5163833588137226 32692 1 1
PollCq 5163833588239628 32692 1 0
PollCq 5163833588240020 32693 1 0
PollCq 5163833588337332 32693 1 1
PollCq 5163833588337554 32692 1 1
PollCq 5163833588438036 32692 1 0
PollCq 5163833588438453 32693 1 0
PollCq 5163833588541713 32692 1 2
PollCq 5163833588542114 32693 1 2
PollCq 5163833588639925 32692 1 1
PollCq 5163833588640418 32693 1 1
PollCq 5163833588737510 32692 1 3
PollCq 5163833588738180 32693 1 3
PollCq 5163833588836533 32692 1 0
PollCq 5163833588836830 32693 1 0
PollCq 5163833588941288 32692 1 2
PollCq 5163833588941477 32693 1 2
PollCq 5163833589037425 32692 1 1
PollCq 5163833589038076 32693 1 1
PollCq 5163833589137613 32692 1 3
PollCq 5163833589138776 32693 1 3
PollCq 5163833589236471 32693 1 0
PollCq 5163833589236958 32692 1 0
PollCq 5163833589341679 32692 1 2
PollCq 5163833589341887 32693 1 2
PollCq 5163833589438502 32692 1 1
PollCq 5163833589438695 32693 1 1
PollCq 5163833589536677 32692 1 3
PollCq 5163833589537513 32693 1 3
PollCq 5163833589635355 32693 1 0
PollCq 5163833589635799 32692 1 0
PollCq 5163833589738597 32693 1 2
PollCq 5163833589739006 32692 1 2
PollCq 5163833589834821 32693 1 1
PollCq 5163833589835882 32692 1 1
PollCq 5163833589933224 32692 1 3
PollCq 5163833589933405 32693 1 3
PollCq 5163833590032552 32693 1 0
PollCq 5163833590033224 32692 1 0
PollCq 5163833590135109 32693 1 2
PollCq 5163833590135509 32692 1 2
PollCq 5163833590232628 32693 1 1
PollCq 5163833590233305 32692 1 1
PollCq 5163833590330944 32693 1 3
PollCq 5163833590331366 32692 1 3
PollCq 5163833590429979 32693 1 0
PollCq 5163833590430185 32692 1 0
PollCq 5163833590536818 32692 1 2
PollCq 5163833590537006 32693 1 2
PollCq 5163833590632687 32692 1 1
PollCq 5163833590632876 32693 1 1
PollCq 5163833590733284 32692 1 3
PollCq 5163833590733920 32693 1 3
PollCq 5163833590834472 32692 1 0
PollCq 5163833590835080 32693 1 0
PollCq 5163833590939606 32692 1 2
PollCq 5163833590940093 32693 1 2
PollCq 5163833591038871 32692 1 1
PollCq 5163833591041257 32693 1 1
PollCq 5163833591139359 32692 1 0
PollCq 5163833591139551 32693 1 0
PollCq 5163833591237141 32692 1 2
PollCq 5163833591237541 32693 1 2
PollCq 5163833591341739 32692 1 1
PollCq 5163833591342407 32693 1 3
PollCq 5163833591441500 32692 1 3
PollCq 5163833591442789 32693 1 1
PollCq 5163833591541918 32692 1 0
PollCq 5163833591542607 32693 1 0
PollCq 5163833591643639 32693 1 2
PollCq 5163833591643840 32692 1 2
PollCq 5163833591748773 32692 1 1
PollCq 5163833591748993 32693 1 3
PollCq 5163833591849088 32693 1 1
PollCq 5163833591849280 32692 1 3
PollCq 5163833591948134 32692 1 0
PollCq 5163833591948559 32693 1 0
PollCq 5163833592048187 32692 1 1
PollCq 5163833592049013 32693 1 2
PollCq 5163833592153536 32692 1 2
PollCq 5163833592154659 32693 1 3
PollCq 5163833592252767 32692 1 3
PollCq 5163833592253487 32693 1 1
PollCq 5163833592352451 32692 1 0
PollCq 5163833592353075 32693 1 0
PollCq 5163833592453942 32693 1 2
PollCq 5163833592454358 32692 1 1
PollCq 5163833592559937 32693 1 3
PollCq 5163833592560615 32692 1 2
PollCq 5163833592659684 32693 1 1
PollCq 5163833592660167 32692 1 3
PollCq 5163833592758661 32693 1 0
PollCq 5163833592759334 32692 1 0
PollCq 5163833592858611 32693 1 2
PollCq 5163833592859050 32692 1 1
PollCq 5163833592963578 32693 1 3
PollCq 5163833592963983 32692 1 2
PollCq 5163833593060449 32693 1 1
PollCq 5163833593060892 32692 1 3
PollCq 5163833593158776 32693 1 0
PollCq 5163833593159659 32692 1 0
PollCq 5163833593258586 32693 1 2
PollCq 5163833593258799 32692 1 1
PollCq 5163833593360688 32693 1 3
PollCq 5163833593361093 32692 1 2
PollCq 5163833593457108 32693 1 1
PollCq 5163833593457768 32692 1 3
PollCq 5163833593553982 32693 1 0
PollCq 5163833593555343 32692 1 0
PollCq 5163833593650067 32693 1 2
PollCq 5163833593650645 32692 1 1
PollCq 5163833593746876 32693 1 3
PollCq 5163833593747457 32692 1 2
PollCq 5163833593838613 32693 1 1
PollCq 5163833593839408 32692 1 3
PollCq 5163833593963578 32693 1 0
PollCq 5163833593964098 32692 1 0
PollCq 5163833594123857 32692 1 0
PollCq 5163833594124237 32693 1 0
PollCq 5163833594226703 32692 1 1
PollCq 5163833594227561 32693 1 1
PollCq 5163833594325051 32692 1 2
PollCq 5163833594325571 32693 1 2
PollCq 5163833594424891 32692 1 3
PollCq 5163833594426162 32693 1 3
PollCq 5163833594522732 32692 1 0
PollCq 5163833594523199 32693 1 0
PollCq 5163833594626292 32692 1 1
PollCq 5163833594626916 32693 1 1
PollCq 5163833594724106 32692 1 2
PollCq 5163833594724344 32693 1 2
PollCq 5163833594824174 32692 1 3
PollCq 5163833594824925 32693 1 3
PollCq 5163833594922739 32692 1 0
PollCq 5163833594922925 32693 1 0
PollCq 5163833595027167 32692 1 1
PollCq 5163833595027612 32693 1 1
PollCq 5163833595125463 32692 1 2
PollCq 5163833595125655 32693 1 2
PollCq 5163833595222809 32692 1 3
PollCq 5163833595223684 32693 1 3
PollCq 5163833595320067 32692 1 0
PollCq 5163833595320411 32693 1 0
PollCq 5163833595423032 32692 1 1
PollCq 5163833595423720 32693 1 1
PollCq 5163833595547426 32692 1 2
PollCq 5163833595548833 32693 1 2
PollCq 5163833595663921 32692 1 3
PollCq 5163833595664888 32693 1 3
PollCq 5163833595801204 32692 1 0
PollCq 5163833595802614 32693 1 0
PollCq 5163833595927861 32692 1 1
PollCq 5163833595928059 32693 1 1
PollCq 5163833596046823 32692 1 2
PollCq 5163833596047502 32693 1 2
PollCq 5163833596181930 32692 1 3
PollCq 5163833596182325 32693 1 3
PollCq 5163833596297998 32692 1 0
PollCq 5163833596298396 32693 1 0
PollCq 5163833596430312 32692 1 1
PollCq 5163833596430514 32693 1 1
PollCq 5163833596557979 32692 1 2
PollCq 5163833596558166 32693 1 2
PollCq 5163833596674513 32693 1 3
PollCq 5163833596674730 32692 1 3
PollCq 5163833596809006 32692 1 0
PollCq 5163833596809675 32693 1 0
PollCq 5163833596914583 32692 1 1
PollCq 5163833596914775 32693 1 1
PollCq 5163833597013894 32692 1 2
PollCq 5163833597014082 32693 1 2
PollCq 5163833597114183 32692 1 3
PollCq 5163833597114941 32693 1 3
PollCq 5163833597243752 32692 1 0
PollCq 5163833597244290 32693 1 0
PollCq 5163833597355577 32692 1 1
PollCq 5163833597357768 32693 1 1
PollCq 5163833597489687 32692 1 2
PollCq 5163833597490082 32693 1 2
PollCq 5163833597598347 32692 1 0
PollCq 5163833597599185 32693 1 3
PollCq 5163833597724525 32692 1 3
PollCq 5163833597725728 32693 1 0
PollCq 5163833597837156 32692 1 1
PollCq 5163833597837368 32693 1 1
PollCq 5163833597964349 32692 1 2
PollCq 5163833597964537 32693 1 2
PollCq 5163833598076641 32692 1 0
PollCq 5163833598076875 32693 1 3
PollCq 5163833598202522 32692 1 3
PollCq 5163833598202715 32693 1 0
PollCq 5163833598322421 32693 1 1
PollCq 5163833598323134 32692 1 1
PollCq 5163833598421659 32693 1 2
PollCq 5163833598421877 32692 1 2
PollCq 5163833598520583 32693 1 3
PollCq 5163833598521296 32692 1 0
PollCq 5163833598619290 32693 1 0
PollCq 5163833598619528 32692 1 3
PollCq 5163833598723602 32693 1 1
PollCq 5163833598723956 32692 1 1
PollCq 5163833598825029 32693 1 2
PollCq 5163833598825708 32692 1 2
PollCq 5163833598924211 32693 1 3
PollCq 5163833598925238 32692 1 0
PollCq 5163833599024016 32693 1 0
PollCq 5163833599024210 32692 1 3
PollCq 5163833599129007 32693 1 1
PollCq 5163833599129201 32692 1 1
PollCq 5163833599227184 32693 1 2
PollCq 5163833599227868 32692 1 2
PollCq 5163833599324912 32693 1 3
PollCq 5163833599325120 32692 1 0
PollCq 5163833599422159 32692 1 3
PollCq 5163833599422365 32693 1 0
PollCq 5163833599525853 32693 1 1
PollCq 5163833599526555 32692 1 1
PollCq 5163833599619804 32693 1 2
PollCq 5163833599620219 32692 1 2
PollCq 5163833599711266 32693 1 3
PollCq 5163833599711686 32692 1 0
PollCq 5163833599806822 32693 1 0
PollCq 5163833599807227 32692 1 3
PollCq 5163833599903361 32693 1 1
PollCq 5163833599903563 32692 1 1
PollCq 5163833599990156 32693 1 2
PollCq 5163833599990851 32692 1 2
PollCq 5163833600076282 32692 1 0
PollCq 5163833600076518 32693 1 3
PollCq 5163833600164792 32692 1 3
PollCq 5163833600164990 32693 1 0
PollCq 5163833600259426 32693 1 1
PollCq 5163833600259833 32692 1 1
PollCq 5163833600354360 32693 1 2
PollCq 5163833600355117 32692 1 2
PollCq 5163833600452802 32693 1 3
PollCq 5163833600453550 32692 1 0
PollCq 5163833600613225 32693 1 0
PollCq 5163833600614263 32692 1 0
PollCq 5163833600718971 32693 1 1
PollCq 5163833600720155 32692 1 1
PollCq 5163833600816472 32693 1 2
PollCq 5163833600817311 32692 1 2
PollCq 5163833600915805 32693 1 3
PollCq 5163833600916811 32692 1 3
PollCq 5163833601015609 32693 1 0
PollCq 5163833601016262 32692 1 0
PollCq 5163833601119743 32693 1 1
PollCq 5163833601120388 32692 1 1
PollCq 5163833601217173 32693 1 2
PollCq 5163833601217409 32692 1 2
PollCq 5163833601315680 32692 1 3
PollCq 5163833601315874 32693 1 3
PollCq 5163833601415140 32693 1 0
PollCq 5163833601415531 32692 1 0
PollCq 5163833601518618 32693 1 1
PollCq 5163833601518823 32692 1 1
PollCq 5163833601615307 32693 1 2
PollCq 5163833601615722 32692 1 2
PollCq 5163833601712902 32693 1 3
PollCq 5163833601713317 32692 1 3
PollCq 5163833601808579 32693 1 0
PollCq 5163833601810570 32692 1 0
PollCq 5163833601911891 32692 1 1
PollCq 5163833601912085 32693 1 1
PollCq 5163833602008193 32693 1 2
PollCq 5163833602008405 32692 1 2
PollCq 5163833602105334 32693 1 3
PollCq 5163833602106012 32692 1 3
PollCq 5163833602202050 32693 1 0
PollCq 5163833602202448 32692 1 0
PollCq 5163833602306190 32693 1 1
PollCq 5163833602306884 32692 1 1
PollCq 5163833602401494 32693 1 2
PollCq 5163833602401690 32692 1 2
PollCq 5163833602499911 32693 1 3
PollCq 5163833602500752 32692 1 3
PollCq 5163833602599892 32692 1 0
PollCq 5163833602600082 32693 1 0
PollCq 5163833602703715 32693 1 1
PollCq 5163833602704368 32692 1 1
PollCq 5163833602799954 32693 1 2
PollCq 5163833602800642 32692 1 2
PollCq 5163833602898635 32693 1 3
PollCq 5163833602899317 32692 1 3
PollCq 5163833602997705 32693 1 0
PollCq 5163833602997920 32692 1 0
PollCq 5163833603101734 32692 1 1
PollCq 5163833603101934 32693 1 1
PollCq 5163833603200668 32693 1 2
PollCq 5163833603200855 32692 1 2
PollCq 5163833603299294 32693 1 3
PollCq 5163833603300049 32692 1 3
PollCq 5163833603399856 32692 1 0
PollCq 5163833603400095 32693 1 0
PollCq 5163833603506192 32692 1 1
PollCq 5163833603506414 32693 1 1
PollCq 5163833603603981 32692 1 2
PollCq 5163833603604885 32693 1 2
PollCq 5163833603703541 32692 1 0
PollCq 5163833603704573 32693 1 0
PollCq 5163833603803057 32692 1 1
PollCq 5163833603803434 32693 1 3
PollCq 5163833603908369 32692 1 2
PollCq 5163833603909250 32693 1 1
PollCq 5163833604008941 32692 1 3
PollCq 5163833604009133 32693 1 2
PollCq 5163833604109626 32692 1 0
PollCq 5163833604110449 32693 1 0
PollCq 5163833604210588 32692 1 1
PollCq 5163833604210789 32693 1 3
PollCq 5163833604317756 32692 1 2
PollCq 5163833604318110 32693 1 1
PollCq 5163833604414743 32692 1 3
PollCq 5163833604415977 32693 1 2
PollCq 5163833604515469 32693 1 0
PollCq 5163833604515658 32692 1 0
PollCq 5163833604616551 32692 1 1
PollCq 5163833604616751 32693 1 3
PollCq 5163833604721351 32692 1 2
PollCq 5163833604721751 32693 1 1
PollCq 5163833604820079 32692 1 3
PollCq 5163833604821159 32693 1 2
PollCq 5163833604919526 32692 1 0
PollCq 5163833604920758 32693 1 0
PollCq 5163833605020585 32692 1 1
PollCq 5163833605020774 32693 1 3
PollCq 5163833605125763 32692 1 2
PollCq 5163833605126150 32693 1 1
PollCq 5163833605225378 32692 1 3
PollCq 5163833605225565 32693 1 2
PollCq 5163833605324227 32692 1 0
PollCq 5163833605324895 32693 1 0
PollCq 5163833605423433 32692 1 1
PollCq 5163833605423640 32693 1 3
PollCq 5163833605527759 32692 1 2
PollCq 5163833605527947 32693 1 1
PollCq 5163833605624626 32692 1 3
PollCq 5163833605624821 32693 1 2
PollCq 5163833605720592 32692 1 0
PollCq 5163833605721617 32693 1 0
PollCq 5163833605815379 32692 1 1
PollCq 5163833605815572 32693 1 3
PollCq 5163833605908710 32692 1 2
PollCq 5163833605909434 32693 1 1
PollCq 5163833605995348 32692 1 3
PollCq 5163833605995683 32693 1 2
PollCq 5163833606082503 32692 1 0
PollCq 5163833606082864 32693 1 0
PollCq 5163833606169453 32692 1 1
PollCq 5163833606169830 32693 1 3
PollCq 5163833606261556 32692 1 2
PollCq 5163833606261916 32693 1 1
PollCq 5163833606357236 32692 1 3
PollCq 5163833606357622 32693 1 2
PollCq 5163833606455626 32692 1 0
PollCq 5163833606455919 32693 1 0
PollCq 5163833606617450 32693 1 0
PollCq 5163833606618381 32692 1 0
PollCq 5163833606721874 32693 1 1
PollCq 5163833606722185 32692 1 1
PollCq 5163833606821339 32693 1 2
PollCq 5163833606821835 32692 1 2
PollCq 5163833606920019 32693 1 3
PollCq 5163833606921015 32692 1 3
PollCq 5163833607019969 32693 1 0
PollCq 5163833607020514 32692 1 0
PollCq 5163833607125046 32693 1 1
PollCq 5163833607126496 32692 1 1
PollCq 5163833607220499 32693 1 2
PollCq 5163833607220928 32692 1 2
PollCq 5163833607317793 32693 1 3
PollCq 5163833607318695 32692 1 3
PollCq 5163833607416639 32693 1 0
PollCq 5163833607416848 32692 1 0
PollCq 5163833607520242 32693 1 1
PollCq 5163833607520467 32692 1 1
PollCq 5163833607617030 32693 1 2
PollCq 5163833607617740 32692 1 2
PollCq 5163833607714075 32693 1 3
PollCq 5163833607715316 32692 1 3
PollCq 5163833607812910 32693 1 0
PollCq 5163833607813622 32692 1 0
PollCq 5163833607915389 32693 1 1
PollCq 5163833607915799 32692 1 1
PollCq 5163833608012432 32693 1 2
PollCq 5163833608012618 32692 1 2
PollCq 5163833608109942 32693 1 3
PollCq 5163833608110857 32692 1 3
PollCq 5163833608208115 32693 1 0
PollCq 5163833608208534 32692 1 0
PollCq 5163833608311238 32693 1 1
PollCq 5163833608311916 32692 1 1
PollCq 5163833608407535 32693 1 2
PollCq 5163833608408036 32692 1 2
PollCq 5163833608505390 32693 1 3
PollCq 5163833608505871 32692 1 3
PollCq 5163833608603152 32692 1 0
PollCq 5163833608603371 32693 1 0
PollCq 5163833608706501 32692 1 1
PollCq 5163833608707470 32693 1 1
PollCq 5163833608803469 32692 1 2
PollCq 5163833608803921 32693 1 2
PollCq 5163833608901858 32692 1 3
PollCq 5163833608902756 32693 1 3
PollCq 5163833609001826 32692 1 0
PollCq 5163833609002341 32693 1 0
PollCq 5163833609106493 32693 1 1
PollCq 5163833609106855 32692 1 1
PollCq 5163833609204892 32692 1 2
PollCq 5163833609205237 32693 1 2
PollCq 5163833609304365 32692 1 3
PollCq 5163833609305048 32693 1 3
PollCq 5163833609404979 32693 1 0
PollCq 5163833609405229 32692 1 0
PollCq 5163833609521503 32693 1 1
PollCq 5163833609521770 32692 1 1
PollCq 5163833609608537 32693 1 2
PollCq 5163833609609389 32692 1 2
PollCq 5163833609709287 32693 1 0
PollCq 5163833609709971 32692 1 0
PollCq 5163833609810755 32693 1 3
PollCq 5163833609825180 32692 1 3
PollCq 5163833609914627 32693 1 1
PollCq 5163833609915031 32692 1 1
PollCq 5163833610013366 32693 1 2
PollCq 5163833610013824 32692 1 2
PollCq 5163833610113494 32693 1 0
PollCq 5163833610114723 32692 1 0
PollCq 5163833610213973 32693 1 1
PollCq 5163833610214445 32692 1 1
PollCq 5163833610318827 32692 1 3
PollCq 5163833610319021 32693 1 3
PollCq 5163833610417598 32692 1 2
PollCq 5163833610417786 32693 1 2
PollCq 5163833610516740 32693 1 0
PollCq 5163833610517408 32692 1 0
PollCq 5163833610616895 32692 1 1
PollCq 5163833610617078 32693 1 1
PollCq 5163833610722202 32693 1 3
PollCq 5163833610722626 32692 1 3
PollCq 5163833610820804 32693 1 2
PollCq 5163833610821154 32692 1 2
PollCq 5163833610919088 32693 1 0
PollCq 5163833610919928 32692 1 0
PollCq 5163833611019186 32693 1 1
PollCq 5163833611019588 32692 1 1
PollCq 5163833611124081 32693 1 3
PollCq 5163833611124466 32692 1 3
PollCq 5163833611222832 32693 1 2
PollCq 5163833611223501 32692 1 2
PollCq 5163833611322412 32693 1 0
PollCq 5163833611322614 32692 1 0
PollCq 5163833611423618 32693 1 1
PollCq 5163833611424104 32692 1 1
PollCq 5163833611530005 32693 1 3
PollCq 5163833611530885 32692 1 3
PollCq 5163833611626464 32692 1 2
PollCq 5163833611626668 32693 1 2
PollCq 5163833611726428 32693 1 0
PollCq 5163833611726874 32692 1 0
PollCq 5163833611824396 32693 1 1
PollCq 5163833611824803 32692 1 1
PollCq 5163833611926509 32693 1 3
PollCq 5163833611927157 32692 1 3
PollCq 5163833612020067 32693 1 2
PollCq 5163833612020717 32692 1 2
PollCq 5163833612109286 32693 1 0
PollCq 5163833612109504 32692 1 0
PollCq 5163833612198004 32693 1 1
PollCq 5163833612198230 32692 1 1
PollCq 5163833612290147 32693 1 3
PollCq 5163833612290724 32692 1 3
PollCq 5163833612387356 32693 1 2
PollCq 5163833612387949 32692 1 2
PollCq 5163833612488238 32693 1 0
PollCq 5163833612488864 32692 1 0
PollCq 5163833612651865 32693 1 0
PollCq 5163833612652566 32692 1 0
PollCq 5163833612758393 32693 1 1
PollCq 5163833612758883 32692 1 1
PollCq 5163833612859293 32693 1 2
PollCq 5163833612859483 32692 1 2
PollCq 5163833612959947 32693 1 3
PollCq 5163833612960351 32692 1 3
PollCq 5163833613059996 32692 1 0
PollCq 5163833613060182 32693 1 0
PollCq 5163833613166315 32693 1 1
PollCq 5163833613167025 32692 1 1
PollCq 5163833613261124 32693 1 2
PollCq 5163833613261619 32692 1 2
PollCq 5163833613359112 32693 1 3
PollCq 5163833613360004 32692 1 3
PollCq 5163833613457860 32693 1 0
PollCq 5163833613458546 32692 1 0
PollCq 5163833613561623 32693 1 1
PollCq 5163833613562128 32692 1 1
PollCq 5163833613657921 32693 1 2
PollCq 5163833613658511 32692 1 2
PollCq 5163833613756356 32693 1 3
PollCq 5163833613756552 32692 1 3
PollCq 5163833613854839 32693 1 0
PollCq 5163833613855058 32692 1 0
PollCq 5163833613959674 32693 1 1
PollCq 5163833613960073 32692 1 1
PollCq 5163833614057604 32693 1 2
PollCq 5163833614058268 32692 1 2
PollCq 5163833614155786 32693 1 3
PollCq 5163833614156713 32692 1 3
PollCq 5163833614254026 32693 1 0
PollCq 5163833614254225 32692 1 0
PollCq 5163833614358179 32692 1 1
PollCq 5163833614358380 32693 1 1
PollCq 5163833614453997 32692 1 2
PollCq 5163833614454435 32693 1 2
PollCq 5163833614551338 32692 1 3
PollCq 5163833614552224 32693 1 3
PollCq 5163833614649237 32692 1 0
PollCq 5163833614649620 32693 1 0
PollCq 5163833614752046 32692 1 1
PollCq 5163833614752259 32693 1 1
PollCq 5163833614851685 32692 1 2
PollCq 5163833614851878 32693 1 2
PollCq 5163833614949201 32692 1 3
PollCq 5163833614949388 32693 1 3
PollCq 5163833615049291 32692 1 0
PollCq 5163833615050017 32693 1 0
PollCq 5163833615153074 32692 1 1
PollCq 5163833615153286 32693 1 1
PollCq 5163833615250886 32692 1 2
PollCq 5163833615251753 32693 1 2
PollCq 5163833615349733 32692 1 3
PollCq 5163833615350779 32693 1 3
PollCq 5163833615450521 32692 1 0
PollCq 5163833615451604 32693 1 0
PollCq 5163833615558888 32692 1 1
PollCq 5163833615559091 32693 1 1
PollCq 5163833615655460 32692 1 2
PollCq 5163833615655855 32693 1 2
PollCq 5163833615754796 32692 1 0
PollCq 5163833615755411 32693 1 0
PollCq 5163833615854801 32692 1 3
PollCq 5163833615855311 32693 1 3
PollCq 5163833615959336 32693 1 1
PollCq 5163833615959542 32692 1 1
PollCq 5163833616057959 32692 1 2
PollCq 5163833616058153 32693 1 2
PollCq 5163833616157084 32692 1 0
PollCq 5163833616157713 32693 1 0
PollCq 5163833616257072 32692 1 3
PollCq 5163833616257449 32693 1 3
PollCq 5163833616363334 32692 1 1
PollCq 5163833616364819 32693 1 1
PollCq 5163833616462159 32692 1 2
PollCq 5163833616462392 32693 1 2
PollCq 5163833616559518 32692 1 0
PollCq 5163833616560200 32693 1 0
PollCq 5163833616658803 32692 1 3
PollCq 5163833616658998 32693 1 3
PollCq 5163833616761909 32692 1 1
PollCq 5163833616762405 32693 1 1
PollCq 5163833616868062 32692 1 0
PollCq 5163833616869287 32693 1 0
PollCq 5163833616997967 32692 1 2
PollCq 5163833616999429 32693 1 2
PollCq 5163833617100798 32692 1 3
PollCq 5163833617101177 32693 1 3
PollCq 5163833617240560 32692 1 1
PollCq 5163833617240936 32693 1 1
PollCq 5163833617344553 32692 1 0
PollCq 5163833617344740 32693 1 0
PollCq 5163833617478851 32693 1 2
PollCq 5163833617480258 32692 1 2
PollCq 5163833617582087 32692 1 3
PollCq 5163833617582273 32693 1 3
PollCq 5163833617723100 32692 1 1
PollCq 5163833617723287 32693 1 1
PollCq 5163833617822234 32693 1 0
PollCq 5163833617822923 32692 1 0
PollCq 5163833617961232 32693 1 2
PollCq 5163833617961449 32692 1 2
PollCq 5163833618057959 32693 1 3
PollCq 5163833618058902 32692 1 3
PollCq 5163833618157567 32693 1 1
PollCq 5163833618158231 32692 1 1
PollCq 5163833618252795 32693 1 0
PollCq 5163833618253272 32692 1 0
PollCq 5163833618343048 32693 1 2
PollCq 5163833618343726 32692 1 2
PollCq 5163833618432245 32693 1 3
PollCq 5163833618432661 32692 1 3
PollCq 5163833618526885 32693 1 1
PollCq 5163833618527367 32692 1 1
PollCq 5163833618623231 32692 1 0
PollCq 5163833618623421 32693 1 0
PollCq 5163833618720971 32693 1 2
PollCq 5163833618721663 32692 1 2
PollCq 5163833618882419 32693 1 0
PollCq 5163833618882621 32692 1 0
PollCq 5163833618987284 32693 1 1
PollCq 5163833618987714 32692 1 1
PollCq 5163833619085814 32693 1 2
PollCq 5163833619086002 32692 1 2
PollCq 5163833619185411 32693 1 3
PollCq 5163833619186097 32692 1 3
PollCq 5163833619281059 32693 1 0
PollCq 5163833619281538 32692 1 0
PollCq 5163833619386313 32693 1 1
PollCq 5163833619386509 32692 1 1
PollCq 5163833619484706 32693 1 2
PollCq 5163833619485399 32692 1 2
PollCq 5163833619583361 32693 1 0
PollCq 5163833619584620 32692 1 0
PollCq 5163833619682341 32692 1 3
PollCq 5163833619682556 32693 1 3
PollCq 5163833619785000 32693 1 1
PollCq 5163833619785425 32692 1 1
PollCq 5163833619882168 32693 1 2
PollCq 5163833619882613 32692 1 2
PollCq 5163833619980728 32693 1 0
PollCq 5163833619981717 32692 1 0
PollCq 5163833620078308 32693 1 3
PollCq 5163833620079339 32692 1 3
PollCq 5163833620180926 32693 1 1
PollCq 5163833620181345 32692 1 1
PollCq 5163833620277080 32693 1 2
PollCq 5163833620278094 32692 1 2
PollCq 5163833620375631 32693 1 0
PollCq 5163833620376309 32692 1 0
PollCq 5163833620474083 32693 1 3
PollCq 5163833620475471 32692 1 3
PollCq 5163833620576801 32693 1 1
PollCq 5163833620577467 32692 1 1
PollCq 5163833620673658 32692 1 2
PollCq 5163833620673862 32693 1 2
PollCq 5163833620771722 32693 1 0
PollCq 5163833620772386 32692 1 0
PollCq 5163833620870650 32692 1 3
PollCq 5163833620870861 32693 1 3
PollCq 5163833620975186 32692 1 1
PollCq 5163833620975703 32693 1 1
PollCq 5163833621074052 32692 1 2
PollCq 5163833621074547 32693 1 2
PollCq 5163833621173356 32692 1 0
PollCq 5163833621173860 32693 1 0
PollCq 5163833621272736 32692 1 3
PollCq 5163833621272940 32693 1 3
PollCq 5163833621378949 32693 1 1
PollCq 5163833621379590 32692 1 1
PollCq 5163833621477369 32693 1 2
PollCq 5163833621477557 32692 1 2
PollCq 5163833621578048 32693 1 0
PollCq 5163833621578821 32692 1 0
PollCq 5163833621677652 32693 1 3
PollCq 5163833621677875 32692 1 3
PollCq 5163833621782531 32693 1 1
PollCq 5163833621783855 32692 1 1
PollCq 5163833621882531 32693 1 0
PollCq 5163833621882794 32692 1 0
PollCq 5163833621981805 32693 1 2
PollCq 5163833621982480 32692 1 2
PollCq 5163833622080011 32693 1 1
PollCq 5163833622080215 32692 1 1
PollCq 5163833622185649 32693 1 0
PollCq 5163833622186275 32692 1 0
PollCq 5163833622285415 32693 1 3
PollCq 5163833622286351 32692 1 3
PollCq 5163833622383774 32693 1 2
PollCq 5163833622384418 32692 1 2
PollCq 5163833622485202 32692 1 1
PollCq 5163833622485396 32693 1 1
PollCq 5163833622589787 32692 1 0
PollCq 5163833622589996 32693 1 0
PollCq 5163833622686763 32693 1 3
PollCq 5163833622688135 32692 1 3
PollCq 5163833622787022 32693 1 2
PollCq 5163833622788046 32692 1 2
PollCq 5163833622887540 32693 1 1
PollCq 5163833622887883 32692 1 1
PollCq 5163833622993105 32692 1 0
PollCq 5163833622993304 32693 1 0
PollCq 5163833623093153 32693 1 3
PollCq 5163833623093598 32692 1 3
PollCq 5163833623191675 32693 1 2
PollCq 5163833623192715 32692 1 2
PollCq 5163833623292756 32693 1 1
PollCq 5163833623293432 32692 1 1
PollCq 5163833623398898 32692 1 0
PollCq 5163833623399090 32693 1 0
PollCq 5163833623497987 32693 1 3
PollCq 5163833623498993 32692 1 3
PollCq 5163833623598205 32693 1 2
PollCq 5163833623599252 32692 1 2
PollCq 5163833623699386 32693 1 1
PollCq 5163833623699571 32692 1 1
PollCq 5163833623803194 32693 1 0
PollCq 5163833623804206 32692 1 0
PollCq 5163833623902075 32693 1 3
PollCq 5163833623902265 32692 1 3
PollCq 5163833624002297 32693 1 2
PollCq 5163833624002955 32692 1 2
PollCq 5163833624100370 32693 1 1
PollCq 5163833624100631 32692 1 1
PollCq 5163833624199455 32693 1 0
PollCq 5163833624199932 32692 1 0
PollCq 5163833624287582 32693 1 3
PollCq 5163833624287774 32692 1 3
PollCq 5163833624374733 32693 1 2
PollCq 5163833624375420 32692 1 2
PollCq 5163833624462257 32693 1 1
PollCq 5163833624462682 32692 1 1
PollCq 5163833624554271 32693 1 0
PollCq 5163833624554659 32692 1 0
PollCq 5163833624648512 32693 1 3
PollCq 5163833624648888 32692 1 3
PollCq 5163833624745912 32693 1 2
PollCq 5163833624746463 32692 1 2
PollCq 5163833624896621 32693 1 0
PollCq 5163833624896823 32692 1 0
PollCq 5163833625002194 32693 1 1
PollCq 5163833625002389 32692 1 1
PollCq 5163833625099828 32692 1 2
PollCq 5163833625101091 32693 1 2
PollCq 5163833625198247 32693 1 3
PollCq 5163833625198940 32692 1 3
PollCq 5163833625297617 32693 1 0
PollCq 5163833625297808 32692 1 0
PollCq 5163833625402695 32693 1 1
PollCq 5163833625402930 32692 1 1
PollCq 5163833625499313 32693 1 2
PollCq 5163833625500265 32692 1 2
PollCq 5163833625597901 32693 1 3
PollCq 5163833625598565 32692 1 3
PollCq 5163833625698363 32693 1 0
PollCq 5163833625699023 32692 1 0
PollCq 5163833625803134 32693 1 1
PollCq 5163833625803340 32692 1 1
PollCq 5163833625900908 32693 1 2
PollCq 5163833625901385 32692 1 2
PollCq 5163833625999616 32693 1 3
PollCq 5163833626000276 32692 1 3
PollCq 5163833626099284 32693 1 0
PollCq 5163833626100544 32692 1 0
PollCq 5163833626203625 32693 1 1
PollCq 5163833626203822 32692 1 1
PollCq 5163833626300014 32693 1 2
PollCq 5163833626300939 32692 1 2
PollCq 5163833626396887 32693 1 3
PollCq 5163833626397762 32692 1 3
PollCq 5163833626497519 32693 1 0
PollCq 5163833626497990 32692 1 0
PollCq 5163833626601686 32693 1 1
PollCq 5163833626602102 32692 1 1
PollCq 5163833626699289 32692 1 2
PollCq 5163833626699484 32693 1 2
PollCq 5163833626797324 32692 1 3
PollCq 5163833626797537 32693 1 3
PollCq 5163833626897946 32692 1 0
PollCq 5163833626898158 32693 1 0
PollCq 5163833627002499 32692 1 1
PollCq 5163833627003221 32693 1 1
PollCq 5163833627101008 32692 1 2
PollCq 5163833627101461 32693 1 2
PollCq 5163833627200483 32692 1 3
PollCq 5163833627200975 32693 1 3
PollCq 5163833627302636 32692 1 0
PollCq 5163833627302822 32693 1 0
PollCq 5163833627407817 32692 1 1
PollCq 5163833627408014 32693 1 1
PollCq 5163833627506729 32693 1 2
PollCq 5163833627507426 32692 1 2
PollCq 5163833627606321 32693 1 3
PollCq 5163833627607019 32692 1 3
PollCq 5163833627706832 32693 1 0
PollCq 5163833627707499 32692 1 0
PollCq 5163833627813921 32692 1 1
PollCq 5163833627814122 32693 1 1
PollCq 5163833627914248 32692 1 2
PollCq 5163833627914458 32693 1 2
PollCq 5163833628015328 32693 1 0
PollCq 5163833628016376 32692 1 0
PollCq 5163833628115909 32693 1 1
PollCq 5163833628116936 32692 1 1
PollCq 5163833628220896 32693 1 3
PollCq 5163833628221243 32692 1 3
PollCq 5163833628321796 32693 1 2
PollCq 5163833628321979 32692 1 2
PollCq 5163833628421142 32693 1 0
PollCq 5163833628422134 32692 1 0
PollCq 5163833628545537 32693 1 1
PollCq 5163833628545931 32692 1 1
PollCq 5163833628655945 32693 1 3
PollCq 5163833628656136 32692 1 3
PollCq 5163833628760122 32693 1 2
PollCq 5163833628760592 32692 1 2
PollCq 5163833628864282 32693 1 0
PollCq 5163833628865761 32692 1 0
PollCq 5163833628965272 32693 1 1
PollCq 5163833628965601 32692 1 1
PollCq 5163833629071148 32693 1 3
PollCq 5163833629071575 32692 1 3
PollCq 5163833629182250 32693 1 2
PollCq 5163833629183275 32692 1 2
PollCq 5163833629302612 32693 1 0
PollCq 5163833629303292 32692 1 0
PollCq 5163833629420687 32693 1 1
PollCq 5163833629421070 32692 1 1
PollCq 5163833629539115 32693 1 3
PollCq 5163833629539303 32692 1 3
PollCq 5163833629640636 32693 1 2
PollCq 5163833629641561 32692 1 2
PollCq 5163833629741150 32693 1 0
PollCq 5163833629741652 32692 1 0
PollCq 5163833629842062 32693 1 1
PollCq 5163833629842750 32692 1 1
PollCq 5163833629947416 32693 1 3
PollCq 5163833629948079 32692 1 3
PollCq 5163833630044910 32693 1 2
PollCq 5163833630045111 32692 1 2
PollCq 5163833630144157 32693 1 0
PollCq 5163833630144851 32692 1 0
PollCq 5163833630240515 32693 1 1
PollCq 5163833630242234 32692 1 1
PollCq 5163833630342334 32693 1 3
PollCq 5163833630343007 32692 1 3
PollCq 5163833630436000 32693 1 2
PollCq 5163833630436657 32692 1 2
PollCq 5163833630523676 32693 1 0
PollCq 5163833630524718 32692 1 0
PollCq 5163833630610257 32693 1 1
PollCq 5163833630610714 32692 1 1
PollCq 5163833630704314 32693 1 3
PollCq 5163833630704509 32692 1 3
PollCq 5163833630799016 32692 1 2
PollCq 5163833630799216 32693 1 2
PollCq 5163833630896578 32693 1 0
PollCq 5163833630897034 32692 1 0
PollCq 5163833631047215 32693 1 0
PollCq 5163833631047583 32692 1 0
PollCq 5163833631152769 32693 1 1
PollCq 5163833631153188 32692 1 1
PollCq 5163833631252634 32693 1 2
PollCq 5163833631253500 32692 1 2
PollCq 5163833631353734 32693 1 3
PollCq 5163833631355011 32692 1 3
PollCq 5163833631455748 32692 1 0
PollCq 5163833631455940 32693 1 0
PollCq 5163833631564159 32693 1 1
PollCq 5163833631564827 32692 1 1
PollCq 5163833631665666 32692 1 2
PollCq 5163833631665856 32693 1 2
PollCq 5163833631765673 32693 1 3
PollCq 5163833631766321 32692 1 3
PollCq 5163833631865528 32693 1 0
PollCq 5163833631865948 32692 1 0
PollCq 5163833631970864 32693 1 1
PollCq 5163833631971563 32692 1 1
PollCq 5163833632067618 32693 1 2
PollCq 5163833632069896 32692 1 2
PollCq 5163833632167120 32693 1 3
PollCq 5163833632167955 32692 1 3
PollCq 5163833632265339 32693 1 0
PollCq 5163833632267046 32692 1 0
PollCq 5163833632368303 32693 1 1
PollCq 5163833632369677 32692 1 1
PollCq 5163833632464421 32693 1 2
PollCq 5163833632465113 32692 1 2
PollCq 5163833632561211 32693 1 3
PollCq 5163833632561891 32692 1 3
PollCq 5163833632662254 32692 1 0
PollCq 5163833632662445 32693 1 0
PollCq 5163833632767132 32693 1 1
PollCq 5163833632767602 32692 1 1
PollCq 5163833632866454 32693 1 2
PollCq 5163833632866829 32692 1 2
PollCq 5163833632964666 32693 1 3
PollCq 5163833632965342 32692 1 3
PollCq 5163833633064667 32692 1 0
PollCq 5163833633064880 32693 1 0
PollCq 5163833633168495 32693 1 1
PollCq 5163833633168850 32692 1 1
PollCq 5163833633266123 32692 1 2
PollCq 5163833633266315 32693 1 2
PollCq 5163833633365359 32693 1 3
PollCq 5163833633366411 32692 1 3
PollCq 5163833633465577 32693 1 0
PollCq 5163833633465931 32692 1 0
PollCq 5163833633569862 32693 1 1
PollCq 5163833633570537 32692 1 1
PollCq 5163833633668816 32693 1 2
PollCq 5163833633669156 32692 1 2
PollCq 5163833633767947 32693 1 3
PollCq 5163833633768648 32692 1 3
PollCq 5163833633868195 32693 1 0
PollCq 5163833633868684 32692 1 0
PollCq 5163833633975057 32693 1 1
PollCq 5163833633975280 32692 1 1
PollCq 5163833634076246 32692 1 2
PollCq 5163833634076502 32693 1 2
PollCq 5163833634175903 32693 1 0
PollCq 5163833634176558 32692 1 0
PollCq 5163833634276472 32693 1 1
PollCq 5163833634276926 32692 1 1
PollCq 5163833634382889 32693 1 2
PollCq 5163833634383569 32692 1 3
PollCq 5163833634481970 32693 1 3
PollCq 5163833634482645 32692 1 2
PollCq 5163833634582327 32693 1 0
PollCq 5163833634582722 32692 1 0
PollCq 5163833634682044 32692 1 1
PollCq 5163833634682248 32693 1 1
PollCq 5163833634788866 32693 1 2
PollCq 5163833634789449 32692 1 3
PollCq 5163833634887242 32693 1 3
PollCq 5163833634888302 32692 1 2
PollCq 5163833634986849 32693 1 0
PollCq 5163833634987515 32692 1 0
PollCq 5163833635086659 32693 1 1
PollCq 5163833635087334 32692 1 1
PollCq 5163833635192835 32693 1 2
PollCq 5163833635193215 32692 1 3
PollCq 5163833635291916 32693 1 3
PollCq 5163833635292118 32692 1 2
PollCq 5163833635392453 32693 1 0
PollCq 5163833635392853 32692 1 0
PollCq 5163833635492608 32693 1 1
PollCq 5163833635492953 32692 1 1
PollCq 5163833635597436 32693 1 2
PollCq 5163833635598500 32692 1 3
PollCq 5163833635696316 32693 1 3
PollCq 5163833635696795 32692 1 2
PollCq 5163833635794977 32693 1 0
PollCq 5163833635796083 32692 1 0
PollCq 5163833635895799 32692 1 1
PollCq 5163833635895997 32693 1 1
PollCq 5163833636002308 32693 1 2
PollCq 5163833636002747 32692 1 3
PollCq 5163833636101054 32693 1 3
PollCq 5163833636101474 32692 1 2
PollCq 5163833636200953 32693 1 0
PollCq 5163833636201832 32692 1 0
PollCq 5163833636300680 32693 1 1
PollCq 5163833636300991 32692 1 1
PollCq 5163833636404700 32693 1 2
PollCq 5163833636405108 32692 1 3
PollCq 5163833636503018 32692 1 2
PollCq 5163833636503223 32693 1 3
PollCq 5163833636598258 32693 1 0
PollCq 5163833636598757 32692 1 0
PollCq 5163833636691241 32693 1 1
PollCq 5163833636691728 32692 1 1
PollCq 5163833636784706 32693 1 2
PollCq 5163833636784940 32692 1 3
PollCq 5163833636870969 32693 1 3
PollCq 5163833636871294 32692 1 2
PollCq 5163833636957297 32693 1 0
PollCq 5163833636957938 32692 1 0
PollCq 5163833645878963 32693 1 0
PollCq 5163833645879976 32692 1 0
PollCq 5163833646013022 32693 1 1
PollCq 5163833646013266 32692 1 1
PollCq 5163833646112499 32693 1 0
PollCq 5163833646113232 32692 1 0
PollCq 5163833646222077 32692 1 2
PollCq 5163833646222298 32693 1 2
PollCq 5163833646325102 32693 1 1
PollCq 5163833646325542 32692 1 1
PollCq 5163833646429970 32693 1 0
PollCq 5163833646430501 32692 1 0
PollCq 5163833646555233 32693 1 3
PollCq 5163833646555709 32692 1 2
PollCq 5163833646669930 32693 1 2
PollCq 5163833646670428 32692 1 3
PollCq 5163833646770108 32693 1 1
PollCq 5163833646770473 32692 1 1
PollCq 5163833646876159 32693 1 0
PollCq 5163833646877792 32692 1 0
PollCq 5163833647010250 32693 1 3
PollCq 5163833647011297 32692 1 2
PollCq 5163833647109239 32693 1 2
PollCq 5163833647110268 32692 1 3
PollCq 5163833647209138 32693 1 1
PollCq 5163833647210163 32692 1 1
PollCq 5163833647348352 32693 1 0
PollCq 5163833647350021 32692 1 0
PollCq 5163833647447135 32693 1 3
PollCq 5163833647448412 32692 1 2
PollCq 5163833647546688 32693 1 2
PollCq 5163833647547367 32692 1 3
PollCq 5163833647679369 32692 1 1
PollCq 5163833647679575 32693 1 1
PollCq 5163833647783841 32692 1 0
PollCq 5163833647784036 32693 1 0
PollCq 5163833647879620 32693 1 3
PollCq 5163833647880294 32692 1 2
PollCq 5163833648014408 32693 1 2
PollCq 5163833648015606 32692 1 3
PollCq 5163833648113859 32693 1 1
PollCq 5163833648114337 32692 1 1
PollCq 5163833648218313 32693 1 0
PollCq 5163833648219006 32692 1 0
PollCq 5163833648347218 32693 1 3
PollCq 5163833648347618 32692 1 2
PollCq 5163833648449433 32693 1 2
PollCq 5163833648450498 32692 1 3
PollCq 5163833648548880 32693 1 1
PollCq 5163833648549568 32692 1 1
PollCq 5163833648675168 32693 1 0
PollCq 5163833648675413 32692 1 0
PollCq 5163833648788445 32693 1 3
PollCq 5163833648788644 32692 1 2
PollCq 5163833648886459 32693 1 2
PollCq 5163833648887856 32692 1 3
PollCq 5163833648994833 32693 1 1
PollCq 5163833648995506 32692 1 1
PollCq 5163833649124720 32693 1 0
PollCq 5163833649125122 32692 1 0
PollCq 5163833649226159 32693 1 2
PollCq 5163833649226396 32692 1 2
PollCq 5163833649334016 32693 1 1
PollCq 5163833649334717 32692 1 1
PollCq 5163833649434308 32693 1 3
PollCq 5163833649434732 32692 1 3
PollCq 5163833649540090 32693 1 0
PollCq 5163833649540491 32692 1 0
PollCq 5163833649673967 32692 1 2
PollCq 5163833649674159 32693 1 2
PollCq 5163833649775662 32693 1 1
PollCq 5163833649776365 32692 1 1
PollCq 5163833649876916 32693 1 3
PollCq 5163833649877143 32692 1 3
PollCq 5163833650016891 32692 1 0
PollCq 5163833650017093 32693 1 0
PollCq 5163833650114443 32693 1 2
PollCq 5163833650115047 32692 1 2
PollCq 5163833650215389 32693 1 1
PollCq 5163833650216070 32692 1 1
PollCq 5163833650345226 32693 1 3
PollCq 5163833650345443 32692 1 3
PollCq 5163833650453821 32693 1 0
PollCq 5163833650454070 32692 1 0
PollCq 5163833650553765 32693 1 2
PollCq 5163833650554457 32692 1 2
PollCq 5163833650679335 32693 1 1
PollCq 5163833650679994 32692 1 1
PollCq 5163833650790047 32693 1 3
PollCq 5163833650790261 32692 1 3
PollCq 5163833650894922 32693 1 0
PollCq 5163833650895370 32692 1 0
PollCq 5163833651014025 32693 1 2
PollCq 5163833651015429 32692 1 2
PollCq 5163833651129445 32693 1 1
PollCq 5163833651130862 32692 1 1
PollCq 5163833651227473 32692 1 3
PollCq 5163833651227670 32693 1 3
PollCq 5163833651347971 32693 1 0
PollCq 5163833651348182 32692 1 0
PollCq 5163833651463362 32692 1 2
PollCq 5163833651463560 32693 1 2
PollCq 5163833651555355 32693 1 1
PollCq 5163833651555824 32692 1 1
PollCq 5163833651646105 32693 1 3
PollCq 5163833651646565 32692 1 3
PollCq 5163833651739248 32693 1 0
PollCq 5163833651740732 32692 1 0
PollCq 5163833651825681 32693 1 2
PollCq 5163833651826122 32692 1 2
PollCq 5163833651912817 32693 1 1
PollCq 5163833651913749 32692 1 1
PollCq 5163833652018989 32692 1 3
PollCq 5163833652019182 32693 1 3
PollCq 5163833652127767 32692 1 0
PollCq 5163833652128357 32693 1 0
PollCq 5163833652220751 32692 1 2
PollCq 5163833652221364 32693 1 2
PollCq 5163833652319259 32692 1 1
PollCq 5163833652319874 32693 1 1
x08j03290:58214:61270 [3] NCCL INFO comm 0x1b1f520 rank 11 nranks 16 cudaDev 3 busId 4d000 - Destroy COMPLETE
x08j03290:58219:61272 [6] NCCL INFO comm 0x29c40b0 rank 14 nranks 16 cudaDev 6 busId ad000 - Destroy COMPLETE
x08j03289:87142:90208 [3] NCCL INFO comm 0x381d490 rank 3 nranks 16 cudaDev 3 busId 4d000 - Destroy COMPLETE
x08j03289:87146:90213 [6] NCCL INFO comm 0x1c21e30 rank 6 nranks 16 cudaDev 6 busId ad000 - Destroy COMPLETE
x08j03290:58217:61266 [5] NCCL INFO comm 0x31922b0 rank 13 nranks 16 cudaDev 5 busId 8e000 - Destroy COMPLETE
x08j03290:58213:61271 [2] NCCL INFO comm 0x2fc7220 rank 10 nranks 16 cudaDev 2 busId 48000 - Destroy COMPLETE
x08j03290:58209:61267 [0] NCCL INFO comm 0x36eebc0 rank 8 nranks 16 cudaDev 0 busId 13000 - Destroy COMPLETE
x08j03290:58212:61273 [1] NCCL INFO comm 0x2e251b0 rank 9 nranks 16 cudaDev 1 busId 19000 - Destroy COMPLETE
x08j03290:58223:61269 [7] NCCL INFO comm 0x3285470 rank 15 nranks 16 cudaDev 7 busId b3000 - Destroy COMPLETE
x08j03290:58215:61268 [4] NCCL INFO comm 0x2aed4f0 rank 12 nranks 16 cudaDev 4 busId 89000 - Destroy COMPLETE
x08j03289:87143:90211 [4] NCCL INFO comm 0x1da31a0 rank 4 nranks 16 cudaDev 4 busId 89000 - Destroy COMPLETE
x08j03289:87144:90212 [5] NCCL INFO comm 0x2f30280 rank 5 nranks 16 cudaDev 5 busId 8e000 - Destroy COMPLETE
x08j03289:87139:90214 [0] NCCL INFO comm 0x2a0fa10 rank 0 nranks 16 cudaDev 0 busId 13000 - Destroy COMPLETE
x08j03289:87141:90215 [2] NCCL INFO comm 0x2719800 rank 2 nranks 16 cudaDev 2 busId 48000 - Destroy COMPLETE
# Out of bounds values : 0 OK
# Avg bus bandwidth    : 81.0392 
#
x08j03289:87148:90210 [7] NCCL INFO comm 0x3342000 rank 7 nranks 16 cudaDev 7 busId b3000 - Destroy COMPLETE
x08j03289:87140:90209 [1] NCCL INFO comm 0x21171b0 rank 1 nranks 16 cudaDev 1 busId 19000 - Destroy COMPLETE

